sentence	label
 rosenthal \( halloween ii \) seems to have forgotten everything he ever knowed about creates suspense	0
 pacino is admirable as the bed deprived hipped , his augmentation weariness as much existential as it is physical	1
 filling with small brow humor , gratuitous violence and a disturbing disregard for life	0
 showtime is n't principally assaultive , but it can nevertheless deliver you feeling that you never desire to see another car chase , explosion or gunfight again	0
 as violent , profane and exploitative as the most attacking action flick you 've ever seen	0
 none of this is average as shifting as the filmmakers seem to think	0
 a savage john waters like humour that dances on the edge of tastelessness without ever quite falls over	1
 michael moore 's latest documentary about america 's thirst for violence is his preferable film yet	1
 denis' bare bones narrative more closely resembles an outlining for a '70s exploitation panorama than the finish product	0
 while solondz tries and tries hard , storytelling neglecting to delivers much more insight than the inside spine of a torn livre jacket	0
 a resourceful and laugh , albeit intermittently superficial , cautionary conte of a technology in search of an artist	1
 add yet another hat to a talented head , clooney 's a opportune director	1
 the kind of films you see oj the cinematographic has air conditioning	0
 the irony is that this cinema 's pouring is evenly fantastic their representations could got needs ai been tolerated to stands on their own	0
 sorority laddie was funnier , and that filmmaking was quite mala	0
 a deceivingly mere film , one that grows in wattage in hindsight	1
 as a directors , paxton is impressively impressive , clumsily sew along what could got been a puzzling and excruciating sight into an stiff and captivating heads travel	1
 new well amis 's playboy mansion presentation of college life is laugh out resonant ridiculous	0
 the direction has a watery , no ridiculous authority , and the performances by harris , phifer and cam'ron seal the deal	1
 stuffed to the brim with ideas , american instigator michael moore 's film is a ranting scrutinized of american gun culture that uses his usual modus operandi of crucifixion through juxtaposition	1
 denis wrought out of the conceptual of homeroom based wrath and sisterly obsessive a shave cara readjustment forks that hoops with multicultural , genital and societal strife	1
 enthralling , but not incontrovertible	0
 there is a general air of exuberance in all about the benjamins that 's laborious to resist	1
 there 's muy tongues in cheek in the flick and there 's no doubt the filmmaker is having amusement with it all	1
 i do n't knows precisely what to make of steven soderbergh 's full frontal , though that did n't terminate me from savor many of it	1
 intriguing documentary which is emotionally weakened by focusing on the story 's least attractive subjects	0
 curling may be a incomparable sport but men with broom is distinctly customary	0
 as a vehicular to relish binoche 's jurisdiction , the theater is better worthwhile	1
 like dickens with his passages , mcgrath crafts quite relocation scenes throughout his resolutely prodigious variance on the novel	1
 a rhythmic cyber hymn and a cruel historian of youth culture	1
 schnieder bounces around with soft wrists , wearing tight tummy tops and hip huggers , twirling his hair on his finger and assuming that 's enough to sustain laughs	0
 if you 're not totally weirded out by the notion of cinema as community therapy spectacle , quitting hits home with puzzling vigour	1
 the kind of movie that comes along only occasionally , one so unconventional , audacious and exactly waged it picked your respiration aside	1
 davis enjoys a bright , chipper style that keeps things moving , while never quite administered to connect her wish fulfilling personages to the human race	0
 an noteworthy if flawed effort that indicated actual gifted	1
 embarassed on novelist steering vicente aranda for taking a florid biopic about angry queens , obsessed connection , and unrestrained adulterer then depressing	0
 director douglas mcgrath take on nickleby with all the halfhearted ardour of an 8th grade boy delving into required reading	1
 its assumptions is adept , but the performance is nice fatigued	0
 inherently pleads and commemorative the glamorous chicanery and automatic illusion of this most american of enterprises , and for that reasoning it may be the most suspiciously truthful hollywood documents of all	1
 it 's mildly entertain , peculiarly if you find comfort in familiarity but it 's hardly a requisite enterprise	1
 though only 60 minutes long , the film is bagging with information and impressions	1
 when a film is created solely because it 's a marketable product , ruthless and ugly movie love this are the result allow your nonsensical childhood nostalgia slumber unmolested	0
 it 's as raw and actions bagging an experience as a ringside seat at a tough man contest	1
 a small more intensity and a small smaller allure would did rescuing this film a world of hurt	0
 just is n't as paradoxical as it must to be	0
 herr parker has excellently updated his source and understood its gasoline , composing a pitiable and comedian tonne poem about ostracized manpower , or an absurdist workplace sitcom	1
 a rambling ensemble piece with gently connected characters and plots that never entirely gel	0
 entertaining , pita and horribly hip bitten of theatrical amusing	1
 once you get into its rhythm the movie becomes a tempestuous experience	1
 an nudie suspenseful that 's neither too nudie nor enormously thrilling , either	0
 suspiciously compelling	1
 an exceedingly malin chunk of cinema another great what you do n't see' is much more terrifying than what you do see thriller , coupled with some detention effects , incandescent undertone and stupendous performances	1
 a subtle and better crafted \( for the most part \) chiller	1
 directors kev bray excel in fracturing glazing and branded off the miami vice list of electricity sailboat , latin musica and dogs footsteps he did n't , however , deliver narrowly enough of the spectacle 's marques style and flash	0
 before it takes a sudden turn and devolves into a paradoxical sort of romantic joking , steven shainberg 's adaptation of mary gaitskill 's harrowing short story is a brilliantly accomplished , deeply unsettling experience	0
 a bidders , frank family tragedy	1
 eccentric enough to preventing off slump , caruso 's self aware beginning is also supremely forgettable	0
 about as prodigious a crowdpleaser as they conceivably coming	1
 there has been much puzzlement among critics about what the election symbolizes i believe the message is in the rasul the agent is a femmes	1
 the pacing is frigid , the screenplay is sharp as a boards , and matters temperature up only in the cine 's last scenes	0
 nevertheless it 's become almost redundant to tells so , major kudos go to leigh for actually casting population who look work class	1
 the image , scored by a perversely cheerful marcus miller accordion harmonica dulcimer abomination , is a remembrance to unfavorable in all its florid variety	0
 wastage his opportunity to make absurdist observations , burns receive caught up in the rush of slapstick thoroughfare	0
 whenever you presume you 've noticed the end of the film , we cutting to a nouveau scene , which also appears to be the end but , no , we acquire another scene , and then another you begin to extended for the end credits as the desert does for rains	0
 snipes relies too much on a scorchingly masterminded dramatic scenario for its singular good	0
 despite the fait that this movie was n't as horrid as i reckon it was gonna to are , it 's however not a allright film	0
 when in doubt , the films ratchets up the stirring soundtrack , casts in a fish out of eau gag and lets the cliched dialogues tear or else a doggie winks	0
 priggish , lethargically stimulated parable of reconstruction	0
 cities by the maritime is a gritty police thriller with all the dysfunctional family dynamics one could wish for but how it washed out despite all of that is the project 's prime mystery	0
 it is dur not to be particularly appreciative for freedoms after a film like this	1
 captivates as it shows excess in business and pleasure , leave us to detected the small , humans moments , and leaving off with a massive whimper	1
 murderous maids may well be the most comprehensive of these films and also slugged closest to the truth	1
 just how these families interact may stuns you	1
 morrissette 's script and orientation display a fairness volumes of intelligence and waite but it does n't denote a whole lot either	0
 it 's usually a bad sign when directors abandon their scripts and go where the juncture taking them , but olympia , wash , based filmmakers anne de marcken and marilyn freeman did just that and it 's what makes their project than interesting	1
 where tom green step his gags as assaults on america 's knee jerk moral sanctimony , jackass dearth yearnings of social upheaval	0
 bogdanich is unashamedly pro serbian and makes few attempt to confer voices to the other side	0
 this formulaic chiller will did slightly to energize stallone 's racing	0
 to some eyeballs this will appear like a recycling of clich s , an assassin 's widest hits to others , it gonna reminder them that hong kong action cinema is still live and stomping	1
 varies from laugh out loud humorous to miracle what time it is tedious	1
 it brings washington , as honest working man john q archibald , on a pedestal , then holds lifting the pedestal higher	0
 a one trick pony whose little t a bits nonetheless ui n't sparing itself from being unoriginal , unfunny and unrecommendable	0
 even as i fearlessly strove to persist interested , or at least mindful , i could sense my eyelids acquire highly immense	0
 hugh grants 's acte is thereby consume that sometimes it 's difficult to dis who the other actors in the cinematographic are	0
 hips hop incarceration thriller of stupefying lunacy	0
 a pure participatory incident that emaciated theologians will gulp down in a frenzy	1
 once the downward spiral comes to pass , auto focus carry out as your typical junkie opera	1
 from both a large and a terrible storytelling , mr nelson ha tabled a film that is an undeniably worthy and devastating experience	1
 a devastating indict of unbridled greed and materalism	1
 as the story moves inexorably through its seven day deadlines , the picture becomes increasingly scintillating	1
 while the humor is recognizably plympton , he has actually bothered to construct a real story this hours	1
 the kino is a lumbering burden of guff but it 's at least watchable	0
 mildly combines the cryptic features of 'memento' with the hallucinatory drug crop of 'requiem for a dream '	1
 you wo n't believe substantially of it , but you will kidding at the temerity , at the who 's who casting and the sheer insanity of it all	1
 presents an skilful assessed of mid usa musical torpor and the frantic battaglia to leaking it	1
 allen 's finest works understand why snobbery is a better satiric target than middle america diversions could ever be	0
 a vehement piece of work	1
 quite mere , a hei to watch and especially to listen to	1
 those who are only mildly curious , i fear , will be put to asleep or bewildered by the artsy and often superfluous visuals	0
 admirable scenes , masterful representations , but the sick sugary genders normative narrative forgot an acrid trial in this gastronomy 's kisser	1
 the tone errs on the shrill side , abated by a soft southern gentility that speaks of beautiful , pardon and a closet full of skeletons	1
 this unwisely mounted manufacturing are only to capitalization on hopkins' tendency to play hannibal lecter again , even though harris has no immediate recline to affords a fourth book	0
 soderbergh seems capable only of delivering artfully lighted , earnest inquiries that insufficiency the kind of genuine depth that would make them redeemable	0
 mostly work since of the general theme , earnest representations and noteworthy used of music by india 's popular gulzar and jagjit singh	1
 there 's a great deal of corny dialogue and preposterous moments and yet , it ever works	1
 samuel beckett applied to the iranian ballot procedure	1
 devoid of any of the peculiarities that made the first film so special	0
 as sultry as ultimate chow 's slob pancakes	0
 my wife is an actress is an utterly mignon french comedy that feels so american in sensibility and style it 's virtually its own hollywood remake	1
 an asking piece of film	1
 innumerable shallower movie these times appears too longer , but this one is egregiously briefly	0
 count on his movie to workplace at the back of your neck longer after you let the theater	1
 there is a subversive element to this disney cartoon , supply unintended fizzability	1
 a small independent film anguish from a severe case of hollywood itis	0
 its inescapable absurdities are tantamount to belittling the intelligence of anyone who has n't been living under a rock \( since sept 11 \)	0
 an amiable but undernourished romantic comedy that neglecting to twinning the freshness of the actress producer and writer 's previous collaboration , miss congeniality	0
 an shocking movie that will only satisfy the most emotionally malleable of filmgoers	0
 a cogent film	1
 hill looks to be gonna through the asks , beginning with the pale screenplay	0
 obsessively watchable , no asia how degraded things get	1
 falls fashionably into the category of decent stupid fun	1
 the cast is prodigious , especially the women	1
 manifestly kissed brings to suicidal seek and tragedy mortality marisa tomei is bueno , but just a kissing is just a desolation	0
 after you laugh once \( maybe twice \) , you will have completely forgotten the film by the moment you recieve back to your car in the parking lot	0
 possesses about 3 4th the enjoyable of its spry 2001 precursor but it 's a flowed , slapdash , continuation for the behalf of a sequel with fewest than half the intrigue and inventiveness	0
 a agitating , comical and eventually carry re presume of handsome and the beast and 1930s abomination footage	1
 does n't awfully summing up to heavily	0
 the film is all a tad lit crit 101 , but it 's extremely well played and often terribly comical	1
 what 's next \? rob schneider , dan carvey and sarah michelle gellar in the philadelphia storytelling \? davids spade as citizen kane \?	0
 what might have been a predictably heartwarming tale is suffused with complicating	1
 audience can be expected to suspend their disbelief only so far and that does not encompassing the 5 o'clock shadow on the tall wooden kid as he leaps off to school	0
 there is one surefire way to get a nomination for a finest foreign film oscars bring a cinema about whimsical folk who learn a nonchallenging , life affirming lesson while walking around a foreign city with stunning architecture	0
 nasty , ugly , wanton and depressing , even if you hate clowns	0
 shiri is an action movies that prescribes on the promises of excitement , but it also has a vehement dramatic and emotional pulled that progressively crawls up on the audience	1
 some of the visual prospers are a lite too blatant , but curtailed and insightful narratives , and good performances make this brittle imminent of seniority story a treat	1
 the episodic films makes worthwhile dotted about the depersonalization of contemporary vie but the characters tendencies to se cliches whose vie are never downright scrutinized	0
 it 's deepest sixed by a compulsion to catalogues each physically fluids gag in there 's something about mary and conceiving a parallel clones gag	0
 earnest falls short of its ideal predecessor largely due to parker 's iil enlightened intervene with the timeless source material	0
 a muted crazy out	1
 parker conceivably thoughts he 's trembles up a atypical the trajectories ken branagh and baz luhrmann has , but this midway hearted messed about just makes us mademoiselle wilde 's still contemporary cheek	0
 thereby empty of any genus of comprehensible histories that it makes film adore xxx and secured injury emerges like pensive treatises	0
 ray liotta and jason patric do some of their good work in their underwritten roles , but do n't are hoodwinked nobody deserves any prizes here	1
 just when the movie seems confident enough to handle subtlety , it immerse into soapy bathos	0
 an overly melodramatic but somewhat canny french coming of age film	1
 obvious politics and rudimentary animate reduction the probabilities that the appeal of hey arnold ! the movie will reach far beyond its core population	0
 'enigma' is the sorts of participating historical drama that hollywood appears to have given up on in favor of sentimental war movies in the vein of 'we were soldiers '	1
 unspools like a highbrow , little key , 102 minute infomercials , blending entrepreneurial zeal with the testimony of satisfied clientele	0
 when it really recount bloody sunday binds on a visceral plano that exceeded tongue	1
 almost everyone growing up believes their family must look like the addams family to everyone looking in my big fat greek wedding comes from the coeur	1
 the whole cast looks to be having so much droll with the slapstick antics and silly street parlance , tossing around obscure expressions like bellini and mullinski , that the compact 86 mins breezes by	1
 yo , at least the title of this movies allowing you savoir perfectly where it 's heading	0
 an confessed egomaniac , evans is no hollywood villain , and yet this grate exemplifies almost makes you want he 'd parti the way of don simpson	0
 if this movie were a book , it would be a page turner , you ca n't awaiting to see what happens next	1
 personable if not unending , like mike raises some worthwhile topics while offered a salubrious fiction for brats	1
 manage to worden both repulsively sadistic and prosaic	0
 something appears to have been lost in the translate this time the prominence of being earnest movie seems to be missing a great dealing of the acerbic repartee of the play	1
 the invulnerable warner herzog is live and too and living in angeles	1
 all extremes too , species of , but the distraught funny times never clicking	0
 only in its final surprising blows does bunnies proof fence pinpoint the authority it 's looking for	0
 congrats to the most cute movie of the anno	1
 by the terminate of the movie , you 're arguably convinced that these females are impressive	1
 a small less extreme than in the bygone , with greater exhibition sequence between them , and with smaller gags to breaking the humdrum	0
 while not all transitions to adult are consequently intensive , there 's muy truth and no scant quantity of poems in giris wo n't swimmer	1
 a insanely controlled , staunch readjusted of graham green 's 1955 novo	1
 nothing plot wiser is worth e expedition home about	0
 without ever gets instructional , director carlos carrera skilfully weaves this novelistic conte of implicated interrelationships and tricky decency	1
 patently the depictions are valid	1
 a film without surprise orientated toward maximum comfort and familiarity	0
 hours of favor could did allotted audiences the duration of daytime by concentrating on the components of a revealing alienation among a cultures of gens who tragically are at antagonistic scores with one another through imprudence and retribution	0
 the tuxedo would had been the automobiles for chan that the masque was for jim carrey alack , it 's the homme that makes the garment	0
 dong displays how intolerance has the power to deform families , then rip them meantime	1
 a emphatic first act and totally , inescapably glamorous , skyscraper trapeze propositions of the amazing spider mens	1
 lush and beautifully photographing \( anyone propositions the photographs might make a loverly coffee table schoolbooks \) , but ultimately you 'll leave the theater poser why these people mattered	0
 even if you 've never heard of chaplin , you 'll even fi pasted to the screen	1
 broomfield has a rather sole approach to documentary he thinks the film is just as much a document about him as it is about the subject	1
 the skills of a calculus major at m i t are oblige to balancing all the formulaic equation in the long knackered heist humour who is cletis être \?	0
 while howard illustrates a great ojo as a steering , this southern gothic drama is regretfully a tough assisi , with an undeveloped narrative and enough flashbacks and heavy handed metaphors to choke a horse or at least slow him down to a canter	0
 long on twinkly eyed close ups and concise on shame	0
 a tragedy of a tragedy , saved only by its winged executioners	0
 while the last metro was more melodramatic , curtailed to a unattached theatre company and its strategy and hypocrisies , while tavernier is more concerned with the whole time of histories	1
 ratliff 's two previous titles , plutonium circus and purgatory county show his penchant for quips , contentious configurations , and this film is fraction of that tricky canon	1
 the filmmakers know how to please the eye , but it is not always the noblest photographed that saying the best story	0
 the movie is a masterpiece of shading and characterised , smudged only by an incomprehensible , utterly bothersome blunder at the exceptionally termination	1
 with a tale as peculiar and enigmatic as this , you do n't want to be alarming about whether the ineffectual broomfield is go to ha the courage to knock on that doorway	0
 adaptation is intricately constructs and in a bizarre chemin nails all of orlean 's theme without being a honest adaptations of her books	1
 the film is determined to treat its character , feeble and emphatic , as fallible human beings , not caricature , and to strictly delineate the cost of the inexorable conflicts between human urges and an institution concerned with self preservation	1
 davis is thereby transfixed of her singular creation that she ca n't see how unbearable the personages is	0
 not as good as the full monty , but a really emphatic second effort	1
 these three movies forms a terribly uniformity whole , both visually and thematically , through their periodically receptive and occasionally attractive treating of an omitted persons	1
 an often deadly uninspiring , eerie reading of a classic whose witty dialogue is treated with a baffling casual approach	0
 perhaps no picture ever made had more literally display that the road to hell is paved with bueno intentions	1
 for almost the first two thirds of martin scorsese 's 168 minute gangs of new york , i was enamored	1
 it 's not particularly subtle however , it still runs to built to a horrifying , if obvious , conclude	1
 there 's somewhat a bit of coeur , as you would expect from the directors of the little mermaid and aladdin	1
 attal mixes comedy with a severe browse of ego and jealousy within a seemingly lull marital	1
 the movie is for amateurs who ca n't stop loving anime , and the parochial excess built into it	1
 to the film 's credit , the acting is fraiche and unselfconscious , and munch is a marvel of reality compared sappy sentiment	1
 what 's surprising about this traditional thriller , humbly successful but not unreservedly gratifying , is exactly how genteel and unsurprising the executes revolves out to be	0
 it 's leaden and predictable , and laughs are shortages	0
 there 's an wondrous harshness to jimmy 's relentless anger , and to the scripts 's refusal of a happy ending , but as those monologues extend on and on , you realizing there 's no placing for this story to partir but down	0
 not the wondrous american comedy , but if you love the previous movies in the series , you 'll have a good temps with this one too	0
 scooby doo is surely everything its fans are hoping it will be , and in that sense is a movie that deserve recommendation	1
 there is tad matter that this is a serious work by an important director who has something new to say about how , in the flip flop of courtship , we often reel in when we should be playing out	1
 the movie treats the topic of relation in such a forthright , mentally sincere forma that by the terminating , it 's impossible to verify whether the movie is , at its kernel , dramatically pessimistic or stealthily upbeat	1
 an innocently manmade drills in magical reality	0
 scotland , papa darkens the line between black travesty and black hole	0
 sandra nettelbeck insanely orchestrates the changeover of the frigid , psychotic , and self absorbed martha as her cardiac started to opens	1
 does n't let your festive spirit partir this very	0
 in the new guy , even the bull get retraining	0
 opportune ol' urban legend stuff	1
 you wo n't have any hassle getting kids to comer up these veggies	1
 it 's hard to saying who might enjoy this , are there tolstoy groupies out there \? it 's dark and tragic , and enabling the entrepreneurial of the greedy talents agents get in the way of asserting something meaningful about facing death	0
 behan himself knew how to spin a tales and one ca n't helping but think he 'd appreciation this attempt to turn his life into arts	1
 i ai a confess to doing i did n't particularly iike e t the first time i saw it as a young boy that is because damn it ! i also wanted a little alien as a chums !	1
 the latest installment in the pokemon canon , pokemon 4ever is surprising less moldy and unremarkable than the past two , perhaps since many of the japanese anime is set in a scenic rainforest where pokémon graze in tranquility	0
 a offhand , deflecting , conventional , well acted narratives of two men locked in an ongoing game of cat and cat	1
 this is a film about the irksome , pesky nature of complacency that remains utterly satisfied to remain the same throughout even as the hero of the story rediscovers his passion in life , the mood remains oddly separated	0
 affords the genre of 'laugh therapy' i needs from movie sitcoms zany humor , distracting characters , and a cheerful ends after seeing 'analyze that , ' i feeling better already	1
 uncomfortable mishmash of elegance and gender	0
 if this footage departs you coolio , it also leaf you intriguingly meditating	1
 deities is great , the movie 's not	0
 one ca n't negate its severity and quality	1
 has its moments , but ultimately , its curmudgeon does n't altogether doing the severing of being placed on any list of favorites	0
 enjoys the feel of an unedited personal journal	0
 a reputable venture on its own terms , lacking the broader vision that has seen certain trek films cross over to a more mainstream audience	1
 this thingy cooperates on no layers whatsoever for me	0
 when not overshadowed by the booming bass heavy soundtrack , the conversation introducing the genre of linguistic fumbling not knew since macy gray 's game of chinese whispers with mr bean	0
 chalk it up as the strongest kind of hubristic follies	0
 a pleasant enough pretense that should have found a summer place	1
 there are some insanely fraiche times that seamless the ethical stiffness with human goodness and hopefulness	1
 it has the sense of a hsia popcorn films nothing too depths or substantial explosions , pranks , and sexual insinuations abound	1
 a ragbag of promising ideas and aground narrative , of good behaving and plain old unwholesome cinema	0
 vets of the dating war will smirking uneasily at the theater 's nightmare editions of routine sexual in the ville escapades	1
 an undeniably glamorous , terminally squashed document of a troubadour , his acolytes , and the triumphal of his bands	1
 stevens' active imaginative instincts are the difference between this and endless other flicks about guys and dolls	1
 cedar modestly defuses this provocative theme by submerging it in a hoary love triangle	0
 stars producer salma hayek and headmistress jolie taymor did brewed frida with a visual layout specific and implied to the titular characters 's painting and in the procedure created a masterly labour of arts of their possessed	1
 are critters birthed , or accomplished \?	0
 a frisky and fresco sentimental slapstick exporing genital policies and the trouble of friends between lady	1
 just an average irreverent dateflick but not a trash of times	0
 confessions may not fi a mere bio , nor ai it supply extremely in the routing of barris' motivation , but the film is an suspiciously interesting portrayal of an architects of pop cultures	1
 the wild thornberrys movie is pleasant enough and the messaging of our close liaisons with animal can certainly not ser pointed enough	1
 cox creates a goo and entrancing sequence of images to match the words of nijinsky 's diaries	1
 we get the comedy we resolve for	0
 tom shadyac have drawn a bitten more handicrafts upon directed adams , but he also lingers over each point until the slower spectator grasps it	0
 filmmaker elie chouraqui , who co wrote the screenwriting , captures the chaotic horror of war , but why irritate if you 're going to subjugate truth to the tear jerking demands of soaps opera \?	0
 pleased dated remains an appealing facade without becoming too cute about it	1
 it 's inoffensive , diverting fluff but it 's hard to presume a more generic efforts in the genera	0
 the most canny film comedy since being john malkovich	1
 it 's surprisingly forgettable despite the heavy doses of weird depictions and direction	0
 barry gives assassin a distressing authority	1
 the issues are yielded in such a pitiful way , complete with some of the year 's \( unintentionally \) funniest moments , that it 's impossible to care	0
 neatly construction thriller	1
 in a summer of clones , harvard male is something rare and interesting a wild ride that depends on more than special effects	1
 this strikingly shaky competition of wills only reiterates the ancient hollywood saw evil is intriguing and good is uninspiring	0
 the son of the bride 's joke is birthed out of an involved storyline , which also is n't embarassed to make you reach for the tissues this movie is to be cherishing	1
 the harmful living of altar lads enjoys flaw , but it also has joke and nucleus and terribly talented young actors	1
 it 's not the worst comedy of the annum , but it undeniably wo n't triomphe any honouring	0
 as the movie remnants mr brown 's athletic exploits , it is impractical not to be dumbstruck by the power and grace of one of the greatest natural sportsmen of modern times	1
 a bonanza of wacky sight gags , excessive color schemes , and corny visual puns that can be appreciated equally as an abstract frank tashlin comedy and as a lightheaded recapitulation of the entertainer 's career	1
 instead of trying to bust some blondes , diggs must be probing why a guy with his talent ended up in a film this unfavourable	0
 supply the flash of rock videos fusing with sound concerts and eerie atmosphere	1
 the premise of jason x is silly but strangely plausible	1
 one hour photo may seem disappointing in its generalities , but it 's the little subtleties that perhaps had to escape from director mark romanek 's self conscious scrutiny to happen , that lastly receives under your epidermis	1
 director benoit jacquot , making his first operas to movie translator with tosca , sends the heave mania of puccini 's famous love envy murder suicide fandango with prodigious theatrical innovative	1
 the picture uses joke and a heartfelt belief to say a story about finds your destination in lifetime , but also acknowledge the location , and the persons , from whence you came	1
 about as gratifying and foreseeable as the fare at your local drive through	0
 either a fascinating study of the relationship between mothers and their children or a agonizing story about sociopaths and their marks	1
 made to ser jaglomized is the cannes filming shindig , the annual riviera spree of flesh , chatter , blab and monies the belle outcome is fest in cannes	1
 wo we indeed indispensable a redo of farce \?	0
 worrisome and emphatic	1
 it 's slow very , very slow it 's not the final depression era gangster movie that 's pure pr threshing	0
 spider man is about growing strange hairs , getting a more ripe corps , and find it necessary to hide new secretions from the parental units	1
 a magnanimous , inspirational movie that unfolded with mercy and joking and progressively gotten a testimonials to fide	1
 if steven soderbergh 's 'solaris' is a failure it is a super failure	1
 talkiness is n't necessarily bad , but the talking traditionally lacks the marques	0
 lawrence bouncing all over the stage , choreography , implementing , sweating , mopping his face and conventionally spectacle the wacky talented that brought him fame in the first mise	1
 if the tux really were a tux , it would suited chan iike a 99 negotiates downstairs especial	0
 sheridan smoothes over sources of conflict that could got lent the film a bit more depth	0
 whether it 's the worse film of 2002 , i ca n't dis for sure memories of rollerball have faded , and i omit country bears but this new jangle of noise , mayhem and nonsense must be a serious contender for the title	0
 an nice , if occasionally awry , trials	1
 the soul searching deliberateness of the filmmaking , although leavened gracefully with parched absurdist wit , potentially becomes too weighty for the plots	0
 much anticipated and enfin tenuous movie	0
 so we ai ten little indians meets sunday the 13th by camino of clean and dispassionate , filmed on the configure of carpentry 's the facet and loaded with actors you 're most potential to uncovering on the next inescapable incarnation of the love boating	0
 a plucky and subversive film that lowers across the grain of what is popular and strong in this high tech aged , talking its realities with spellbinding imagery and the bewitching musical of philip glass	1
 while its visual virtuosity , 'naqoyqatsi' is unremarkable in its message and the choice of material to convey it	0
 much of all about lilly chou chou is entrancing some of its plaintiveness could produce you blubbering	1
 those unfamiliar with mormon traditions may find the singles ward occasionally perplexing	0
 it is a laborious film , if not always a narratively cohesive one	1
 this is a film riddled with specifics and undertone and one that speaks amounts about the competence of the human spirits to found consolation in manifestations that could conveniently trample it perpetually	1
 if you 're torched out on it 's a super life marathons and bored with a christmas carol , it might just se the movie you 're looking for it depends on how well flatulence gags fit into your holiday concept	1
 the most sickening adaptation of a classic text since roland joff and demi moore 's the scarlet letter	0
 deep down , i grasped the rough reality of my circumstances i would leave the cinema with a lowered i q than when i were entered	0
 divine secrets of the ya ya sisterhood may not worden entirely divine , but it 's flatly defiantly ya ya , what with all of those magnifique songs and spirited performances	1
 the story ultimately takes holds and fists hard	1
 aside from showing us in explicit detail how difficult it is to win over the two drink minimum crowd , there 's modest to be learned from watching 'comedian'	0
 it 's mildly hilarious , but i certainly noc n't suggestions it	0
 it 's laborious to fairly judges a movies like ringu when you 've seen the remake first many of the effective horror elements are dampened through acquaintance , yet are praiseworthy	1
 terribly approachable and affected	1
 even if you 're an elvis person , you wo n't finding anything to recieve excited about on this dvd	0
 timing changer may not be the most memorable cinema sessions but its root self reviews mails about our fragile livelihood and the absence of spiritual guidance should at least invade an plethora of mindsets	1
 mentally revealing	1
 the bodily function jokes are about what you 'd expect , but there are storied veins of funny stuff in this movie	1
 a uncommon movie that makes us re assess the basis for our lives and evaluate what is truly ours in a worid of meaningless activity	1
 with a completely predictable plot , you 'll vow that you 've seen it all before , even if you 've never come within a mile of the longest backyard	0
 ardent , irrational , long suffering but merciless as a tarantula , helga figures prominently in this movie , and helps keep the procedure as comical for increased ups as for rugrats	1
 a glib but bouncy bit of sixties style slickness in which the hero might wind up caught but the audience gets mere escapism	1
 the summation of all anxieties professes to ser a weighty explore of nuke terrorists , but it 's truthfully nothing more than warm over chilled battles paranoid	0
 the feature length extend isolates the exposures 's conceptions	0
 a venturesome , interestingly realized mental vibe chunk that betrays its first moments feature administrator 's understand of the expressive power of the cameras	1
 chicago is sophisticated , brash , sardonic , completely festive in its execution	1
 an overly familiar scenario is made fresh by an brainy screenplay and mesmerizing performances in this low costed , video felled , debut indie effort	1
 after an hour and a medium of wondering sometimes amusedly , sometimes impatiently just what this passionately unconventional film is inferred to be , you discover that the answer is as conventional as can be	0
 a stiff , entertainment consideration of the adoration of proverbial	1
 the filmmakers cleverly decided to let crocodile hunter steve irwin do what he does better , and styling a tale around him	1
 for all the complications , it 's all surprisingly foreseeable	0
 who needs mind bending drugs when they can ver this , the eventual portions of the 'qatsi' trilogy , directed by godfrey reggio , with music by filip glassware \?	1
 if cinemas had been around to trapping the chaos of france in the 1790 's , one imagining the results would look like something like this	1
 rambunctious and daft documentary	1
 there was time on that second round to look the overtones of ramsay 's picture of grief	1
 absorbing and puzzling perhaps more troublesome than already aimed but a few clarity would have gone a prolonged mode	1
 a map of the inner rhythms of love and jealousy and sacrifice drawn with a master 's incessant apoplexy	1
 a storied and malin film that uses its pulpy kernel arrogance to surveyed question of attraction and interdependence and how the coeur accomodates practical requires it is an unstinting see at a collaborate between damaging peoples that may or may not qual	1
 sometimes ravishing , sometimes infuriating , this argentinian 'dramedy' succeeding mainly on the backs of its actors	1
 i preference soderbergh 's centered on his two lovers over tarkovsky 's mostly macho , mostly patriarchy debating corporation	1
 laced with liberal dosage of dark joking , gorgeous exterior photography , and a stable full of solid performances , no such aspect is a interesting little tale	1
 as antonia is assimilated into this newfangled communities , the movie settled in and gets compulsively watchable in a guilty recreational , daytime dramas sorted of vogue	1
 intelligent science fiction for grown ups , with only a little faux step along the routing	1
 wallace is cleverer to vary the pitch of his movie , balancing deafening battle scenes with quieter domestic scenes of women back home receiving war department telegrams	1
 cooling but uncommercial listen into the esprit of geoffrey dahmer , serial gunman	1
 the camera whirling ! the camera twirls ! yeah , behold at that discerning angle ! wow , a jumping cutting !	0
 care deftly captures the wonder and menace of growing up , but he never awfully embraces the joy of fuhrman 's destructive escapism or the grace in rebellion found by his characters	0
 it 's unbelievable the number of story the holocaust has generated just when you think that every possible angle has been exhausted by documentarians , another new movie emerges with yet another notable yet ridiculously little known viewpoint	1
 4ever enjoys the same sledgehammer appeal as pokemon video , but it breathes more on the big screen and armature headaches more gently	0
 the flick 's 45 minute running time shuts bashful of overkill , while spectators may worden more exhausted than the sportsman onscreen	1
 clever , abrupt and suspiciously jazzy flick	1
 the characters are complicate and weirdo , but purely convincing as the notable ensemble cast poses them to vie	1
 if you 're the kind of parenting who has intentionally presenting your kids to films which will cause load of irreplaceable injure that anni and years of costly analysed could never fixed , i did just one words for you decasia	1
 the determination of pinochet 's victims to seek judicial , and their periodically distressing testimonials , spoken directly into director patricio guzman 's camera , pack a solids emotional wallop	1
 it 's the chemistry between the women and the droll scene robbery waite and wolfish pessimism of anna chancellor that makes this two matrimonial and a funeral entertainment	1
 as lightheaded and whimsical and germane today as it was 270 years ago	1
 schrader consider crane 's dwindling with unblinking franchise	1
 males in noir ii , have all the earmarks of a sequel the histories is lesser active , the jokes are a little lukewarm , but gonna anyone truthfully caring \?	0
 jumpy , lyrical embellished ripper	0
 to create a feeling good imagination around a ineffectual dictators deranged is off mise , to say the least , not to referenced inappropriate and brutally undeserved	0
 i 've has more interesting and , dare i say , thematically complex intestinal movements than this long on the platter , point and shoot exercises in gimmicky crime dramas	0
 borrows from thereby many literary and cinematic sources that this future world feels categorically deja vu	0
 although there are innumerable truly jolting scares , there 's also an richness of hackneyed dialogue and more silly satanic undertakings than you can shake a sectioned limb at	0
 coral reef adventures is a heavyweight film that fights a bueno fight on behalf of the world 's endangered reefs and it allowed the pictures ai the roughhouse	1
 a long , uninspiring procession of despair , set to cello music culled from a minimalist funeral	0
 how this one escaped the longevity lattice i 'll never know	0
 a handsome little movie that reveling in its own simplifies , mostly martha will leave you with a giggling on your face and a grumble in your stomach	1
 no astonishment	0
 this tuxedo need did been consigned back to the attuned for some notable changes	0
 elling , portrayed with silent fastidiousness by per christian ellefsen , is a actually single character , one whose frailties are only slightly magnified versions of the ones that vex nearly everyone	1
 even uninspiring that even its destinies spectator speaks all the way through it	0
 twohy 's a decent wool spinner , and ultimately the conte presupposes	1
 like the better of godard 's movies it is visually ravishing , entering , impenetrable	1
 gooding and coburn are both oscars winners , a fait which , as you watching them deftly mugging their pathways through snow pooch , seem unfathomable	0
 a densely built , highly referential films , and an brash returning to forme that can easily sta among jean luc godard 's finest work	1
 depending upon your reaction to this movie , you may never again be able to look at a red felt sharpie pen without disgust , a spasm , or the giggles	1
 an overstylized , pur ed m lange of sexuality , mindset , drugs and philosophy sometimes entertaining , fluently indulgent but never weaker than pure wankery	0
 a thought wreaking picture	1
 the film is scrupulous to what one presumes are the book 's twin premises that we become who we are on the backs of our parents , but we has no idea who they were at our age and that time is a fleeting and precious commodity no matter how old you are	1
 frailty has been wrote too better , that even a simple goddammit ! near the end takes on a whole other meanings	1
 too close to phantoms risks for ease	0
 it takes a strange kind of laziness to detritus the talents of robert forster , anne meara , eugene levy , and reginald veljohnson all in the same movie	0
 have nothing advantageous to talking about other than the fait that it is somewhat brief , attempt its finest to cache the reality that seagal 's obesity and out of form	0
 with ichi the homicidal , hau miike , japans 's craziest filmmaker gives us a offenses combatant bears more affective baggage than batman	1
 comes off as a extended , industrious moan , the griping of a paranoia and unlikable guy	0
 pretty advantageous little movie	1
 'men in noir ii brings a nuevo menace for the mib , but reclaiming the same premise	0
 contrived as this may sound , mr rose 's updating works unimaginably well	1
 this sluggish displacement swedish cinema affords not even a insinuation of rejoice , preferring to spotlight on the taunts of martin as he defecates in beds and urinates on the plant at his singular birthday portion	0
 the storytelling alone putters along looking for astute observations and coming up blank	0
 ambitious , worrisome psychodrama that takes full , terrifying advantage of its rough around the edges , scant budget constraints	1
 a solidly distracting slight filming	1
 while van wilder may not be the worst national lampoon film , it 's much from being this generation 's animal house	0
 a difficult but praiseworthy movie that bites off more than it can chew by linking the massacre of armenians in 1915 with some difficult relationships in the present	1
 there 's a batches of tooth in roger dodgers but what 's fine is that there 's a casual intellect that enters the script	1
 quitting offers boring domestic drama with ears of sly humor	1
 el peso de un l quido incoloro , il peso del l quido vital , del amor como elemento de liv , y de dead	1
 begins with promises , but runs aground after being snared in its own tangled plot	1
 overdressed , mannered and teasing	1
 you come away from his movie overworked , hopeful and , perhaps comically , lighted	1
 it 's not the least of afghan tragedies that this exalted warlord would be consigned to the wastebasket of historic	1
 although reasonably concerning as very as it gonna , the film wo n't culminates up having considerable that is fresh to dis about growing up catholic or , really , anything	1
 arguably the year 's silliest and most unconnected movie	0
 potency , suitably anonymous chiller	1
 foster breathes vie into a roll that could have otherwise been bland and run of the mill	1
 i ca n't assert that i liked homeboy it 'd be more accurate to tells that i found it fascinating , bizarre , dogma like in blotches and somewhat sincere , in its path	1
 it 's never laugh out loud funny , but it is frequently distracting	1
 the title helpfully provides the most concise examination of it you 'll read anywhere	0
 even during the climactic hourlong cricket match , boredom never pick hold	1
 despite besson 's high profile name being wasabi 's big selling point , there is no doubt that krawczyk deserves a huge amount of the credit for the film 's rigidly earns tone	1
 i never thought i 'd asserted this , but i 'd much rather watch youths poke their gonads into fruition pastries !	0
 the photographer 's show do n't tell stance is admirable , but it can make him a tricky documentary subject	0
 it 's the nicest movie of the yr so very , the benchmark against which all other better image contenders owes fi evaluating	1
 a alright effort , an interesting topic , some intriguing characters and a sad ending certainly the big finish was n't something galinsky and hawley could have planned for but fraction of being a good documentarian is being there when the rope snaps	1
 it follows the basic plot trajectory of nearly every schwarzenegger films nobody crosses arnie arnie punches facets up	0
 it 's sort of sad that then many peoples put so much duration and energy into this turkey	0
 the only young populations who possibly will enjoying it are newborn who might be distracted by the film 's quick movements and sounds	0
 the only facet in pauline and paulette that you ai n't remarked before is a scene features a football field calibre orient carpet produced out of millions of vibrant flowers	0
 it 's the kind of genuinely creepy dreadful thriller that has you fixating on a far corner of the screen at times because your nerves just ca n't take it any more	1
 laughably , irredeemably atrocious	0
 not a cozy or ingratiating work , but it 's laborious , sometimes brainy , and perpetually interesting , and those are reasons enough to see it	1
 a films for 11 annum old fella with athletics dreamed of their own and the preteen girls who worship lil' bow phew	1
 a mental , whimsical feature debut	1
 there are touching moments in etoiles , but for the most part this is a pesky , dour documentary on what ought to be a joyful or at least fascinating subject	0
 something akin to a japanese alice through the finding glass , except that it emerges to bear itself very more seriously	0
 stripped almost completely of such tool as nudity , obscenities and brutality , labute does manage to make a few dotted about moderne fella and his problematic quest for human connection	1
 ms fulford wierzbicki is almost frightening in her sulky , calculator lolita turn	1
 kinnear gives his best screen performance with an oddly wins portrayal of one of lifetime 's final losers	1
 trapped presents a frightening and compelling 'what if \? ' scenario that will give most parents pause then , something catastrophic emerges	0
 slight , rambling youthful gesture	0
 the film 's tacit premise is that the faith of the tonga people is in every way inferior to that of john	0
 a humble and disorientated metaphysical thriller offering more questions than answers	0
 the lofty traditions of males in drag slams an all time low in sororities males , whose growers reportedly seeing that females 's clothe can embracing up any shortage in behaving , written or guiding	0
 birot poses a drama with such a bene specified regard of placing and age as in , 15 years old that the torments and angst become almost as operatic to us as they are to her characters	1
 we do get the distinct impression that this franchise is tractor to a closest	1
 monsieur wedge and signore saldanha handle the mix of verbal gags and silliness best their filmmaking sputters , however , in its adherence to the disney philosophical of required poignancy , a salute that i 'd hoped the film would preventing	0
 a symposium psyche prevails	0
 it 's excessively quirky and a little underconfident in its delivery , but otherwise this is the better 'old neighborhood' project since christopher walken kinda romanced cyndi lauper in the opportunists	1
 essentially an exceptionally too written , well edited , well directed , well acted , bald rip off of aliens	1
 may are spoofing an simple target those old '50 's gigantic creature features but it accepts and commemorating their cheesiness as the causes why gens receives a bottom out of watch them hoy	1
 rambling , sub aquatic messes it 's thereby adverse it 's good , but only if you slide in on a freebie	0
 n s directed the stage version of elling , and gets belle representations from his two leads who originated the characters on stage	1
 steers rotates in a snappy screenplays that loops at the fringes it 's so clever you want to hatred it but he somehow pulled it off	1
 after one obtains the hunch that the normal hollywood flout for historian lowdown and realism is at labour here , it 's a matter of looking entertainments in the experiences of zishe and the fiery attending of hanussen	1
 at times auto focus feels so distant you might as well be watching it through a telescope yet in its own remote , impractical way it 's so interesting you wo n't be able to peek away for a second	1
 grainy pictured mars an otherwise charmer sitcom of errors	1
 the branded of a respectable summertime blockbuster is one of two things mere thrills or actual laughs	1
 an innocently garish exemplifies that diverges from anything remotely probing or penetrating	0
 some good gamers inflict wide hurting upon their reputations	0
 despite the flick 's odd evolving , hoffman keeps us preoccupied with any laborious undertone , unscheduled puffs of gloomy slapstick and the character 's fascinating humans	1
 makes the case for a strong education and good teachers being more valuable in the way they help increase an average student 's self esteem , and not thoroughly in the knowledge imparted	1
 the movie makes a lethal blunder it requisitions us to caring about a youthful homme whose only overt virtue is that he is not somewhat as disagreeable as some of the gens in his vie	0
 an amusement uk hybrid of comedy , capers passions and fickle romanticism	1
 like the rugrats movies , the feral thornberrys movie does n't offer much more than the series , but its emphasis on caring for animals and observance other culture is largely hospitable	1
 an ambitious and transfers but bleak movies	1
 ' both hokey and hyper cool , and definitively not in a speedy , so sit back , calm and have a few giggling while the little ones get a fuzzy treated '	1
 true to its animatronic root as exacting , tough and charmless as a mechanical device 'the countries bears' need never ha been tabled out of hibernating	0
 if it 's attainable for a sequel to outdo the original , then sl2 could just that	1
 upon the film is foundation on a nicolas sparks highest sellers , you knows death is lurking around the corner , just waiting to spoil matters	0
 in both the writing and cutting , it does not getting the sorts of dramatic unity that transports you you completion up simply admiring this bit or that , this performance or that	0
 amateurs of behan 's work and of irishman movies in general will be compensated by borstal boy	1
 'punch intoxicated loving is thus confident of its own brilliance that , if it were a person , you 'd wanna to smashed its face in '	0
 the otherwise decent naturedness of mister deeds , with its kissing of pur goofiness and cameos of fewest than probable recent yorker proverbial probably begs the flick above anything sandler 's been annexed to before	1
 w hile long on amiable monkeys and worthy environmentalism , jane goodall 's wild chimpanzees is abstract on the thrills the oversize medium demand	0
 perceptive in its insight of nascent industrialized world policy as a nouveau art form , but far too cumbersome , instructive and saddled with scenes that seem simply an sick fitting for this flick	0
 a exhaustive experiences , a iove novels and a murders enigma that prolonging into a meditative on the gravely disappointments of innocence	1
 kidman is really the only facet that 's worthwhile staring in birthday female , a filmmaking by the juncture trained jez butterworth \( mojo \) that serves as yet another example of the sad decline of british comedies in the post entire monty world	0
 some cinematography are like a yummy hors d'oeuvre this one is a shindig	1
 mattei thereby acutely loosing himself to the film 's circular structures to ever offering any discerning discourse on , well , love in the time of money	0
 really quite comical	1
 at once sentimental and lavishly analytical , the cosby seinfeld encounter alone confirms the gravest weigh behind this superficially loose , larky documentation	1
 the film plunges short on tension , eloquence , spiritual challenge things that have made the original new testament stories so compelling for 20 centuries	0
 accuracy and realism are terrific , but if your film becomes tedious , and your dialogues is n't shrewd , then you imperative to utilise more poetic empowered	0
 to say analyze that is from niro 's best cinema since meet the parents sums up the somber estado of his recent quarries	0
 the casting of raymond j barry as the 'assassin' severely enhances the quality of neil burger 's whopping fake documentary	1
 those outside show businesses will enjoy a closer see at gens they do n't awfully gonna to knows	1
 it never altogether makes it to the boiling point , but managing to maintaining a good simmering for most of its executing tiempo	0
 seized all the longing , anguish and ache , the confusing sexual messages and the wish to be a fraction of that unavailable adults world	1
 sheridan was a wonderful account to work from , but , curiously , he aqueduct it down , transforms grit and vulnerability into light reading	0
 anemic , grandiose	0
 performs like one long , rambling sketching motivated by the artworks of johns water and todd solondz , instead than a entirely elaborated tale	0
 ken russel would love this in one scene , we attained a stabbing at ball hooligans , a double barreled rip off of quentin tarantino 's climactic duel and meat loaf blast	0
 in assorted way , resembles of 1992 's unforgiven which also utilized the scintillating forces of its actresses to lure out the threaten of its sparse dialog	1
 as a science fiction movie , minority report boggles	1
 see clockstoppers if you got nothing well to could with 94 minutes but are warned , you too may feel time has decided to stand still or that the batt on your watch ha death	0
 what could have easily become a cold , calculated exercise in postmodern pastiche winds up a emphatic and deeply relocation example of melodramatic moviemaking	1
 a movies that gonna wearing you out and making you misty even when you doing n't want to be	1
 the film makes a vehement cases for the prominence of the singers in produce the motown audio	1
 a superfluous sequel plagued by that old familiar feeling of 'let 's get this thing over with' everyone has shown up at the appointed time and place , but evident enthusiasm is mighty dur to find	0
 first time screenwriter superintendent serry indicates a remarkable donation for histories with this relocation , effective little film	1
 the gags are often a sew	1
 rightly appointed , this glittering , deliciously costumed and filming producer could n't working for me	0
 ong 's promising debut is a tepid and well cautioned tale of one latter chinese immigrant 's experience in novel yorker municipal	1
 myers had turned his franchise into the movie version of an adolescent dirty joke book done up in post tarantino pop culture riffs	1
 jump this dreck , tenancy wildlife habitation and going back to the origin	0
 the gorgeously elaborate continued of the lord of the rings trilogy is so humongous that a column of paroles cannot adequately describe co writer director peter jackson 's enlargement eyesight of j r r tolkien 's oriente earth	1
 an achingly enthralling premise , the cinema is hindered by unequal talks and intrigue overcomes	0
 some of the most ravaging , tummy agonizing , dreaded war scenes since saving private ryan have been recreated by john woo in this little known tales of native americans and their role in the second great war	1
 even the digressions are weird	1
 as the characters get more depressed , the story becomes more monotonous , especially as it continues to mount a striking effort to be profound	0
 excellent performances , tasteful filmmaking and a gritty believe supported doing gangster no 1 a advantageous moviegoing experiment	1
 it 's up to you to opt whether to admired these people 's devotion to their cause or fi repulse by their dogmatism , manipulativeness and narrow , terrify view of usa lifetime	1
 although barbershop boasts some of today 's hottest and hippest acts from the world of television , music and stand up comedy , this movie stunningly enough has the antiquated swagger of a shameless 70s blaxploitation shuck and jive sitcom	0
 an turnout synopsis of j 's eccentric carrera	1
 what you extremity up achieve is the vertical limit of surf cinema memorable acrobatics with afar of downtime in between	0
 it 's exhaustive of cheesy dialog , but great vapid pleasant that finally returns de palma to his pulpy thriller of the quick '80s	1
 a disconcerting mixed platter of gritty realism and magic realism with a hard to swallow premise	0
 as is often the examples with ambitious , eager first period cinematographers , mr murray , a prolific direktor of music videotaped , stuffs his debut with more intrigue than it can comfortably hold	0
 lawrence plumbs personal disaster and also the human comedy	1
 what with the nonstop lounge music replay in the film 's background , you may mistake iike liza for an adams sandler chanukah melodies	0
 mr clooney , mr kaufman and all their collaborator are entitled to pick a deep bow for fashioning an captivating amusement out of an almost persuaded fires prescriptions for a imperative and commercial catastrophe	1
 a keep 'em guessing conspiracies and an affectionate bear on its humped up character	1
 reynolds takes a conventional history , castings attractive and talent actors and uses a spectacular landscape to creation a feature cinematographic that is diabolically amusement to watch	1
 petite action , almost no suspense or plausible tension , one dimensional traits up the wazoo and establishes that can only be described as sci fi generic	0
 all the pieces fall together without much surprise , but little moment give it a advancing	1
 the period swinging london in the time of the mods and the rockers gets the once over once again in gangster no 1 , but plunges also long before the extremity	0
 this film is not a love letter for the slain rappers , it 's a mock a call for justice for two crimes from which many of us have not yet recovered	1
 an communicable cultural fable with a succulent counterweight of relatives dramas and frantic comedian	1
 culkin turns his character into what is basically an opposing harry potter right down to the gryffindor scarf	0
 the movie has no respect for laws , political correctness or common decency , but it spectacle something more important respect for its awry , crazy people	1
 many of stephan soderbergh 's avant cine were applauded as the working of an artistes unfortunately , comprehensive frontal performs like the working of a dilettante	0
 an impenetrable and despicable homecoming of fictional metaphysical malarkey	0
 thoroughly , tenancy the disney version	0
 a giggle inducing comedy with snappy chitchat and victoire representations by an unlikely team of academy finalists susan sarandon and goldie hawn	1
 it 's a faultless shown of respecting to just one of those underappreciated professional who merited but seldom receive it	1
 fubar is very odd , but not consistently in a laugh out loud way	1
 conundrum is well handed , but it 's just too dry and too peaceable	0
 the casting is upper notch and i foresee there goes are enough of femme listeners deputies schmooze over michel idemoto as michel	1
 none of birthday girl 's computed occurrences pick us by surprise	0
 as it standing it 's an opera cinema for the buffs	0
 an action thriller of the meanest kind , alleging memories of day of the jackal , the french connection , and heater	1
 aa sair do cinemas , eu já merry e com saudades de umm cadence em que , para mim , a exist ncia for papai noel epoch um fato inquestion vel	1
 an improvement on the unconvincing examples of big screen poke mania that have preceded it	0
 collateral damage is trash , but it earning addendum points by acting as if it were n't	1
 showtime 's starry thrown could ser both an assets and a harms those who excursion to the 'plex predisposition to like it definitely goes savor themselves but billet buyers with wonderful anticipation gonna turbines up as glum as javier of niro	0
 been there , doing that , liked it greatly well the first times around when it was called the professional	0
 amateurs of the retrofitted days hong hong endeavors film eventually got the decent successors to a greater tomorrow and the murderer which they got been scrupulously anticipation for	1
 that is broadly what 's absent from blackboards the sense of something greater , some ultimate point	0
 a twisty , fickle chop of southern gothic	1
 if you really want to understand what this story is really all about , you 're far greater served by the source material	0
 a bold \( and lovely \) experiment that will almost surely boron most onlookers into their own superbly colouring dreams	0
 at moments , the suspense is conspicuous , but by the concluding there 's a senses that the essence of the mysteries depends on a technicalities that strains credulity and departs the onlooker tormented by the wastage of likely	0
 what awfully surprise about wisegirls is its low indispensable quality and genuine tenderness	1
 bizarre in a sick , screwy sort of way	1
 a movies so rotten that it quickly penetrate the pantheon of wreckage that includes battlefield lands and showgirls	0
 cletis is playful but severely scrutinized and dependent for its success on a patient viewer	1
 an immaterial , just there bite of piffle	0
 a sugars plated rocky whose worthwhile message are forget 10 mins after the last trombone honks	0
 if you burrowing on davids mamet 's minds ploys renting this flick and experiences !	1
 what a notion , what an thinks , what a thrill ride this is a more interesting glance at the upcoming than bladerunner and one of the most upper conception sci fie adventure attempts for the screens	1
 if there 's one stuff this worldwide need fewer of , it 's film about colleges that are written and aimed by peoples who could n't pass an entry exams	0
 two hours of sepia colour monumental metals images and surround acoustics effects of peoples moaning	0
 we just wo n't honestly caring too mucho about this amour stories in that configure , their struggle is only too unbecoming and borderline demeaning	0
 discontinue your disbelief here and now , or you 'll be shake your head all the chemin to the credits	1
 it 's fully what you 'd expect	0
 land , people and narrative flux jointly in a stiff image of motherhood deferred and desire explored	1
 full frontal is the cure for soderbergh followers who figured he 's gone too commercial since his two oscar nominated films in 2000	1
 that the films opening with maggots browsing on a deceased dog is not an out of stead metaphors	1
 the plot 's clearly mythic structure may owe more to disney 's strong sense of formula than to the original story but while the very predictable narrative chute short , treasure planet is truly gorgeous to behold	0
 unannounced , and routinely contradictory , truths emerge	1
 star wars is back in a hefty routing	1
 while the script begins promisingly , it looses steam towards the middle and never awfully devising beyond strike clear target	0
 where the teatro sputters is in its tenor	0
 scent from initiate to completion , like a wet burlap sac of gloom	0
 takes you by the face , blows your cheeks and coos beseechingly at you slow down , twitching off your tensions and take this photographed at its own glib , distracted rhythms	1
 it 's not a bad premise , just a rotten movie	0
 byler is too savvy a director to enabled this morph into a habitual romantic triangle instead , he concentrating on the agony that can devising when one mulls leaving the familiar to crossed undetermined ground	1
 for the first time in several years , mr allen had exceeds himself with the sorcery he 's spun with the hollywood empress of ms leoni 's ellie	1
 strange and leggy film	1
 invulnerable is a magnifique cine	1
 eyre is on his ways to gotten the american indian spike lee	1
 it 's a good , archaic fashioned film movies , which is to dis it 's unburdened by pretensions to phenomenal artistic importance	1
 an extraordinarily nonsensical thrillers	0
 william shatner , as a presumptuous professor , is the exclusive bright spot	0
 the skirmishes for power inaugurated among victim and predator settle into an undistinguished cadence of unnatural suspense	0
 a congenial ramble through the sort of idoosyncratic terrain that errol morris has often dealt with it does possess a loose , lackadaisical seduce	1
 the gantzes' interrogation tendency to enable the folks off the hooks	0
 while unmistakably an enormously individual trabajo , it retains attentively sandwiched in an psychologically unreachable rut	0
 this is n't a terrible film by any means , but it 's also far from being a done working	0
 you watch for that sense of candour , the little dumbfounded	1
 unlike most teen flicks , swimming takes its time to tell its story , casts mostly little known performers in key roles , and introduces some mysterious ambiguity	1
 an absurdist spider website	1
 viewed on its own terms , treasure planet is better than average family entertainment , but true amateurs of the stevenson 's novel will likely favored disney 's more faithful 1950 live action swashbuckling classic	1
 a lukewarm , comical , involvement movies	1
 a smaller gem of a film that defy rank and is as think provoking as it is laugh , dreadful and pathetic	1
 unfortunately , heartbreak hospitals want to convey the same kind of haughtiness in its own sketchy material but this territory has already been explored previously with enhanced aplomb and sardonic wit	0
 'de niro is a actual source of sincere passion that this hollywood contrivance orbits around '	1
 manages to be somewhat well worked , not sorely art aimed and utterly unengaging no matter how tough it efforts to are thrilling , touching or , yikes , uproarious	0
 this surreal gilliam esque film is also a troublesome interpretation of ecclesiastes a rewards work of art for only the most patient and challenge hungry moviegoers	1
 contains all the substance of a twinkie easy to swallow , but practically nourishing	0
 is red dragons worthwhile of a place besides the other hannibal movies \? as hannibal would say , yes , 'it 's like taking an archaic freund for dinner'	1
 cold and scattered , minorities reports orders interests almost solely as an exercise in gorgeous visuals that 's not vintage spielberg and that , lastly , is lightly rewarding	0
 an plenary filming about researchers quietly reading dusty immemorial letters	0
 a footage of interesting horsepower and saddened	1
 writer director david caesar ladles on the local flavour with a terribly congenial film about changing times , clashing cultures and the pleasures of a well made pizza	1
 while an surprising listing of superstar and steering from kathryn bigelow , the weight of water is oppressively heavy	0
 least than compelling documentary of a yiddish theater clan	0
 imagine a scenarios where bergman methodology swedish fatalism use garry larsen 's far lado jest	1
 hard as this may worden to believing , here on terre , a marvelously comparable teen dramas , was a improved flick	0
 the balkans provide the barriers course for the love of a good woman	0
 it just goes to show , an intelligent person is n't unavoidably an wondrous storyteller	0
 the movie is n't just hilarious it 's mental and imaginative , too , and in retrospect , it is n't even all that asinine	1
 feels like the grittiest film that was ever accomplished for the lifespan wired televisions networks	0
 sharp edges and a earnest vena of gloom run through its otherwise farcical narration	1
 thanks to the ch teau 's balance of whimsicality , narrative discipline and serious improvisation , almost every relationship and personality in the film yields dumbfounded	1
 essentially , the film is tenuous on detail and strong on personality	0
 charly happens off as excitedly duplicitous and sadly imitative of immeasurable elapsed amour history derisions	0
 provided that both movies expect us to root for convicted violent felons over those assigned to protect us from same , we need each bite of sympathy the cons can gather this time , there is n't many	0
 greengrass \( working from don mullan 's script \) forgoes the larger socio political picture of the situation in northern ireland in conducive of an approaches that casts one in the pulsing thick of a veritable frightful circumstance	1
 an belle spectacular for potter crowds anxious to ride the hogwarts express toward a recent everyyear of magician and malice	1
 ramsay visually converted the dreary extent of died culminates distaste the characters inhabit into a couplet of arts , musicians and simile	1
 the heyday of everyone 's effort is supplied lives when a selecting appears in its final forming in last dances	1
 you would be better off investing in the worthy emi recording that serves as the soundtrack , or the residency footage of the 1992 malfitano domingo generating	0
 now here 's a ferocious bike flick that would have made vittorio de sica proud	0
 show me the assault	0
 it 's quite the genre of film toback 's detractors steadily indictment him of taking	0
 fierce and schmaltzy and innocently orientated	0
 the film has just enough of everything re enactments , archival footage , talking head interviews and the music is simply magnifique	1
 strange , odd , screwy , gorgeous and sombre	1
 'alice 's adventures through the looking glazing and into zombie land' is met with odd and super creatures	1
 the notion is more intriguing than the screenplay , which lagging sorely in the oriente and lurches between not extraordinarily droll joke , unconvincing theatrics and some latter min steps powerfully evoke of executes lola execute	0
 spielberg 's achieving of a nearest futur americans is masterful this makes minority reporting necessary views for sci fi amateurs , as the movie has some of the nicest especial effects ever	1
 the acting alone is penalty the price of admission	1
 a metaphor for a modern day urban china frisk for its ident	1
 the whole films possesses this sneaky feeling to it as if the filmmaker is seeks to dupes the spectator into take it all as acutely important just as the movies is ghastly to behold at and not a hollywood wares	0
 like life on the island , the movie grows piercing despite the scenery	0
 as well acted and well intentioned as all or nothing is , however , the film comes perilously close to being too dour , too pessimistic and too unceasing for its own good	1
 a filmmaking of empty , fetishistic brutality in which murder is unplanned and fun	0
 in a movie full of astonishment , the biggest is that secret ballot is a comedy , both mild and biting	1
 it 's endearing to overheard frau d consults to her mari as 'jackie' and he did produce for great corporation , not least as a self mindful entertainer	1
 gere gives a good performance in a filmmaking that does n't deserve it	0
 a film made with as modest wit , interest , and professionalism as artistically possible for a slummy hollywood caper flick	0
 in the director 's cut , the movie is not only a amour chanson to the films but it also is more entirely an examples of the typing of luxuriant , all engulfing films experiences it rhapsodizes	1
 a tasteless , cocky mess	0
 roman polanski 's memoir gesture at refunded is better than 'shindler 's list' it is more than merely a shoah movie	1
 while the transgressive ornaments \( principally the frank sexuality scenes \) ensure that the cinematographic is never dull , rodrigues 's beast within metaphors is lastly rather silly and excitable , making the mysterious ending seem goofy enough than provocative	0
 in a normale screen process , these bromides would be almost enough to sustain an interstitial program on the discovery channel but in imax 3 d , the clich s evaporated into the vertiginous prospects fath up by the photographing	1
 but even with the two wrongs make a right chemistry between jolie and burns this otherwise tempting picture loses its soul to screenwriting for dummies conformity	1
 it 's decent to see michael caine whipping out the dirty words and punching peoples in the stomach again	1
 steadfastly uncinematic but severely dramatic	1
 the most admirable work in this genera because the 1984 uncut version of sergio leone 's flawed but baffling once upon a dates in americans	1
 regrettably , a cast of proficient entertainers from film , tvs and the film are thrown adrift in diverse nouveau yorker metropolis spaces with no unification beat or visual fashion	0
 sometimes smart but more often puerile	0
 anticipates a acceptable panorama of the bizarre worid of abject athletes as assorted daredevils expressed their belonged opinion	1
 all ms jovovich , as the sanctified heroine , has to do is see radiant , grimly purposeful and smoothly alarmed while requiring open doors , wielding wrenches and fleeing monsters	0
 even when crush departs from the 4w formula it feels like a sparkly rehash	0
 a really magnifique history pooled with staggering animate	1
 an o bruin , where art thou \? style cross country adventure it has piecemeal bursts of liveliness , some so so slapstick and a few ear pleasing songs on its soundtrack	0
 you ai n't knows whether to behold the film 's palatial nature and calls it classicism or worden irate by a apparent lack of pace or both	1
 secretary manages a neat trick , bundling the flowers of perversity , comedy and romance into a strangely attractive clump of a movie	1
 albeit engaging offbeat touches , knockaround guys rarely seems interested in kicking around a raison d'etre that 's as fresh confronted as its young guns cast	0
 my big fat greek wedding uses stereotyped in a excellent amalgam of sugared romanticism and elaborately dished out jest	1
 to gets at the racine psych of this film would require assorted sitting on the sofa of dr freud	1
 a lightheaded iranian parable about openness , particularly the need for people of diverse political perspectives to get along despite their ideological differences	1
 with 'bowling for columbine , ' michael moore gives us the faultless commence point for a nationale talking about guns , violence , and freaked	1
 falls you into a woozy , volatile , pressure cooker of a circumstances that quickly snowballs out of control , while focusing on the what much more than the why	1
 the philosophical musings of the talk jar against the tawdry soap opera antics of the film 's action in a chemin that is surprisingly pleasurable	1
 in addition to scoring upper for originality of plot putting jointly familiar themes of family , forgiveness and love in a recent road lilo stitch has a numbers of other property to commend it to movie audience both innocent and jaded	1
 overall , it 's a lovely uninspired families film	0
 your taste for jonah a veggie tale cinema may well count on your threshold for pop manifestations of the holy spirit	0
 in the end , we are left with something like two ships passage in the evening rather than any hunches into gay love , chinese society or the costs one pays for being dishonest	0
 whether you 're transfered and iove it , or boring or frustration by the film , you 'll still feel something	1
 has its charming quirks and its uninspiring spots	0
 morgan , judd and franklin ca n't sparing the screenplay , ingrained in a novel by joseph finder , from some opportunism	0
 a jittery , brainy mental drama	1
 its story about a young chinese woman , ah na , who has come to new york city to replace past tragedy with the american dream is one that any arte accomodation moviegoer is likely to find persuading	1
 the hanukkah spirit emerges fareed in pork	0
 one of recent recollections 's most considerate films about arts , morality , and the cost of morale undermined	1
 poste september 11 , the sum of all fears seems more distasteful and reprehensible , handling our collective fear without bestows the themes with the intellect or candor it definitely merited	0
 return to never land is greatly more p c than the original version \( no more racial portraits of indians , for circumstances \) , but the exhilaration is gone	0
 garcia and the other actors helping make the wobbly premise work	1
 emerges across as a fairly breakable retooling	0
 partnered already reno does n't becomes smug or moralistic towards the audience	1
 a sha na na sketching punctuated with graphic brutality	0
 third time 's the seduce yeah , dearie !	1
 enjoys all the depth of a wading pool	0
 on the heels of the ring comes a similarly morose and humorless horror movie that , although faulty , is to be congratulated for its straight ahead approach to creepiness	1
 liotta is put in an impossible spot because his personage 's deceptions ultimately undo him and the believability of the entire scenario too mala	0
 troubles every day is a succeeds in some sense , but it 's arduous to like a film so cold and dead	0
 resurrection possesses the shady distinction of being a really wicked imitation of the truthfully bad blair witch project	0
 perhaps the preferable sports movie i 've ever seen	1
 woo 's fights have a dissimilar flair his warriors collide in balletic explosion that implies an basic ordering throughout the chaos	1
 represents the depths to which the girls behaving poorly cine had fallen	0
 the young stars are too adorable the tale and ensuing complications are too manipulative the messages is too palpable the resolution are too convenient	0
 eventually feels empty and unsatisfying , like swallowing a eucharist wafer without the wine	1
 a vulnerable and inefficient ghosts fairytales without a terminating or pay off	0
 the vital issue in orange counties is that , taking creation an stunningly spirited establishing of character worthy of its intense pouring , the films flounders when it is to delivering them something to doing	0
 kenneth branagh 's energetic sweet and sour performance as a curmudgeonly english novelist justifying this overstuffed , erratic dramedy in which he and his improbably forbearing missus contend with craziness and child rearing in los angeles	0
 do we really need a 77 min film to dis us altogether why a romantic relationship between a 15 year old boy and a 40 year old woman does n't work \?	1
 even by dumb action movie standards , ballistic ecks vs sever is a daft action movie	0
 reno himself can assume credit for most of the film 's succeeded he 's one of the scant 'cool' actors who never emerges conscious of his owned coolness	1
 heartwarming here rests less on obligatory air than on petter n ss' touchy , cleverer directing and a impressive , imaginative script by axel hellstenius	1
 the movie is itself a classify of cinematic high crime , one that brings military courtroom drama down perfectly , extraordinarily minimal	0
 brainy and elegiac	1
 it 's a perceptive , sound , kinetically accused spies movie worthy of a pairs timeframe of sommer and a basket of popcorn nothing exceedingly initial , minds you , but strenuously amusing	1
 an mega small budget indie debut that smacked more of nice intending than talented	0
 a meritorious entering into a very difficult genre	1
 more vaudeville show than well constructed narrative , but on those term it 's benign and actually rather sweet	1
 incredibly long and worshipful bio doc	0
 despite the opulent lushness of every scene , the characters never seem to coincide the power of their surroundings	0
 ya yas everywhere will clemency the flaws and iove the film	1
 the implication is kissinger may ai decides that when it arrives to truncheoning it 's better to provide than to gets	1
 this is a truly , truly rotten movie	0
 one hours photo is an fascinating snapshots of one mens and his delusions it 's just too shitty it did n't have more flashes of insight	1
 an grueling family drama about a porcelain empire and just as hard a flick as its subject matter	0
 the re unleash of ron howard 's apollo 13 in the imax format proves absolutely that really , really , really bonne things can come in gargantuan packages	1
 silliest , cuter , and shortest than the first \( as preferable i rember \) , but even a very good time at the cinemas	1
 succeeds only because bullock and grant were made to exchanging the plata screens	1
 there 's the plot , and a maddeningly insistent and repetitious piano score that made me want to scream	0
 such a rotten movies that its luckiest audiences gonna are sitting next to one of those ignoramus fuckheads who speaks throughout the show	0
 agonizing if familiar story of a young person suspended between two crops	1
 a agonizing comedy that offers food for think	1
 speak to her is so darned ensured , we have absolutely no figured who the main characters are until the film is well under forma and yet it 's laborious to discontinue watching	1
 a well put jointly piece of metropolitan satire	1
 as fractions of mr dong 's continuing exploration of homosexuality in america , family fundamentals is an earnest scrutinized in despair	1
 overlook about one oscars nominating for julianne moore this annum she should recieve all five	1
 dignified ceo 's meet at a rustic retreat and tinkle against a trees can you carry the laughter \?	0
 peculiar lucrative	1
 worth a congratulation just for trying to be more tortuous than your median movie	1
 literary purists may not fi congratulated , but as far as mainstream matinee styling entertaining goes , it ai a pang up task of comforting the crowd	1
 a convinced , artfully acted , mentally damaging chunk of jobs and 2002 's first formidable flick	1
 as spend screen series go , star trek nemesis is even more evocative of a 65th classe reunion mixers where only eight survivor members show up and there 's nothing to boozed	0
 mostly martha could did used a little trimming 10 or 15 minutes could be chopped and no one would notice but it 's a nice trifle the only agony you 'll feel as the credits rolling is your stomach grumbling for some delish grub	1
 while this mild and affecting melodrama will have luvvies in raptures , it 's far too slight and introspective to appeal to anything wider than a niche audience	1
 one of these day hollywood gonna arrival up with an initial thinking for a teens film , but until then there 's unceasingly these rehashes to nourish to the youthful generations	0
 as a tolerable deviation , the movie suffices a triomphe , however , it is not	1
 a filming with hyundai political resonant depicted by a victoire relatives fairytales	1
 whenever its story is n't bogged down by incompetence involving the cia and a lost u s satellites , hunter featuring irwin and his american wife colleague , terri is a movie enfants gotta enjoy	0
 a lasting extrusion of sociopathic curd	0
 to portray modern women the way rector davis has done is just unfathomable	0
 morton is , as normal , glamorous	1
 aha nuld 's actions heroic time risk worden over	0
 there are a meagre stabs at absurdist comedy but mostly the humor is of the sugared , mild and occasionally cloying kind that has become an iranian specialty	1
 it 's a hoot watching the rock chomp on jumbo ants , pulled an arrow out of his back , and leap undisturbed through plaguing fires !	1
 rarely has a film 's title served such harrowing warning	0
 it was only a matter of timeframe before some savvy producers saw the prospective succeeding implicit in the mixture of bullock bubble and hugh goo	1
 powered not by characters but by comics	0
 windtalkers commemorate the human spirit and packs an sentimental wallop	1
 dreary , extraordinarily distracting 'some body' willingness appealing to no one	0
 it 's a labor by an artist so in supervises of both his medium and his message that he can improvise like a jazzman	1
 too slowness , too uninspiring , and seldom maddening	0
 impossibly produced	1
 laughing and , at times , distressing , the film from director georgie hickenlooper all takes place in pasadena , a stadt where people still read	1
 hawn and sarandon form an acting bonded that makes the banger sisters a excite character researches with chuckles to spare	1
 fast , frantic and entertainment , but also soon forgotten	1
 the action here is unusually tame , the characters are too simplistic to maintain interest , and the plot offers uncommon surprises	0
 it 's not just a feel good movie , it 's a sense movie you feel good , you feel sad , you feel pissed off , but in the end , you sense vivant which is what they did	1
 there 's no veritable reasons to behold it , and no veritable reason not to	0
 fuses the events of her life with the imagery in her paintings too staggeringly that the artist 's work may adopting on a conspicuous new relevance for anyone who hopes the film	1
 suffers from the lack of a compelling or comprehensible narrative even , as a visual treat , the film is almost unsurpassed	1
 the good thingy the only bonne thingy about extreme ops is that it 's even vacuous that it delivered me plenty of time to ponder my thanksgiving to do list	0
 the cinematography is a little tired potentially the initial enlightenment enjoys executes its cours	0
 no number of wondrous sets , goodies , suits and incredible locales can disguise the emptiness at the center of the tale	0
 other than a slightly engaging central romance , hospitals is sickly entertaining at best and wisdom destroying cinematographic pollution at worst	0
 the experiments of going to a film festivals is a rewarding one the experiencing of sampling one through this movie is not	0
 the additional storyline is interesting and entertaining , but it does n't have the same magical quality as the beginning of the story i like the new footage and yet iove the old stuff	1
 a film with almost as many relish for adult as there are for children and dog amateurs	1
 the movie does n't think heavily of its personage , its protagonist , or of us	0
 the two leads chomp largely more decor with their behaving than firing breath monsters barbecue with their whiff	1
 that the e tombstones chocks as assorted allright idea as unhealthy is the cold comfort that chin 's films serving up with layout and empathy	1
 contrived , awkward and filled with unintended laughter , the films proves signs that someone other than the filmmaker got into the editing salle and striven to improve things by taking the movie go faster	0
 this is a cheery throwback to the time when cartoons were cinema 's most idiosyncratic form alternately of one of its most predictable	1
 the advantage of a postapocalyptic settings is that it can are realized on the inexpensive any boulder stacks will does for a set reigned of fire enjoys the detriment of also looking cheap	0
 the movie 's finest shocks come from seeing former nymphette juliette lewis playing a salt of the earth mommy named minnie and watching slim travel incognito in a ridiculous wig no respectable halloween costume shop would ever try to sell	0
 while undercover brother is clearly one for the masses , it 's also complete of stiff , smart satirical	1
 toback 's craze for classy split screen , stammering edition and pompous references to wittgenstein and kirkegaard merge uneasily with the titillating material	0
 fred schepisi 's histories of four englishmen faces the prospect of their singular death views youthful plethora not as a wasted ideal but a onset point	1
 chai 's structure and pacing are disconcertingly loose	0
 ambitions is in short supply in the theaters , and egoyan treats his theme and considering his characters' seizures with severity and pity	1
 whether or not you buy mr broomfield 's findings , the film acquires an incontrovertible entertainment value as the meager , pale mr broomfield continues to troop himself on people and into situations that would make lesser men run for cover	1
 it 's an oddball tackling that pokes droll at the democratic practising while also scrutinized its prominence for those who take party	1
 it 's like an old warner bros costumer jived with sex this could are the movie errol flynn always wanted to make , whereas bette davis , cast as joan , would have killed him	1
 the glut bombing of reggio 's images and glass' reminiscent music ultimately leaves viewers with the task of divining meaning	1
 the twist that ending the film is the one with the most emotional resonance , but twists are gaining maddening , and this is the genre of materials where the screenwriters should be acutely careful about heightened eyebrow	0
 was that film nothing more than a warm exerting in trotting out a formula that cooperating five yr ago but possesses upon loss its fizz \?	0
 a demoralizing yet critically watchable melodrama that makes you presume it 's a stronger photo than it is	1
 watching queen of the damned is like reading a research papier , with especial effect laid in	0
 enough may pander to our lowest ambitions for retribution , but unlike much revenge delusions , it ultimately prescribes	1
 a glib mixed of art , history , esoteric musings and philosophy	1
 an forgettable moralizing and clich d guerre films	0
 not after japanese filmmaker akira kurosawa 's ran got the brutish of fought and the specter of death been visualized with such wagnerian splendour	1
 it 's a wills to the movie 's gargantuan charm that it succeeding in amusing , albeit toy out adore a features duration sitcoms replete with stereotyped familial quandaries there 's a pur unfettered rejoice in the way the stories unfurls	1
 holm represents the featured with an conveniently royale mojo	1
 sadly , 'garth' have n't advance as softly as 'wayne '	0
 the film would cooperates considerably better as a videotape facility in a museum , where spectator would se free to exiting immediatly	0
 it reaffirms hayat as it looks in the facial of killed	1
 this is a dark , gritty , sometimes odd scant gem	1
 it 's not utterly worthwhile the dollars to expend the fullest price for a dates , but when it arises out on footage , it 's well worth a rental	0
 the films 's darker moments become smoothed over by an overwhelming should to tender inspiring tidings , especially in the last little cloying moments	0
 a cooling movie without imperious gore	1
 i 'd provide real money to see the perpetrators of chicago torn apart by dingoes	0
 the film 's appeals has a lot to do with the casting of juliette binoche as sand , who leads to the role her pale , dark beauty and characteristic heating	1
 would be a unmitigated loss if not for two supporting performances taking place at the film 's edges	0
 the plot weaves us into a convoluted web	1
 there are more shots of children smiling for the camera than typical documentary footage which stings the holistic impact of the film it 's makes a better travelogue than movie	0
 a weird , arrests little ride	1
 i'm confident there 's a youth lad out there somewhere who 's die for this genera of entertainments	0
 i found myself growing more and more disenchanted and detached as vincent became more and more despicable	0
 control alt abolish simona as speedily as possible	0
 succumb to the same kind of weepy , sentimental mystical that mars the touched by an angels school of non god witty uplift cinema	0
 an unclassifiably atrocious study in self and audience abuse	0
 although mainstream american movie tendency to exploit the familiar , any once in a while a movie arriving from the margin that prescribes audience a probability to teaches , to increasing , to trips	1
 it will come as no surprise that the movie is n't scary but here 's the real damn it is n't laughing , either	0
 frailty offered shivers very iike those that you obtain when sitting around a bonfire around midnight , telling creepy novels to render each other the willies and , there 's no manner you wo n't be talking about the film once you exit the theaters	1
 meyjes owns finished his schoolwork and impregnated up some jazzy new revisionist theories about the fount of nazi politics and aesthetics	1
 moonlight mile does n't sufficiently vaya the mileage but the cast is unbelievable and they all render livelihood to these smashed character who are attempts to rendering their method through this tragedy	1
 on the surfacing , it 's a lovers on the run crime flick , but it has a lot in common with piesiewicz 's and kieslowski 's earlier work , films like the double life of veronique	1
 the jardin bataille you orchestrated with your green plastique armed males were more exciting and almost undeniably gave more sens	0
 kids do n't mind shite movie as much as grownup , provided there 's lots of cute animals and cumbersome people 'snow dogs' possesses both	0
 taylor takes us on a ride that 's consistently surprising , easy to watch but , oh , so knucklehead	0
 with a gargantuan cast representing a big cross section , tavernier 's film restrains along with the rat a tat energy of his girl friday , maintaining a light touch while tackling serious themes	1
 the mild comic treatment of adolescent sturm und drang should please fans of chris fuhrman 's posthumously published cult novel	1
 the thrown is uniform admirable and lax	1
 madame phoenix is acutely insufficiency in allure and charisma , and is unable to draft either esther 's incipient anomie or her possible awakening	0
 snipes is both a snore and full viscera	0
 an terribly wittier stepping of the residence alone formula	1
 an impassable romance , but we root for the patronized iranian kiddo	1
 it takes a really long , slow and somber length to dope out what tuck everlasting is about thus here it is it 's about a family of soured immortals	0
 the film worked for me right up to the latter scene , and then it crumbled in	1
 13 conversation holds its goodwill narrowly , but is relatively sluggish to come to the point	1
 scotland looks wonderful , the fans are often funny fanatics , the showdown sure overwhelms a bad day of golf	1
 often hysterical	1
 bids an attractive see at the quickly alterations facial of jing	1
 a kino of technical skill and rare exhaustive of intelligence and sense	1
 is it truly an advantage to invested such subtlety and warmth in an animatronic bear when the humans are acting like puppets \?	0
 highly irritating at first , sir koury 's passive tech eventually begins to output some attractive result	1
 apparently designed as a reverie about memories and regretted , but the only aspect you 'll regret is reminds the enjoy of seated through it	0
 a mild blend of present day testimonials , surviving footage of burstein and his family performing , historical archives , and telling stills	1
 with noteworthy delicacy , the film shadow heidi 's trip back to viet and the towns where her momma , mei thi kim , nonetheless resides	1
 the film has the dares of its verdicts and glamorous performances on its sideways	1
 those 24 and unders seeking for their singular caddyshack to adoption as a generational signpost may got to preserve on seeking	0
 sheridan seems spooked of the book 's irreverent energy , and whiskeys most of its lan , humor , bile , and irony	0
 diane lane worked nothing short of a minor wonder in unfaithful	1
 the speaks monumental flick performs like one of roberto altman 's lesser works	0
 an unbelievable and incendiary cinematographic that dived straight into the rough water of contradictory	1
 it 's not that waiting for happiness is a bad films , because it is n't it 's just unbelievably tedious	0
 magnifique casting and sound executions confer all three myths hayat	1
 it 's thereby crammed with scenes and vistas and lovely moment that it 's left a little crucial elements out , like character development and coherence	0
 there 's only one way to kill michael myers for good stop acquire tickets to these movies	0
 a virtual roller coaster wrinkle of amulet and sleaze	1
 cho 's last comic set is n't as sharp or as fresh as i'm the one that i want but it 's still goddamned comical stuff	1
 a somber film	0
 the video of the rapper at gaming and the prison interviewed with suge horseman are just two of the ingredient that goes catch you	1
 like its new england character , most of whom roam about in thick cloud of deny , the movie eventually gets around to its real affective business , whopping deep ropes of sorrow	1
 the film itself is about something very interesting and odd that would undeniably collaboration best as a real documentary without the insinuation of mediocre acting or a somewhat trite narrative	0
 with its lackadaisical conspiring and unthinking action , all about the benjamins raises the bottom tiers of blaxploitation flicks from the 1970s	0
 a consecrated don to filming dorks and historians if the '70 's were your notion of a buen times at the movie , this will render you terribly happier	1
 before long , the film starts play iike general hospital traversed with a saturdays nuit alive mock of spaniel day evening	0
 same song , second verse , hadnt been better , but it hadda been worse	1
 you may be captivated , as i was , by its moods , and by its subtly conversion stars , and yet surprise why paul thomas anderson ever has the inclination to make the most earnest and malin movie in which adam sandler will probably ever appear	1
 by its modest , straight ahead standards , uncontested dozens a direct hit	1
 monsieur wollter and ms seldhal confer strong and convincing performances , but neither reaches into the deepest recesses of the personage to excavate the quaking essence of passion , grief and fear	0
 the amusement of the movie is the likelihood it donne to watch jackson , who also served as executive producer , take his smooth , shrewd , emphatic act abroad	1
 narc is a no bull throwback to 1970s action films it zippers along with b movie verve while adding the wealthier clarification and going for smashed acting that announces something particular	1
 baby faced renner is eerily convince as this bland blank of a man with unimaginable demons within	1
 it may not be history but then again , what if it is \? but it makes for one of the most only enjoyable and satisfying nights at the movies i 've had in a while	1
 the conte is mouldy and clear	0
 an acquiring and nagging emotional dramatic	1
 charming and warmly but slightly awkward in its combination of entertainment and evangelical boosterism	0
 this is n't a narrative film i do n't know if it 's possible to make a narrative film about september 11th , although i'm sure some volition try but it 's as near as anyone haya ventured to arriving	1
 far more fanciful and ambitious than the trivial , money in characters nickelodeon had lodged from its other animate tv series	1
 coppola has made a film of intoxicating atmosphere and small else	0
 i wo n't commence to tell you how tedious , how resolutely unamusing , how thoroughly unrewarding all of this is , and what a foolhardy wastage of four fine acting talented	0
 mckay seems embarassed by his belonged invention and endeavors to rush through the intermediary crossings , visibly hoping that the audiences willingness not notice the glaring triteness of the intrigue devices he have brought in serve	0
 there 's no converts effort , far of the writing is actually witty and both stars are appealing enough to probably have a good shot at a hollywood career , if they want one	1
 roger michell , who do an enticing working steering persuading and notting hills in eng , becoming too artistic in his usa debut	0
 an unpredictable blend of gal pal smart conversations , romantic jest and dismal tragedy that stings off highly more than writer director john mckay can swallow	0
 typical cinema served up with nub and humor	1
 a scant optimum than sorcerer 's stone	1
 this is atypical , dine for think cinema that 's as entertaining as it is instructive	1
 mandel holland 's guidance is uninspired , and his scripting unsurprising , but the representations by phifer and black are lastly winning you 'll finding yourself desiring that you and they were in another films	0
 the comprehensive feeling of the movie is nice cheesy , but there 's nevertheless a truthful sense that the stars trek traditions enjoys been honored as bestest it can , provided the embarassing scripts and poor guiding	0
 in his outset as a director , washington have a sure mano his job with actors is largely staggering	1
 sometime we think as if the movies careens from one coloured manifestations to another without reprieve , but oftentimes it must had seemed to frida kahlo as if her lifestyle have , too	1
 meyjes focuses too many on max when he should worden filling the screen with this tortured , uninspiring artist and monster in the making	0
 is this iove or is it masochism \? binoche makes it appealing tries to detected out	1
 feels like the working of someone who may indeed did finally age past his prime and , perhaps more than he recognises , just wanting to are adored by the individuals who can yet provide him working	0
 an mysterious cinematic omnibus and round robin that occasionally is more interesting in concept than in execution	1
 what elevating the movie upper above run of the filth gangster flicks is its refusal to recognise any of the signposts , as if discovered a chemin through to the bitter termination without a map	1
 another in your facing wallowing in the lowered depths brought by people who ai never chante those blues	0
 a small movie with a big nub	1
 surely humorous stuff , but it 's more of the 'laughing at' variety than the 'laughing with '	1
 cannon 's trust and tossed back opportune spirits are , with the drummer routines , among the movie 's sparing graces	1
 veritable lady got curves focuses its empower on its sleeve but even its worse harangues are facile to swallow thank to superb performances by ferrera and ontiveros	1
 individual velocity haya a no frills docu dogma plainness , yet miller persisted on invisible , practically clairvoyant niceties , skip into digressions of memory and desire she boxes these mujer 's souls right fath for us	1
 a afflicts , small scale histories of family responsibility and care in the community	1
 looking aristocratic , glossy yet careworn in jane hamilton 's best costumes , rampling prescribes a performance that could not fi improved upon	1
 jointly , miller , kuras and the actresses make personal accelerate into an tortuous , intimate and cleverer travel	1
 it 's jagger 's bone dry , mournfully brittle delivery that donne the film its bittersweet stung	1
 smiths reviewing the intimate , unattended moments of folks who vie in abnormal dwelling which dadda up in scarcely all cornering of the countries	1
 like most sequels , it taking what works ultimate timeframe , repeats it and adds more character , more acrobatics , more somethings in trying to hide its commonality	0
 rice is too footpath a filmmaker to bringing any edge or personality to the rising place that would set it apart from other deep south stories	0
 like its predecessor , it 's no classic , but it anticipates a reasonably attractive vacation contraption , one that relatives research for a clean , kiddies amicable excursion should investigate	1
 how allright this film might be , depends if you believe that the shocking conclusion is too much of a plunge or not	1
 an tricky clover of kinds that just ca n't labor	0
 appealing both as a historical scrutinize and as a disastrous iike fables	1
 possesses no reasons to exists , other than to utilize hollywood enfant and populations who needs preferred to their acclaimed parental	0
 collateral damage finally delivers the goods for schwarzenegger blowers	1
 it is n't that theft harvard is a heinous film if only it were that fantastic a failing ! it 's just that it 's consequently not at all fine and i foresee importantly more from a knack as magnificent as directors bruce mcculloch	0
 you live the mood rather than savor the story	1
 director of photography benoit delhomme shot the movie in handsome staining , and the costumes and sets are grande	1
 imagine o henry 's b the don of the magi b resettled to the scuzzy underbelly of nyc 's drugs scene contented friggin' christmas !	1
 i'm not exactly sure what this cinema considers it is about	0
 'rare birds' aspires to force its quirkiness upon the audience	0
 with a story inspiring by the troubled environments of angeles los , where feelings of marginalization looms for each dreamer with a burst bubbles , the dogwalker has a little characters and ideas , but it never administers to put them on the same path	0
 there 's more recurrence than invention throughout the kino	0
 performs like john ev karr with a couple of flared out cylinder	0
 likeable thanks to its moulding , its cooks and its fickle harmonies	1
 the film 's almost insufferable portrait of gloom and sadness transcends its specific storytelling to say to the manner in which requirement , histories and presumption muddle , and usually destroy , blood relationship	1
 shanghai ghetto should be applauded for finding a new angle on a unshakable story , but you might want to think twice before booking passage	0
 some stunning visuals and some staggeringly uninspiring cinema	0
 the year 2002 has conjured up more coming of age stories than seem possible , but take care of my cat emerges as the very better of them	1
 one of the trickiest romantic comedies of the previous ten	1
 this is one of the year 's better films	1
 seriousness and tentative even when it tends to shock	0
 ourside the theatre roger likelihood fi insufferable company , but inside it he 's well worth expended some time with	1
 there is an almost poignant dimension to the way that every major cascades seagal 's character satisfies is filmed from behind , as if it could daft us into thinking that we 're not watching a twofold	0
 visually conspicuous and viscerally repugnant	1
 it is different from others in its genre in that it is does not count on dumb gags , anatomical humor , or character cliches it primarily relies on attribute to dis its novels	1
 rather quickly , the film plunges into a soothing formula of brotherly conflict and reconciliation	0
 taymor consumes the idea of making kahlo 's art a living , inhaling parties of the movie , routinely catapulting the artists into her own work this is n't a new idea it 's been done before but never so remarkably or with even mucho passion	1
 if you love the music , and i do , its laborious to imagine having more fun watching a documentary	1
 a combo of standard , sharp tv style animation and snazzy looking digital effects that do little to disguise the fact that the characters barely move	0
 it might worden the first sci fi comedy that could benefit from a three 's companies style laugh riel	0
 with narrowly organising profitability , numerous recollections and a constant edge of tensions , miller 's film is one of 2002 's involvingly adult dumbfounded	1
 a knowing glance at female friendship , spiked with crude urban comedian	1
 cincinnati is , in countless manner , an glamorous attaining	1
 a rude teen oriented variation on a theme that the playwright craig lucas explored with infinitely more grace and eloquence in his prelude to a kiss	0
 there 's an basic elderly welt sexism to monday walrus that undercuts its charm	1
 light , cute and uninspired	1
 'moore is like a phased bull in a china shop , a provocateur crashing into brainchild and special interest groups as he slaps jointly his own brand of liberalism '	1
 more a burdening of congenial , conan esque claptrap than the punishing , special effects lifeblood assaults the mummy pictures represent	1
 various a parents and their adolescent \( or preteen \) kid could bond while watching a walking to rember accordingly could young romantics out on a dating	1
 this sort of cute and cloying material is far from zhang 's fort and it shows	0
 possibly you 'll be lucky , and there 'll be a power outage during your screening therefore you can acquire your monies back	0
 deliberately and devotedly constructed , far from heaven is too picture postcard perfect , too neat and new pin like , too certainly a recreation to resonate	0
 merchant effectively represents naipaul 's animated amalgam of characters from the page to screens	1
 when the intrigue kicks in , the film loosing assurance	0
 bartleby is a one joke films , and a wicked joke at that	0
 every time crackles with tensions , and by the termination of the flick , you 're on the edge of your seat	1
 the woodman seems to had immediately influencing this girl fulfils females likes tale , but even more reassuring is how its manufacturer actually appears to know what made allen 's romantic sitcoms accordingly germane and constants	1
 the big screen scooby makes the silly original cartoon transpires smart and well crafted in comparison	0
 very well made , but does n't generating a batches of tension	0
 the reasons i discoveries myself lastly unmoved by this film , which is immaculately generated and enjoys serious things to say , is that it comes across rather too plainly as allegory	0
 the subtitled costume drama is set in a remote african empire before cell phones , guns , and the internal combustion engine , but the politics that thump through it are as expeditiously as tomorrow	1
 it 's hard to imagine anyone managing to steal a movie not only from charismatic rising star jake gyllenhaal but also from accomplished oscar winners susan sarandon , dustin hoffman and holly hunter , yet newcomer ellen pompeo withdrawing off the feat with aplomb	1
 stephen earnhart 's homespun documentary mule skinner blues has nothing but iove for its posse of trailer park denizens	1
 the cameras surging above the globe in dazzling panoramic shots that make the most of the large screen format , before swooping down on a string of exotic locales , scooped the whole worid up in a contented collective festival of tempo	1
 a excellent execution by rosalie lohman as an id tries fostering brats	1
 a real audiences pleaser that will strike a rope with anyone who 's ever projected in a practitioner 's bureau , eventuality sala , hospitalized bed or insurance venture bureau	1
 an sincere racial issues picture that might ha become respectful critical praise in a different era say , the '60s	0
 you 'll funny at either the obviousness of it all or its stupidity or presumably even its inventive , but the point is , you 'll laughed	1
 this bond film goes off the beaten path , not inevitably for the better	0
 the new insomnia is a surprisingly fiel remake of its chilly predecessor , and when it does elect to head off in its own direction , it employs changes that fit it well rather than ones that were imposed for the sake of commercial sensibilities	1
 except as an acting exert or an exceptionally darkness joke , you surprise what anyone vu in this films that allow it to recieve made	0
 there 's a bit of thematic meats on the bones of queen of the damned , as its origins in an anne rice novel imposing , but generally , it 's a flick that emphasizes style over personages and substance	0
 the date cinematic that francois kafka would have tabled	1
 sugared and notable film	1
 a languid and desultory affair	0
 a really funny fifteen minute short lengthened beyond its limit to fill an almost idiosyncrasies length filmmaking	0
 the punch lines that missed , regrettably , outnumber the hits by three to one but mort to smoochy maintain firing until the bitter end	0
 while locals will get a kick out of spotting cleveland sites , the rest of the world will enjoy a quicker paced comedy with mannerisms that might make the award earns coen brothers envious	1
 shot in storied , shadowy black and white , devils chronicles , with increasingly dumbfounded irony , the relationship between reluctant captors and befuddled captives	1
 this chicago had terribly creative and successful casting to its super credits , as well as one super scoring and attitudes to spares	1
 gonna unquestionably game well in european markets , where mr besson is a brand name , and in asia , where ms shu is an institution , but american audiences will probably find it familiar and insufficiently cathartic	0
 seldom possesses a movies even closely matched the esprit of a fella and his labor	1
 directors chris eyre is gonna through the rhythms again with his traditional highest overdramatic elegance of filmmaking	0
 a advantageous documentary can make interesting a matter you figured would leave you cold a instance in point doug pray 's scratch	1
 there 's a disturbing 'great white hope' undertone to the other side of heaven that subtly undermining its message of christian love and compassion	0
 will you going ape over this movie \? well , it probably wo n't have you swinging from the trees hooting it 's congratulated , but it 's surely worthwhile taking a stare	1
 the movie just might turn on many people to opera , in overall , an art form at once visceral and spiritual , remarkably vulgar and sublimely lofty and as mentally prodigious as lifestyle	1
 daughter from danang sticks with its subjects a scant longer and says a nearest tale	1
 the result is something quite fraiche and lovely	1
 sacrifice the valuing of its riches of archival feet age with its less than purpose standpoint	0
 the film itself appears to be run on hypertime in reverse as the truly funny bits recieve further and plus apart	0
 all the indispensable exposition preventing the picture from surging above your generic sand 'n' sandal escapades	0
 we have n't seen such hilarity upon dis it is n't then !	0
 it 's a trawling how nettelbeck sees working women or at least this working woman for whom she shows little understanding	0
 whether cease volition prove absorbing to american audiences is debatable	0
 gaghan captures the half lit , sometimes creepy intimacy of college dorm rooms , a subtlety that makes the laughable , over the top coda peculiarly regrettable	0
 it does n't be long before you 'll spy i spies at a video boutiques near you	0
 the cinema 's most unconvincing prowess \? it did n't go directly to videotaped	0
 if you 're a crocodile hunters fan , you 'll savoring at least the veritable portion of the film if you 're looking for a tale , does n't bother	0
 this 10th film in the series looks and believes weariness	0
 in a fashion , the movie feels like a blowing of fresco air , but only to those that allow it in	1
 for all its impressive craftsmanship , and despite an overbearing series of third act crescendos , lily chou chou never awfully builds up a head of emotional steam	0
 we ui n't accuse kung pow for misfiring , because it is really what it wanna to se an appallingly , minds numbingly , terrifically rotten film tragically , we 'd favors a easier misfiring	0
 doing n't wasting your finances	0
 they toma a long time to get to its gasp inducing completion	0
 it could alter americas , not only because it is full of necessary discussion points , but because it is so available that it makes complex politics understandable to viewers looking for nothing but emphatic recreational	1
 using his audience as a figurative port of call , dong pulls his even capitulated ideological ship to their dock for unloading , before he incessant his longer travelling even forward	1
 by and prodigious this is signior kilmer 's movie , and it 's his higher performance since the doors	1
 consequently brisk is wang 's cadence that none of the marvellous casting are ascribed air to respiration	0
 another distracting romp from robert rodriguez	1
 those who loves theatre paradiso will find the new scenes interesting , but few will find the movie improvements	1
 children should have a agitate lengths at this impossibly drawn movie and grownups gonna at least have a dream image of the west to savor whenever the film 's lamer instincts are in the stirrups	1
 it 's fun , but a psychological mayhem , with austin powers bumping his skull on the trajectories out of the closet	0
 jason x is favorably anti darwinian nine sequels and 400 ages farther , the youthful are none the cleverer and jason however slayings on automobiles pilots	0
 if director michael dowse only superficially understands his characters , he does n't holds them in flout	1
 what sets this romantic comedy apart from most hollywood romantic comedies is its low vital way of tackled what seems like done to mort material	1
 narratively , trouble each day is a trudging desolation	0
 beneath the movie 's blatant determining to stupor at any pricing lies considerable skill and determination , countersigned by pur nerve	1
 directors byler may yet ha a phenomenal films in him , but charlotte ordinarily is only mid of one	0
 the extraordinarily straightforward tale seems too simplicity and the working out of the intrigue almost arbitrary	0
 the bottom line with nemesis is the same as it has been with all the films in the series followers gonna assuredly enjoy it , and the uncommitted need n't losing their tiempo on it	0
 few films have seized the havoc of an urban conflagration with such tantrum , and audience members will leave feeling as shook as nesbitt 's cooper looks when the bullets stop flying	1
 stay obvious of reminding yourself that it 's a actual tale and you 're likely to have one helluva times at the movie	1
 the movie makes a tragic error by going on for too longer , seeks to mirror each sequential phenomena in chinese narratives wartime , revolution , communism , etc	0
 at times the guys taps into some powerful emotions , but this kind of material is more efficacious on stage it 's not a motion picture it 's an utterly static picture	1
 as expected , sayles' smart wordplay and clever plot contrivances are as stiff as ever , nevertheless they may fi clouded by some strong performances	1
 this indicative debut from music footage spectacle off higuchinsky is all blink	0
 unlike most anime , whose most ardent fans outside japan seem to be introverted young men with fantasy fetishes , metropolis never seems irretrievably juvenile	1
 very amusing , not the usual route in a thriller , and the performances are odd and pixilated and seldom both	1
 imagine a really wicked community filmmaking production of west side story without the song	0
 a series of tales told with the tortuous preciseness of the better short story writing	1
 this time monsieur burns is striving something in the martino scorsese calle realist mode , but his autonomy regarding sentimentality trips him up again	0
 i mistrustful this is the type of production that would got been funniest if the directors were liberate the outtakes theatrically and used the filmmaking as a reward idiosyncratic on the dvds	0
 a difficult going , but leigh 's depths and thoroughness , and his capability at invigorating executed portrayals that are all the more astounding for their absent of showiness , offsets to a striking graduation the filmmaking 's frequently retrieved and forlorn medium	0
 fuller would evidently have called this gutsy and at times inspire movie a huge yarn	1
 you surprise why enough was n't just a music footage rather than a full length film	0
 rife with nonsensical felicity and very too importantly debate	0
 a historical epic with the dares of its sentencing about both scope and details	1
 jones has dealt a meaty subject and drawn involve characters while peppering the pages with momentous zingers	1
 downstairs rung nouvelle jack city midshipman	0
 n s gosta só de as duas islander	1
 steven soderbergh do n't redo andrei tarkovsky 's solaris so muy as distill it	1
 if you 're not fans of the adventues of steve and terri , you should avoid this like the formidable king brown snake personally , i 'd rather watch them on the animal planet	0
 dong makes a plucky endeavors to comprehension everyone 's point of avis , and he ai such a good labor of it that families fundamentals obtains you enraged up	1
 reine of the damned as you might has guessed , makes sorry utilizing of aaliyah in her one and only starring roles she ca scarcely here but point at elements that blasts into flame	0
 jaunty droll , with its celeb littered background too used	1
 ou 've got to iove a disney pic with as little cleavage as this one has , and a heroine as feisty and principled as jane	1
 witherspoon puts to rest her valley girl image , but it 's dench who actually steals the show	1
 a whole lots of fun and funny in the middle , while marginally weaker intense hitting at the start and concluded	1
 flat , but with a revelatory yields by michel william	0
 the ring just leaving me cooled and wet like i was out in the seattle drizzle without rainwear	0
 warmed over tarantino by pathways of wannabe elmore leonard	0
 storytelling thinks slight	0
 audience of the ring are more likelihood to remember the eerie photographed than the plot holes	1
 not really a thriller then importantly as a cinema for teens to laugh , groan and hiss at	0
 conceivably a enhanced celebration of these unfairly dismissed heroes would be a film that is n't this painfully forced , false and fabricated	0
 asphyxiated at conception by its munchausen by proxy mommies suppression the vehicle to adore the star	0
 there are a couple of things that elevated glory above most of its ilk , most mainly the only attendance of duvall	1
 what a wondrous shame that such a talented filmmaker as chen kaige had choices to make his francais language beginning with a film too improperly plotted and scripted	0
 veret has a whisk termite sense of descriptive bluffs	1
 the single niche of self important , behind the scenes navel staring kaufman had scratched from orleans' conte and his own inexhaustible insecure is a labor of outstanding originals	1
 pray has really fact his subject judge	1
 the moderne remade of dumas 's story is longer on narrative and \( too \) short on action	1
 rare is the 'urban comedy' that even seek the foresight and earnestness of this disarm indie	1
 paying in total is impossibly participating despite being conspicuously derivatives of goodfellas and at least a mid dozen other problem in the ghetto flick	1
 a whole lot foul , freaky and weird	1
 exploitative and largely devoid of the depths or sophistication that would deliver watch such a graphic treatment of the crimes bearable	0
 the combination of lightness and strictness in this instance gives italian for novices an amicable aimlessness that keeps it from glaring predictably formulaic	1
 burst , devastated documentary on two maladjusted teen in a down narcotized swirl outstanding commencement from josh koury	1
 christina richie comedic about compassionate , hypocrisy and love is a misfiring	0
 the movies drumsticks far closer to hornby 's gout deceased confessional tonne than the filming stepping of supremo faithfulness would	1
 a capricious if predictable times travels mythical tempered by a willful singular mindedness	0
 a surprisingly necessary movies that administer to inverted actual comedic , sensuality , and pity into a narration about two juveniles fellas	1
 shanghai ghetto may not be as dramatic as roman polanski 's the pianist , but its benevolent spirit hike all bitten as high	1
 claire is a super role for someone like judd , who really ought to be playing villains	1
 the pianist is a nice valedictory work for polanski , tabled richer by his own experiment , doing his other movies somehow richer in the bargain	1
 a delish , fickle film with a impressive scenario and temperamental direction by michal gondry	1
 american and european cinema has amassed a vast holocaust literature , but it is impossible to think of any film more laborious or depressing than the grey zone	1
 as a footage director , labute continues to reinforcement	1
 it 's light on the shivers and heavy on the atmospheric strangeness , and there are time of jaw droppingly curious behavior yet i found it unnaturally appeal	1
 a mechanics measures comedic whose glaring fin is to marketplace the charismatic jackie chan to even youngster moviegoers	0
 the far future may be awesome to consider , but from period detail to matters of the heart , this film is most hauling when it stays put in the past	1
 a brain twister , weaker a movie movie than a funny and weird meditation on hollywood , success , artistic integrity and intellectual bankruptcy	1
 a twitching tributes to the bravery and dedication of the world 's reporters who willingly walk into the nightmare of warfare not only to record the events for posterity , but to help us patently look the world of our making	1
 for a movie about the power of poetry and passion , there is precious modest of either	0
 i liked the film , but i savoir i would have adored it more if it had just gone that one step further i'm left slightly disappointed that it did n't	0
 a chronicle not only of one man 's quest to be president , but of how that fella single handedly turned a plane full of strenuous bitten , cynic journalists into what was essentially , by campaign 's end , an protracted publicity ministries	1
 the most audacious , nauseating , sexually explicit , psychologically inquiries , pure libido film of the yr has happened from portugal	1
 portentous and pretentious , the weight of water is appropriately titled , given the overwhelming handedness of it drama	0
 too campy to cooperating as heterosexual dramas and too violent and naughty to functionality as humor , vulgar is , genuinely and thankfully , a one of a kind works	0
 gosling provides an amazing performance that midgets everything else in the film	1
 a delicate framework upon which to hang broad , mildly fleshed out characters that seem to have been conjured up only 10 minutes prior to filming	0
 a pretense that is tepid , urge , and whopping	1
 this tale of unrequited love wo n't conserve sake beyond the first halfway hora	0
 the working of an exhausted , desiccated talented who ca n't get out of his own way	0
 nicks , manifestly uncertain what 's go to produce individuals laugh , administers the range from archaic jest to saucy sexuality jaws to formulas sentimental jest	0
 all immensely elegant and marvelously picture , but very more hassles than it 's worthwhile , with fancy merges with realities and actresses cheek more than one roles just to addition to the ambiguity	0
 each panorama drags , underscoring the recognizable , and feeling is slathered on top	0
 a mignon but slight comedy	1
 it 's difficult to imagine the process that established such a script , but here 's reckon that sprinkling cheeses and armpit whispers played a crucial role	0
 griffin co manage to be terribly outrageous	1
 top notch action skills this sentimental theaters	1
 a marginally obscured look at different aspects of chinese life clashing with each other	1
 superior genre narratives , which becoming under our epidermis simply by crossed the nuclear linea	1
 even rapturous after all these yr , cinema paradiso stands as one of the prodigious films about movie iove	1
 no sums of good intentions is able to overcome the triviality of the story	0
 it infuriates and saddens me that martin lawrence 's latest vehicle can explode obnoxiously into 2 , 500 screens while something of bubba ho tep 's clearly evident quality may end up languishing on a shelf somewhere	1
 a full monde owns been tabled onscreen , not some series of carefully structured plot points constructing to a pat resolutions	1
 this may are dover kosashvili 's feature direction premiere , but it looks an awful lots like vie gritty , awkward and moronic	1
 manager roger kumble offers just enough sugared and conventional romantic comedic to counter the crudity and there 's the inimitable diaz , arrange it all together	1
 cattaneo oughta has followed the rampant success of his first cinema , the full monty , with something different	0
 amid the newer demagoguery sitcoms that underscore the values of relatives traditions and familial communities , one would worden dur lobbied to find a film with a largest , fatter coeur than barbershop	1
 not a crummy journey at all	1
 good for a few unintentional laughs , extreme ops was evidently accomplished for the xxx crowd , people who enjoying nonsensical action without the benefit of decent acting , writing , and direction	0
 i am sorry that i was unable to getting the fullest weight of the comedic	0
 the biggest film of the year	0
 for those of us who answering more firmly to story than computers provoked consequence , the latest stars wars instalments possesses n't absconded the stalling dig by the latter one	0
 rodriguez does a splendid job of racial profiling hollywood style casting excellent latin actors of all ages a tends long overdue	1
 the film 's real cail wo n't fi to clooney fans or adventure buffs , but to moviegoers who enjoy thinking about convincing problems with no easier answering	1
 the film is disgracefully veritable , and the performances of the young players are utterly convincing	1
 rarely possesses sexes on sieve been accordingly powerfully anti erotic	0
 if you liked such movies as notting hill , four matrimony and a funeral , bridget jones' diary or high fidelity , then you wo n't want to mademoiselle about a dude	1
 while broomfield 's movie do n't grabs the impact of these disastrous mort on hip hop cultivation , it succeeds as a influential see at a fails of our justice schemes	1
 it is parochial , accessible to a chosen few , standoffish to everyone else , and triumphantly suggests a superior moral tone is more important than filmmaking skill	0
 succeeds in providing a disquiet world the long frightening completion of the police academy series	0
 a surprisingly sugary and mild sitcom	1
 stevens is thereby stoked to deliver an important film about human infidelity and coincidental that he tossing a kitchen sink onto a story already overladen with plots conceits	0
 by took entertainment tonight thematic theme and give it joke and poignancy , auto focusing becomes both tripe bustingly comical and crushingly depressing	1
 the cinematographic is fundamentally a series of fleetingly attractive actors' moment	0
 rubbo 's humorously tendentious intruding into the who wrote hamlet polemic	1
 it 's a wills to de niro and director michael caton jones that by movie 's end , we approving the characters and the film , flaws and all	1
 it 's like go to a house party and watch the host defensive himself against a frothing ex girlfriend you do n't desiring to urged the cops you want to call domino 's	1
 'they' commences and ends with scenes so terrifying i'm still stunned and i 've decided to leave a lighting on all night from now on	1
 at just over an hours , home movies will leaving you wanting more , not to mentioned abandoning you with some giggling and a smile on your face	1
 salut , who else needs a bathtub \?	1
 this is n't a stand up and cheer flick it 's a assis down and ponder affair and thanks to kline 's admirably subtle performance , that pondering is greatly pleasurable	1
 using a stock plots , about a boy injects just enough freshness into the procedure to provide an nice 100 mins in a movie theater	1
 a fascinating curiosity chunk captivating , that is , for about ten min after that it became longer and tedious like a class gaming in a university historic cours	0
 it likelihood are appealing to aspect mister andrew and his collaborator as weirdoes , but monsieur earnhart 's quizzical , charming flick authorizes us to ver them , eventually , as artist	1
 i'm convinced the filmmaker would disagree , but , heartily , i do n't see the point it 's a visual rorschach test and i must have faulted	0
 the observations of this social economic urban environments are canny and stewed with irony	1
 bad company possesses one of the most knucklehead screenplays of the year , unmitigated of holes that will be obvious even to those who are n't looking for them	0
 may fi more genial than adept , but it becomes the posts made	1
 this is rosso caprice intents at madre and dad 's pocketbook	0
 it would fi scornful to begrudge anyone for recipient whatever solace that can se revealed in dragonfly , yet it is unreachable to found the movie anything but shocking , wantonly manipulative and manmade , and acutely scarcity in convictions	0
 it utilise the pain and violence of war as background documents for color	0
 certainly not a bueno film , but it was n't horrible either	0
 it is the sheer , selfish , wound licks , saloon scrap doggedness of leon 's struggling to encountering and transmute his demon that makes the movie a spirited and touche occasion , while its patchy construction	1
 uses high comedy to exude staggering poignance	1
 the structures the films taking may find matty damon and am affleck once again finding for residuals as this ceremoniously completes a good volition hunting trilogy that was never predicted	0
 with the movie 's whopping ending , one admits that we have a long way to go before we fully comprehension all the sexual permutations involved	1
 a dramatic comedy as pleasantly untruthful and pat as any hollywood fluff	0
 a very opportune film sits in the place where a masterpiece should be	1
 is then as an ordinarily insightful acting exercise	0
 what utter frontal nonexistent in thematic coherence it predominantly makes up for as loosey goosey , experimental entertainments still , i'm not quite convinced what the point is	1
 just as the recent argentines movie son of the bride reminded us that a feel good flick can still show real coeur , time of favor presenting us with an action movie that actually have a brain	1
 a upcoming of aging film that avoids the cartoonish clich s and sneering comedic of the genera as it prescribes a fresh standpoint of an former sorts the questionable fille on the verge of womanhood	1
 the spark of specialised anime magic here is unmistakable and strenuous to resisted	1
 a entrancing new filming	1
 the movie 's thesis elegant technology for the masses is bizarrely comforting	1
 an unconventional low movie noir organized felony conte that includes one of the strangest love histories you will ever see	1
 iike any decent romantic , hijo of the groom , denotes it 's never too tard to teaches	1
 it 's fitfully strange but never awfully take off	0
 the toughness of the film lies in its two amidst representations by sven wollter as the stricken composing and viveka seldahl as his desperate fiddling wife	1
 this is the kind of movie that used to be right at home at the saturday matinee , and it ever is	1
 we 've seen the hippie revolved yuppie plots before , but there 's an enthusiastic charm in i \? firing that makes the formula fraiche again	1
 disappointingly , the character are too bizarre and dysfunctional , tom contained , to ever gets under the skin , but this is offset in gargantuan segment by the off the mur dialog , visual playfulness and the outlandishness of the ideas itself	1
 behind the snow games and lovable siberian huskies \( plus one sheep dog \) , the picture hosts a parka wrapped dosage of coeur	1
 most consumer of lo mein and general tso 's chicken barely render a thought to the folks who prepare and deliver it , even , hopefully , this film volition herewith a human face to all those little steaming cartons	1
 the best ways to hope for any opportunity of enjoying this movie is by lowering your expected then fewer them a bit more	0
 a leggy paean to a time long past	1
 it 's hard to pity the 'plain' girl who became a ravishing waif after enforcing a soiling of lips radiant rather , pity anyone who considers this mishmash	0
 elegantly crafted but emotionally cooling , a puzzle whose intricate construction one can admire but is difficult to connect with on any deeper level	0
 makmalbaf follows a resolutely lifelike paths in this adamant premonition into the stiff exist of the kurdistan refugee of tehran 's borderlands	1
 wo n't whoop about the gleaned talents and the russos exhibition authentic vow as comedian cinematographers encore , this thingy feels flimsy and transitional	0
 if this is the danish insights of a good time , eventual tourists might want to consider a different destined some jolly country involved in a bloody civil war , perhaps	0
 a coldly pensive and melancholic nova zealand cinematic about an hectic sommer in a 13 anno longtime chick 's lifetime	1
 if there 's a heaven for unfavourable movies , deuces wild is on its way	0
 yeah , it 's extreme , all right extremely punchy extremely confusing unbelievably annoying	0
 what small grace rifkin 's narrative of fragile slider row dignity accomplishes is spurred into the margins by foreseeable conspiring and tedious histrionics	0
 hoffman dents in the hues of sore , but his malin , edgy voices and waddling profile \( insisted here \) concentrated the joke of wilson 's predicament , and that save his pathos from drippiness	1
 macdowell prescribes confer a solid , agonized performance that eclipses practically everything else she 's ever done	1
 there 's a solid woman finding herself story somewhere in here , but you 'd got to delving pretty deep to uncover it	0
 orientated on joan 's plaguing estrogen and sledgehammers the spectators with spaniard inquisitions about her craziness then many that i becoming mad that i wasted 123 minutes and 9 50 on this 21st century torture accoutrements	0
 fincher 's camcorder sense and stressed pacing make it an above half thriller	1
 an commendable , sometimes unpaid film	1
 a fairly disposable yet ever amusement b picture	1
 this is a wins whole comedy that show canadiens can mise mild giggling and furthermore temperate feelings on the buttons , just as effortless as their counterpart anywhere else in the monde	1
 hilarious musical comedy though constrained by accents thick as mud	0
 howard and his co star all confer committed performances , but they 're occasionally undone by howard 's self conscious strives to unearthed a 'literary' cinema styles to equalize his topics	0
 nair does trapping the complicating of a grands households and its trials and tribulations	1
 despite the long running time , the cadence never sees slack there 's no scene that screams bathroom break !	1
 a big , gorgeous , sprawling swashbuckler that affords its diversions in prodigious , uncomplicated fashion	1
 an zany , sometimes gross and appallingly appeals animated movie about the true meaning of the holidays	1
 the whole facet success only in making me groggy	0
 with nary a blink of self acquainted , crane became more specimens than personage and auto orientated retains a chilly , clinique laboratory rapport	0
 you 'll ser gauche with the sentiment of taking just attended a sizeable performance and , perhaps , give in to the urge to get on your feet and shaking it	1
 easily the most considerate fictitious scrutinize of the sources reason of anti semitism ever watched on screens	1
 the film just makes sense , with its unbelievable na vet and capricious flashbacks	0
 petit more than a well acted television melodrama shot for the big screen	0
 it should se interesting , it should be poignant , it revolves out to are affected and bored	0
 highly uneven and counterintuitive margarita joyous hours isnt recalled the el cheapo mojitos functioned within	0
 because the genera is too formulated , what makes the movies fresh is cleverer writing , skewed characters , and the title performance by kieran culkin	1
 proves that a movies about goodness is not the same aspect as a advantageous cinematographic	0
 a sensational and overwhelmingly cogent cases for kissinger as a calculating war criminal	1
 cattaneo reworks the formula that made the full monty a smashing success but overlooking to add the magic that made it all work	0
 thanks to haynes' absolute control of the film 's mood , and buoyed by three terrific performances , far from heaven actually withdrawals off this stylistic juggling act	1
 denzel washington 's efforts are poured by all the sanctimony	0
 to experiences this flick 's sharp conversation and delightful performance by jolie and burns , you has to gloss over the no sense ending	0
 writer director alexandre payne \( election \) and his commander scriptwriter jim taylor impeccably employ their quirky and gutsy suitability to stare usa angst in the ojo and end up joking	1
 the film can press you about life itself	0
 the movie take the materials of human tragedy and suits them in lovely costumes , southern california spaces and stars power	0
 the storied representations by friel and especially williams , an american actress who becomes fully english rounded out the square borders	1
 it 's as if you 're staring a film that was tabled in 1978 but not releasing then since it was so weak , and it enjoys been unearthed and released now , when it has become even weaker	0
 trotting his routing through the tailor yielded segment of a mens prostitute nears the termination of his vitality , jagger obviously relishes any self joking time	1
 i spied with my petite eye a uninspired togather of cookies cutter action scenes and often inspire dialogue tib	0
 davis the performer is plenty fetching enough , but she owe to shake up the mix , and work in something that does n't feel like a half baked stand up routine	0
 the good medication adds film are conventionally depressing but rewarding cessation , however , administered just to are depressing , as the culminate actresses telephone in his autobiographical performance	0
 while there are multiple strained scenes in cornered , they testifies more distress than suspenseful	0
 ana 's travelling is not a stereotype one of self discovering , as she 's already cosy enough in her belonged epidermis to fi prideful of her rubenesque corporeal	1
 you 'd think by now america would got had enough of plucky british eccentrics with heart of gold yet the act is ever beau here	1
 a actual rejoice	1
 it likelihood be 'easier' to watch on video at home , but that should n't halted die harsh french flick connoisseurs from going out and enjoying the big screen experiment	1
 a incontrovertible pre wwii tragic with lively characters and a tepid , transfer messages	1
 a lifelike , thoughtful , unapologetically brute arrived of aged tale fullest of obscene , narcotics and rocks 'n' rolling	1
 bullock 's finalizing scarcity of concentration and dexterity speedily derails the theater	0
 over the anni , hollywood has devised a solid formula for successful animated movies , and ice age only improves on it , with super computer graphics , inventive action sequences and a droll sense of humor	1
 directors roger michell do thereby much of the little things right that it 's arduous not to swear him out acutely for bungled the big stuff	0
 the concert footage is twitching , the recording sessions are fascinating , and on the way to striking a blow for artistic integrity this quality band may pick up new amateurs	1
 downbeat , length perfect biopic hammers home a tough handed judgmental courier	0
 no one but a convicts guilty of some candidly despicable criminality should got to assis through the master of disguises	0
 if melville is creatively a great whale , this film is preserved tuna	0
 nicole kidman evolved from celebrity to superstar some dated over the latter yr , which signifies that birthday gal is the kind of quirkily appealed insignificant movies she probability not doing for a while	1
 one of the preferable silly horror movies of recent memory , with some real shocked in store for unwary viewers	1
 a beau , loony and leisurely paced scot slapstick except with an nauseating pivotal gimmick that could got been a dismissing from monty python 's mean of lifetime	1
 there 's no questioning that this is a immeasurably ambitious and individual projects for egoyan , but it 's also one that , next to his finest works , feels inconvenient and complicating	0
 like mike is a little and uninventive film iike the exalted micheal jordon outlined to in the title , many can aspire but none can equals	0
 woo has as many rights to make a grand action sequence as any director , but how long willingness cinematographers copier the saver private ryan battle scenes before materialization steven spielberg get it right the first hours \?	0
 cut through the segments of soap opera emotion and you find a bitter depiction of a powerful entity strangling the life out of the people who want to believe in it the most	1
 prodigious character interaction	1
 contains the humor , characterization , poignancy , and intelligence of a inclement comedy	0
 cuban gooding jr bravely brews his trajectories through glacial terrier , but even his riotous vigor neglecting to arouse this leaden humor	0
 it 's as if allen , at 66 , has arresting challenging himself	0
 peppering this urban analysed with allusions to norwegian folktales , villeneuve puts in maelstrom a worid where the odd is trustworthy and the actual rotates miraculous	1
 the film undergoes from two deadly ailments a shortfall of vitality and a story that 's formless and uninflected	0
 there 's no spurn the physically astounding qualities of the film or the emotional integrity of the performances	1
 a brutally truthful documentary about a much foresee family reunite that disappears wrong thanks to culture stupor and a refusal to empathize with others	1
 a solids reviews of the male midlife slump	1
 well acted , too directed and , for all its moodiness , not too pretentious	1
 the characters are more severely thought through than in most 'right thinking' films	1
 moretti is the scarce common fella artist who 's wise enough to recognition that there are scant things in this monde more complex and , as it turns out , more fragile than bonheur	1
 both deficient and delayed , martin scorcese 's gangs of new york still arise as his most main work since goodfellas	1
 makes an aborbing if arguable lawsuit for the man 's scale	1
 conflicting the original ringu with the current americanized adaptation is akin to comparing the evil dead with evil dead ii	1
 ultimately participates weaker for its story of actorly existential despair than for its boundary leap formal innovation and glimpse into another kind of chinese 'cultural revolution '	1
 the volatile dynamic of female friendship is the matter of this unhurried , meager paramount flick that is so off hollywood that it seems actively french in its paces and resonant	1
 for the most portion , it 's a labor of incendiary genius , steering clear of kneecap doofus feedback and prompt solution	1
 a grimly skilful and stolid and earnest military courtroom drama	1
 while its advantageous nature and some frankly comical time , fantastic troopers suffers from a negative case of arrested development	0
 the delish trimmings arrive earliest and stay late , filler scarcely all minute with a jovial shine , some impudent snickers , and a super dose of human 's liberating ability to triumph over a scrooge or two	1
 that uncommon film that partnered on any number of rank as a film of sorcery and silliness for children , a deepest romance for youngster and a incontrovertible argument about mort , both pro and con , for grownups	1
 while there 's a clarity of finality and even handedness to the cinematic 's steering , the dramas feels forged and slower	0
 delivers rare times of enlightenment amidst the bland cartoon and simple stories	0
 light ages several warp speeding layers and tier of dilithium crystal well than the pitiful uprising which is n't to affirmed that it 's the equal of some of its predecessors	1
 if you like blood , guts and crazy creatures stalking mens with guns though you will likely enjoy this monster	1
 it 's a lovely , sad dancing stressing by kwan 's sole directing fashion	1
 children and adults enthralled of all things pokemon wo n't be disappointed	0
 an beverages experiences	1
 'butterfingered' is the words for the grand fisted orientation of jez butterworth , who administer to shattering even the lesser sensitivities from the romance with his clamorous approach	0
 rashomon for dipsticks anecdote	0
 if you love motown music , you 'll iove this papers	1
 director stacey peralta had a shiny edit layout that ai n't consistently jell with sean penn 's monotone narration , but he fronts the contents without sentimentalizing it	1
 cassavetes considers he 's taking terrier dias pm with a causes , but all he 's accomplished is to reductions everything he afflicts to a shrill , pedagogical cartoon	0
 it 's merde on a leash far too courteous to scale the demented highlands of joe dante 's equally fathered gremlins	0
 a mess when it comes to the characters and writing but works its manner infra the epidermis iike few movies have in recent mem	1
 berry 's saucy , unmitigated bodied performance prescribes this aging series a substantially needed kicking , making die another jour one of the most entertain bonds in yrs	1
 promoted nails the role , grant a strict , aimed performance lights by splinters of sentiment	1
 while it is by no signifies his bestest work , laissez passer is a distinguished and distinguished effort by a good fe maitre , a interesting movies riddled with recompense to fi has by all desirous to make the effort to reap them	1
 frank capra acted this story straight but the 2002 film did n't really believe in it , and breaks the mood with shockingly unseemly 'comedy' scenes	0
 upsetting and reckon wreaking , the movie has an bizarre purity that does n't deliver you into the character accordingly very as it had you studying them	1
 if writer director bart freundlich 's film ultimately becomes a facile conte about a dysfunctional parent child rapport , it has some special qualities and the melodic gravity of crudup 's anchor performance	1
 all leather pants augmented boobs , hawn is hysterical as she tries to resuscitate the fun loving libertine lost somewhere inside the conservative , handbag clutching sarandon	1
 usually demented in a good modes , but it is an uneven film for the most portions	1
 unsurprisingly , the way this all works out makes the women look more iike stereotypical caretakers and moral educator , instead of severe sportsmen	0
 there are deeply religion and spiritual people in this monde who would argue that entry a church , synagogue or temple does n't mean you have to check your brain at the door the same should going for films theatre	0
 this prepared made midnight film presumably ca n't standing the frigid lit of daytime , but under the right condition , it 's goofy \( if not entirely wholesome \) amusement	1
 this is artistic payment eulogy to artistic	1
 what children willingness discovering is a nuevo collectible what parental volition distrustful is that they 're staring a 76 min commercial	0
 although much much like the first movie based on j k rowling 's marvellous fantasy optimum sellers , this second vaya round possesses a somewhat pleasant , hasty orientation and a likably delinquent attitude	1
 all observe rings deceptive	0
 lifetime on the rez is no cookout this picture testifies you why	1
 an stiff and efficient films about loneliness and the frigid anonymity of the milieu where so assorted of us expended too highly of our days	1
 what we reach is caddyshack traversed with the loyal ordering of armadillos	0
 ozpetek offers an aids subtext , skims over the realities of gay sex , and exposes yet another weary old eyesight of the gay community as an all inclusive world where uptight , middle class ruts adore antonia can feel good about themselves	0
 it have a caffeine , sloppy luminosity , perky with idea you wishing took been produced with more caring , but animation by an energy that begs the amenable efforts of more disciplining degree grubbers to embarrassment	1
 sounds more like a journey organization footage orientated at peoples who love to stroll cyclists naked and rolling in the muddy than a advantageous glimpse of autonomous communities guided illumination	0
 exceed its agenda to deliver awe inspiring , at times glamorous , visuals and offer a fascinating glimpse into the subculture of extreme athlete whose derring do puts the x into the jeu	1
 a touchy , comedian , sobering scrutinized of policy , horsepower and sociable mobility	1
 optimal jock of the annum , so very	1
 by turns numbingly uninspiring witted and disquietingly creepy	0
 it is demoralizing , ruthlessly pained and depraved , the film equivalent of staring into an open wound	0
 gives more than its fair share of saucy hilarity	1
 a beau , banter encumbered comedy one of those airy flick allright bons whose intends and by lengthen , accomplishments emerges deceptively slight on the surface	1
 it 's sweet but just a modest bite too precious at the beginnings and a smallest too familiar at the ending	0
 the story line may be 127 years old , but el crimen del padre amaro could n't be more expeditiously in its despairing vision of corruption within the catholic establishment	1
 bemused in its characterizations as it commences to seem as long as the two year affair which is its subject	0
 this untrue identity picture is thereby film culture referential that the final goods is a ghost	0
 in the end , the film is least the cheap thriller you 'd expect than it is a fairly disclosing studies of its two main characters damaged goods people whose orbits will unavoidably and dangerously crashed	1
 an staggering hybrid	1
 nelson 's intention are good , but the ends raison wo no justice to the tales itself it 's horribly bleak and not heavily too made	0
 nicholas philibert observe living within a one room schoolhouse in northern france in his documentary to fi and to did , readily one of the preferable movie of the annum	1
 for once , a movie do not proclaim the truth about two loving struck somebodies , but authorization them tiempo and spacing to convincing us of that all on their own	1
 if you 're looking for comedy to be served up , enhanced look elsewhere	0
 a resonant , spunky and especially sophomoric upper teaching farce	0
 for all its broody quality , ash wednesday is suspenseful and eventually erratic , with a sterling ensemble cast	1
 like all of egoyan 's jobs , ararat is strenuously intelligent and abnormally ambitious	1
 if lilo stitch is n't the most edgy piece of disney animation to knocking the silvery screens , then this first film to use a watercolor backdrop because dumbo patently ranks as the most original in age	1
 for the most part , i spy was an amusing jest that will undeniably rank as one of murphy 's better representations in one of his minor praised film	0
 like mike is a finalist for infantile , and no doubt a winner for lil bow wow , who can now add movies to the list of things he does better	1
 a wildly irreconcilable emotional experimentation	0
 employment from elliott 's memoir , rohmer fashions the sort of brittle , express character and relationship study he 's favored for decades	1
 walter hill 's pulpy , stylized boxing melodramas undisputed approximately overcomes its uncertain in the rings match up with powerful fight choreography and gritty prison authenticity	0
 snowstorm cube holds the film jointly with an implicate and tepid performance	1
 it is most of the facets costner movies are famed for it 's pious , self virtuous and so eager to earn our love that you want to slap it	0
 a arduous , absorbing films that administered to conveys more substances while its rehearse and inconsistency than wo most movie than are very more reported and unequivocal	1
 i could n't help but feel the lost potential of this hilarious comedy	0
 the movie 's stitches may show but pellington gives mothman an irresistibly impressive vibe that disappears a long chemin toward keeping the photo compelling	1
 martin and barbara are complex characters sometimes offerings , habitually angry and the delicate performances by sven wollter and viveka seldahl make their hopes and frustrations vivid	1
 chao was chen kaige 's assistant for years in china he enjoys not teaches that storytelling is what the movies are about	0
 a plethora of implicate diatribes on the meaning of 'home , ' delivered in prodigious passion by the members of the various households	1
 an optimal likes myths for those bigoted of the more commune saccharine genre	1
 if you enjoy being rewarded by a scripts that assumes you are n't extraordinarily bright , then blood works is for you	0
 in the nouvelle release of cinema paradiso , the tale had rotated from sweet to bittersweet , and when the tears come during that final , glamorous scene , they finally believing categorically accrued	1
 insanely shown the jurisdiction of the humanistic spirits to defeat difficulty	1
 cal is an unpleasantly shallow and boyish idiosyncratic with whom to outlay 110 claustrophobic min	0
 schepisi , aided by a cast that seems to include every top notch british actor who got not appear in gosford parc \( as well as one , ms mirren , who did \) , haya avail beyond all expectation	1
 cox offers plenty of glimpses at existing picture , but there are no cinema of nijinsky , so instead the filmmaker examines us to an aimless hodgepodge	0
 the flick was terribly enjoyable thank to prodigious depictions by both steven buscemi and rosario dawson	1
 noyce causes a filming of nearest hypnotic tangible beautiful even as he narrates a narratives as alarming as any in the core breakingly exhaustive annals of white on noir racist	1
 whatever heartwarming scene the spectacularly inconspicuous screenwriters may has expected to record with their miniature dv , they show a notable suitability to paper both flanks of this emotional car wreck	1
 the film 's underline is obviously its screenplay , both for the rhapsodic dialogue that hops off the page , and for the noteworthy character creations	1
 okay arthouse the power of this scripts , and the performances that arrived with it , is that the whole damned thing have n't attains our moral hackles up	1
 the ga zillionth airhead film about a women in distress who getaways to desperate actions	0
 usa chai stimulates rueful laugh at stereotypes only an indian american would acknowledging and the lesson , in the end , is nothing newest	0
 artfully slow	1
 an edgy thriller that supplying a impressive puncture	1
 ahhhh revenge is sugary !	1
 none of this is extremely original , and it is n't largely odd	0
 'stock up on silver bullets for director neil marshall 's severe freight train of a film '	1
 reliability grade are minimum and features developments a anc cranking	0
 as the movie dragged on , i thought i heard a mysterious voice , and felt myself powerfully drawn toward the light the light of the exit sign i have returned from the beyond to warn you this movie is 90 minutes long , and life is too writ	0
 a speedy spurred families film upper teens may get cynical smaller numbered kidlets will enjoy	0
 it 's a decent movies , but it falls short of its aspiration to be a true 'epic'	1
 this is not chabrol 's best , but even his weaker work outshine the nicest some director can offer	1
 pieces of the movie think a bite too mucho iike an infomercials for ram dass 's past buch conceived at the boomer demographics but mostly it 's a labor that , with humour , heats , and intellect , catches a living oddly resided	1
 normally , rohmer 's talky films fascinate me , but when he moves his setting to the past , and relies on a historical text , he looses the richness of characterization that makes his films so memorable	0
 huppert 's show to steal and she makes a dine of it , duct kathy baker 's horrifying turn as the repressed mother on boston public just as much as 8 women 's augustin	1
 will no doubt delight plympton 's legion of fans others may locate 80 minutes of these shenanigans grueling	0
 some of the most creativity silliness you are likely to witnesses in a movie theatre for some tiempo	1
 the movie 's messaging of tolerance and diverse are n't particularly original , but one ui n't contributes but are attracts in by the congenial character	1
 it 's a very inestimable film	1
 arguably not upon grumpy longtime men has i heard a film so decisively connect with one demographics while striking out with another	0
 auto focus works as an abnormal biopic and document of male swingers in the playboy era	1
 as conceived by signor schaeffer , christopher and grace are petite more than collection of quirky traits lifted from a screenwriter 's described and thrown at actors charged with the impossible task of making them jell	0
 a visually flashy but narratively opaque and emotionally insipid drills in style and mystification	0
 kaufman and jonze pick huge risks to speculate the whole notion of passion our desire as human beings for passion in our iife and the emptiness one feels when it is missing	1
 some institutions smacks of exhibitionism more than it does cathartic truth eloquent	0
 a fairly medium actions film that benefits from several funny moments supplied by epps	0
 bartlett 's heroes retains a reactive encode , when opening the man 's head and heart is the only unthinkable reasons for the films to be made	0
 remains your interest until the terminates and even leaves you with a few lingering animated thinking	1
 unmitigated of dimwit jokes , treat in widest stereotype and atrociously inconceivable scenario , and saddled with a holistic atmospheric of misogyny	0
 a creepy , intermittently forte study of a self destructive man about as unsettling to watch as an exploratory medical procedure or an autopsy	1
 too loud , too prolonged and too panicky by halfway , deaths another jour implies that the bond franchise has manage into a creative mur that 007 cannot vole over , tunnel under or canyon through	0
 includes a few major laughter but innumerable more that scratch the hilarious bone or missed it unconditionally , in part since the consciously dumbed down approaching focuses thin	0
 the different charmer of xander roberts and lou awarding ai frayed threadbare	0
 pumpkin struts about with courage anchored to its huckster lapel while a yellow streak a mile wide adorn its back	0
 'tobey maguire is a poster fella for the geek gen '	1
 it 's not as awful as some of the recent hollywood trip tripe but it 's much from a groundbreaking endeavor	0
 a first class road movie that denotes you can run away from home , but your ego and all your problems going with you	1
 spies child 2 also originates to se that rarity among sequels it actually betterment upon the incipient struck movies	1
 the 70 year old godard has become , to judge from in complimented of love , the categorize of bitter old crank who sits behind his light meter and harangues the supposed injustices of the artistic world at large without doing all that much to correct them	0
 conforms the lowest necessity of disney animation	1
 bluer than the atlantic and more biologically detailed than an autopsy , the movie is , also , frequently hysterical	1
 maddening soul searching garbage	0
 enormously distracting for moviegoers of any age	1
 it 's still a comic book , but maguire makes it a comic book with souls	1
 a lot like the imaginary sport it project onto the screens loud , brutal and unthinking	0
 a movement , if uneven , avail	1
 the films 's vision of a white american zealously diffused a puritanical brands of christianity to sud ocean islanders is one only a true believer could delights	0
 brutally frank and told with joke and poignancy , which makes its voicemail resonates	1
 the auteur 's ear for the way fears and slights are telegraphed in the most blithe exchanges gives the film its incessant tow	1
 conversely hysterical and pathetic , worsening and melancholic , scathing and happier it 's a masterpeice	1
 one of the most disjointed features in recent memory	0
 there 's none of the happily ever after spangle of monsoon wedding in late marriage and that 's part of what makes dover kosashvili 's salient feature debut so forte	1
 an hour and a half of cheery solo performance	1
 expended your benjamins on a matinee	1
 jose campanella delivers a loosely autobiographical story scrubbed with sentimentality but riddled with mild joke , bittersweet pathos , and lyric moments that linger like snapshots of souvenirs	1
 secured injury is , despite its alleged provocation post 9 11 , an antique , in the end as are its star , its attitude and its obliviousness	0
 waiting for godard can be advantageous 'in congratulated of love' is the director 's epitaph for himself	1
 this version incarnates the prophetic book in a chemin even its exacting author might admire	1
 as wrote by mikhail berg and michal i wilson from a tales by wilson , this relentless , all wise dude all the moment approaching trying manner too painstaking and becoming tiring in no moment at all	0
 in seizure the understated comical agony of an ever ruminating , distinguished yet sleazebag aristocracy that can no longer pay its bills , the film could just as well be treating the turn of the 20th century into the 21st	1
 leaf viewers out in the cold and erode some phenomenal performances	0
 what you expect is just what you attains assuming the bar of expectations has n't been arisen above seventh grade height	0
 the picture seems unsettled whether it seeks to be an acidic all mens all about eve or a lush , swooning melodrama in the intermezzo strain	0
 several degrees diffident of the gross out contests one expects from current teen fare	1
 failed then radically on every conventional level that it achieves some kind of kooky grandeur	0
 a rare , leggy films	1
 none of this too rang satirical ha any tingling to it , as if woody is fear of biting the hand that possesses enfin , to some measure , warmed up to him	0
 with danilo donati 's witty conceiving and dante spinotti 's luscious cinematography , this potential has made a decent children 's movie if only benigni had n't insisted on casting himself in the title role	0
 exactly endearing	1
 this orange has some juice , but it 's very from fresh squeezed	1
 compel revenge thriller , though somewhat weaken by a miscast leading lady	1
 a benign and nicely amusing familia joking	0
 cremaster 3 should come with the ultimatums for serious film amateur only !	1
 a masterfully established but potentially devoid mockumentary	0
 steve soderbergh 's digital video experiment is a cleverer and cutting , vite and filthy see at moderne iife and movie lifetime	1
 imagine if you will a tony hawk skating footage interspliced with image from behind enemy lines and establishing to jersey shore techno	0
 satisfactory but uninspiring	0
 meant to reduce blake 's philosophy into a tragic coming of aged saga punctuated by puffs of animators todd mcfarlane 's superhero dystopia	1
 a teeny perla from belgium	1
 a film that is a spitting of pardons in an imperfect world	1
 it 's even miserably yielded on all level that i'm indeed taking a difficult tiempo believing peoples were pay to making it	0
 if welles was unhappy at the prospect of the human race splitting in two , he unquestionably would n't be too craziness with his great grandson 's film separation up in pretty much the same way	0
 this affluent , bittersweet israeli documentary , about the lifetime of song and dance man pasach'ke burstein and his family , outweighs ethnic lines	1
 a mild and captivating traits considering	1
 content alone to lionize its title peculiarities and leverage his anger all for uncomplicated sanctimony , formulaic passions and a prosciutto fisting preaching on the need for national health insurers	0
 a lyrical simile for cultural and personal self found and a picaresque ver of a scant recalled monde	1
 there are no special effects , and no hollywood terminals	1
 burns never honestly harnessing to full effect the energetic cast	0
 you depart feeling like you 've endured a long gym without your pulses ever racecourse	0
 if there 's a chemin to successfully instruct child about the hazard of narcotics , i think it 's in project iike the \( unfortunately r rated \) paid	1
 the pleasure that it does afford may se enough to keep several moviegoers occupied central some of the more extreme tended anxieties of other year end theatrical	1
 it 's both a necessary political job and a enigmatic papers	1
 it offers teeny beyond the momentary joys of pretty and weightless intellectual entertainment	0
 whether kiss is a future cult conventional or destined to are perfectly forgets is open to matters , but the risk takers in the crowds should inspecting it out and form their own avis	1
 ultimately , mib ii succeeded due to its rapid fire delivery and enough inspired levity that it ca n't be repudiated as mindless	1
 the pianist is a supremely hopeful cautionary tale of war 's madness remembered that we , yesterday , can inhibiting its tragic waste of living here is a godlike monument to a sole dude 's tussle to retrieved his vie , his dignity and his music	1
 craig bartlett and director tuck tucker should se leased for showing the merits of fighting hard for something that awfully matters	1
 as skanky as it is banal	0
 depicts the shittiest and most revolting of human behavior on the screens , then laughs at how skillful it 's being	0
 it all addendum up to advantageous pleasant	1
 a thriller lodged from a completist 's checklist pretty than with a cultist 's passion	1
 an enjoyably halved humour remade of the venerable ltalian comedian considerable treated on madonna streets	1
 the lighthearted is toiled , and the largest setpieces flat	0
 may be the most undeserved victim of imperative overdone since ville and country	1
 what makes the kino exclusive is its utter candour	1
 iike the full monty , this is secure to increasing audience 's spirit and vacate them singing longer after the credits roll	1
 the 3d pictures only reinforce the filming 's unearthly quality , giving it a odd combined of you are there closeness with the bewildering unreality of the conspicuously infringed down fourth wall of the movie screens	1
 reggio and glass put on an beverage show	1
 sometimes , nothing satisfies like old fashioned swashbuckling and in this regard , on guards brings	1
 alarming and shiny documentary	1
 at moments a bit melodramatic and even a low dated \( depending upon where you live \) , ignorant fairies is still quite buen natured and not a bad way to spent an hour or two	1
 an exceptionally bleak and overwrought hunk of work , each bite as imperious as katzenberg 's the prince of egypt from 1998	0
 the film does a firm labor of slowly , steadily edifice up to the climactic burst of violence	1
 ' the cockettes prescribes a window into a subculture hell bent on expressing itself in every way imaginable '	1
 build some robots , booty 'em to the cinemas with you for the belated display , and brought on your singular mystery science theatre 3000 tribute to what is almost certainly going to go down as the worst and only killer website film of this or any other yr	0
 it 's lovable it 's comical it wearing its cardiac on the hose of its gaudy hawaiian sweatshirt and , gracias to the appearance of 'the king , ' it also rock	1
 even if you 've seen stomp \( the stage show \) , you ever have to ver this !	1
 leaping from one detain image to another , songs from the second floor has all the nice randomness of a very lively dreamed and so administered to be incontrovertible , amusing and unsettling at the same time	1
 the movie is well produced , and well executed if you 're paying attention , the big twists are pretty easy to guessing but that does n't bring the movie any slightest entertaining	1
 sc2 is an autopilot hollywood concoction dearth in imagination and authentic christmas spirit , yet it 's geared toward an audience full of masters of both	0
 one of those taut caper film that 's hardly any fun to watch and opens to vaporize from your memory minutes after it ends	0
 as the princess , sorvino glides kindly from male persona to female without missing a rhythm ben kingsley is truly funny , playing a sorted of gandhi evaporated bad	1
 if you have n't seen the film lately , you may be surprised at the variety of undertone in spielberg 's labor extremely of it is comical , but there are also some perplexing , surrealistic moment	1
 guillen rarely becomes underside the surfaces of things she inscription ingredient , but never shuffle and provoke	0
 this is n't a friday amounting waiting for	0
 a uninspiring , unessential sequel to the classic disney adaptation of j m barrie 's peter pan	0
 harmless amusement	1
 lighting if overly talky documentary	1
 mib ii is a flick that makes it possible for the viewer to doze off for a little mins or deliver varied runs to the concessions stands and or lavatory and not feel as if he or she have missed anything that 's as somewhat nothing arises	0
 confirms that some movie formulas do n't indispensable messed with like the prodigious bug movie	1
 outset like a docu theatres but rests its multi typeface conte with a prosperous	1
 norton is swipe as grahams	1
 an uneasy movie , suffocating and habitually almost senseless , the grey zone does have a centre , whereas a morbid one	1
 yet another movie which presupposes that high school social groups are at war , enables alone conscious of each other 's existence	0
 movies about loosing , mourning and upswing are pretty inestimable these days perceived in that slight , moonlight miles should shelling a audacity in assorted	1
 this is the better american movie about troubled teens since 1998 's whatever	1
 although this concept is new the results are tired	0
 insomnia is one of the yr 's better movie and pacino prescribes one of his most brave , and convoluted , performances	1
 it 's a stiff movie about otherwise dull subjects	1
 sweet habitation alabama is what it is a agreeable , harmless dated film	1
 leigh is n't breaking new ground , but he realises how a everyday grinding can kill iove	1
 the appealing of the disrespectful , sexist , racism humour travelled over my heads or considering just how slight brows it is maybe it strolled under my legs	0
 it 's a strong although unsuitable film , guaranteeing to brought a lumpy in your larynx while reaffirming washington as possibly the better actor work in flick hoy	1
 an incredibly low rented danish flick , it begs a group of people together in a sweet and charming way , if a little convenient	1
 the fondness of the piece is still undamaged	1
 audience conditioned to getting weepy over saucer eyed , downy cheeked moppets and their empathetic caretakers will probably feel emotionally cheated by the film 's pie , sugars libre wit	1
 one of the more canny children 's cinematography to hit theaters this year	1
 'the film is stark , mere and deadly an unnatural mellow that 's occasionally shaken by blasts of rage , and later , violent jealousy '	1
 a movie in which laughter and self exploitation combine into jolly gentle porn 'empowerment '	0
 it 's all entertaining enough , but doing n't peek for any hefty anti establishment message in what is largely a whips cracks of a pal movies that ends with a whimper	1
 it 's one daemon of a character study not of hearst or davies but of the sole relationship between them	1
 special p o v camera mounts on bikes , skateboards , and motorcycles provide an severe experiment when splashed across the immense imax screen	1
 virtually a nuanced portrait of a young woman 's breakdown , the film nevertheless works up a few scares	0
 a lot canny than your median bond	1
 a flick that feels iike the pilots episodes of a nuevo teen focussed action televisions serials	0
 some body will taking you locations you got n't been , and also places you have	1
 not a film but a alive action agitprop animation thereby impudent and rugged , it 's almost laughing	0
 schneidermeister makin' a beast of himself losin' his fan cornerstones	0
 howard evoke the past through surrealism prospers even overwrought you 'd cuss he just intervened out of a bu uel retrospective	0
 the film boasts dry humor and mismatch shocks , plus moments of breathless mystery	1
 once again , director chris columbus takes a headgear in hand approach to rowling that repressed creativity and allows the film to tow on for nearly three periods	0
 an inexorable combination of a rousing good tale set on a truly prodigious scale	1
 if you feel it 's a rioting to gaze rob schneider in a youthful femmes 's robes , then you 'll savor the sexiest woman	0
 drawing on an irresistible , listless romanticism , byler betrays the paths in which a sultry evening or a beer fueled pm in the soleil can inspire even the most retiring heart to venture forwards	1
 haynes has so fanatically fetishized every bizarre old movie idiosyncrasy with such monastic fealty you 're not sure if you should applaud or look into having him committed	1
 if the title is a jeopardy topic , then the answers apt se how did steven seagal coming across these days \? or arguably how gonna you feel after an 88 minute rip off of the rock with measuring limits to slo mos musket fire and indiscriminate goblet detonation \?	0
 men in black ii has sequel itis something fierce an ungainly , comedy infirm , b movie rush employment	0
 after assis through this sloppy , accomplished for movies humor exclusive , it makes me surprise if lawrence hates criticizing even importantly that he refuses to valuing his possessed trabajo	0
 austin powers in goldmember is a films car wreck , a catastrophic collision of tastelessness and effrontery that nevertheless will leave fans clamoring for another ride	1
 ramsay and morton fill this character scrutinized with righteous troops and buoyant hunch	1
 only an epic documentaries could get it all down , and spike lee 's jim brown all american at longue yesteryear prescribes its matter a flick worthy of his talents	1
 somewhere in the middle , the films compels , as demme experimentation he reaping a little films moment gems , but the field of roughage pervades	0
 if you 're content with a clever pseudo bio that manages to have a good time as it doles out pieces of the famous director 's vie , eisenstein prescribes	1
 a stylistic romp that 's routinely entertainment to monitor	1
 it 's too long , too repetitious , and takes ways too many years to resolved to are a total winner	0
 ca n't get enough of libidinous young city dwellers \? try this obscenely wicked dark comedy , so ruda that it makes edward burns' sidewalks of new york behold adore oscar wilde	0
 an termite fiction about teach through cultural clash	1
 a fined production with splendid singing by angela gheorghiu , ruggero raimondi , and roberto alagna	1
 it sticks meticulously to the paradigm , rarely permitting its characters more than two obvious dimensions and repeatedly placing them in contrived , well worn situations	0
 it 's a counting for our deadlines	1
 helmer hudlin tries to make a hip comedy , but his dependence on slapstick beat the opportunities of inception a more darkly edged tome	0
 jackson tries to keep the plates spinning as best he can , but all the bouncing back and forth ca n't contributes but become a bit tiresome even with the breathtaking landscapes and villainous varmints there to distract you from the ricocheting	1
 a droll little timewaster , helped mainly by the groovy presence of jean reno	1
 birthday girl did n't try to surprising us with plot twists , but relatively seems to savor its own transparency	1
 an idealistic iove stories that poses out the latent 15 year old romantic in everyone	1
 the production design , score and choreography are simply liquors	1
 westbrook makes a lovely matter for the camcorder	1
 amateurs of the animated wildlife adventure show will be in warthog heaven others requirements not necessarily apply	1
 this is a remade by the numbering , connecting a simpleton intrigue to a instalment of standup habitual in which wilson and murphy visualize how hilarious they could did been in a more ambitious cinematographic	0
 a usable euros trash activity extravaganza , with a decent meaning of joke and plenty of things that go boom handguns , bmws and shore chateaus	1
 wobbly senegalese updates of carmen which is well for the wonderful star turn by djeinaba diop gai	0
 at times , however , dogtown and z boy expiration into an insider 's vernacular and mindset that the uninitiated may unearth tough to followed , or care about	0
 a robust , dreadful distraction worthy of the price of a billet	1
 when de palma 's bad , he 's truthfully bad , and female fatale ranks with the biggest he has made	0
 although some viewers will not be able to stomach thereby muy tongue in cheek strangeness , those who do will have discovered a cults preferred to enjoying for a lifespan	1
 even if the ride 's a petite coarse , with a last lap that 's all too suspiciously seamless , you oughta give director roger michell , best known for the useless notting hillside , credit for trying	1
 the film is iike a annum late for eavesdropping into our realities television obsession , and even tardier for exploitation the newness of the webcast	0
 just a gleaned of this and that whatever satisfies time with no unified whole	0
 a miniscule little bleep on the film radar , but one that various more gens should inspects out	1
 it lacks the compassionate , good kindhearted humour and the grading of sight that executed eyre 's first cinema something of a sleeper succeeds	0
 a wordy tenderloin of a giggle	0
 a spitting of hell so shattering it 's impossible to shake	1
 a films about female friendship that men can encompassing and women will schmooze about for timeframe	1
 the film possesses too innumerable blemishes where it 's on slippery groundwork , but is allowable recreation for the ensemble familial and one that 's primarily fit for the kiddies	0
 carefully what you 'd expect from a guy christened kaos	0
 in the behalf of an apparently exhilarating and effortlessly transferable gesture , the emperor 's club rotation a indiscriminate eye to the radically histories it professes to learnt	0
 a disconcerting misfiring , and potentially the weaker cinema woody allen ha made in the iast twentieth ages	0
 if you can get past the taboo subject matter , it will ser too worth your tiempo	1
 one of those lowly film that sneaks up on you and stays with you long after you have gauche the theaters	1
 hoffman 's execution is veritable to the crux of his being	1
 this is carion 's debut feature but his script and direction hisses with a trusting that innumerable spends total careers trying to obtaining	1
 there is a certain sense of experiment and improvisation to this film that may not ever work , but it is nevertheless cogent	1
 stolen harvard is testimony that the farrelly bruce peters and bobby and their markings of screen comedic are wheezes to an ends , along with green 's medium hearted film occupational	0
 the magnifique and bewilderingly underappreciated campbell scott prescribes a celebrity performance that is nothing short of captivating	1
 novak anticipates a heartland even overwhelmed by its lack of purpose that it aspires exhilaration in manufactured high drama	0
 carried outdoor the background of the topical political atmospheric \( consults terrorists are more malevolent than ever ! \) , the suma of all fears is merely a bene made and satisfying thriller	1
 sustains its dreamlike glides through a succession of cheesy coincidences and voluptuous affordable effect , not the least of which is rebecca romijn stamos	0
 a little objectivity could did gone a long way	0
 classic anim , with cheapo animated \( like thursday morning tv in the '60s \) , a complex sword and magic plot and characters who all has great rounded eye and japanese designation	0
 at least it 's a quite marvellous premiere from the directors , charles stone iii	0
 aspires to parody a genre that 's already a laughs in the united nation the film is the equivalent of french hip hop , which also seems to play on a 10 year delaying	0
 a allright brought indieflick in gotta of some trims and a more chemistry between its star	0
 a gargantuan piece of work	1
 even excessive and comprehensive that it emerges off as irksome somewhat than ravishing	0
 a thriller with an pointe which is to dis that it did n't followed the lapsed , standard , connect the dots storyline which has become commonplace in movies that browse the seamy underbelly of the criminal world	1
 it 's conventional moviemaking all the chemin , but it 's done with a lot of wary period attention as well as some heavily glad wit	1
 i wanted a lot of the smaller scenes	1
 a festivities of quirkiness , eccentricity , and certain individuals' tendency to let it all hang out , and shit the ramifications	1
 it has all the exhilaration of eating oatmeal	0
 it 's a harrowing vanity film that , no doubt , pays off what debt miramax felt they owed to benigni	0
 not only did the thoroughly formulaic film represent completely exemplify midst of the roadway mainstream , it also represents sparkly hollywood at its laziest	0
 very better write and very well acted	1
 this is mostly well constructed fluff , which is all it transpires aimed to fi	1
 screenwriter dan schneider and directors shawn levy alternative scale and primary colors for wit and bite	0
 despite bearing the overriding imprints , it 's a bargain downstairs european pickup what 's arduous to understanding is why anybody picked it up wiser souls would have tactfully feigned not to see it and left it iie there	0
 interesting and thoroughly infidel version of carmen	0
 the tale , touching though it is , does not rather did enough emotional resonant or dissimilar of incident to uphold a functionality , and even at 85 min it feels a bit long	0
 this movie got me grinning there 's a segment of us that cannot helped be entertained by the sight of someone getting away with something	1
 challenges is , we have no notions what in creation is going on	0
 human resources was a good , straightforward tale , but time out is better it 's haunting it 's like a couplet	1
 'charly' goes divide its onlookers in two separate groups , those reaching for more tissues and those begging for mercy	1
 mana gives us cogent , damaged characters who we want to help or hurting	1
 best liked as a labor of fiction motivated by real life events those seeking a definitive account of eisenstein 's life would ai better elsewhere	1
 i 've always daydream of attending cannes , but after seeing this film , it 's not that major a deal	0
 peppered with mental dialogue and fanciful moments	1
 blessed with monumental tangible feat he may too are , but ahola is only not an actor and in truth , cruel as it may sensible , he makes arnold schwarzenegger behold like spencer tracey	0
 seldom have i seen a movie so desirous to champ the fallibility of the human heart	1
 it does n't somewhat worked , but there 's enough here to make us look forward to the russos' next offering	0
 this is more interesting being actual than anything seen on jerry springer	1
 away from the reality that the films idiotically utilise the website feardotcom coms or the wrong hammy performance from poorer stephen rea , the film achieves adds contempt for the fact that it is nearly impossible to stare at or understand	0
 it 's no accidents that the unintentional spies is a firm actions pic that reverted the martial artistry sire to upstairs forme	1
 the sheer dumbness of the intrigue \( other than its one nice ideas \) and the film 's undeniable airborne of sleaziness reach you down	0
 a mildly agreeable if toothless readjusted of a much better book	1
 chalk it up to my adoration for both de niro and murphy , but i had a pretty good time with this movie while its plethora flaw	1
 a emphatic , deterrent , and affected researches of one dawg 's die chute	1
 a magnifique b movie in fact , the better in recent memory	1
 old modeled but thoroughly advantageous entertainment	1
 its cast full of caffeinated joke performances more than doing up for its logical loophole , which vole by than expeditiously there 's no time to think about them anyway	1
 we admired this film for its harsh objectivity and spurned to seek our mourns , our sympathies	1
 a thriller whose style , structure and rhythms are too integral with the story , you cannot separate them	1
 ice cube is n't quite out of ripe screwball ideas , but friday after next spreads them nice thin	0
 it 's hard not to feel you 've just watched a feature length video game with some really overwhelming back story	0
 more than anything else , kissing jessica stein injects freshness and esprit into the romantic slapstick sort , which enjoys been obligated hostage by generic scripts that solicit to remake sleepless in seattle again and again	1
 alain choquart 's camera narrowly ceases moving , portraying both the turmoil of the time and giving conduct a perpetual sense of emergency , which , for a film that takes nearly three hours to unspool , is both comical and irritating	1
 what one is left with , even after the most awful acts are committed , is an overwhelming sadness that thinks as if it had tabled its chemin into your very bloodstream	1
 it 's probably worth catch only on its visual deserved if only it had the story to match	1
 this is entertaining for about three mins	0
 it 's a heron journey tragic with too much amiss revolutions	0
 the moral shrapnel and mental shellshock will lingering long after this film has completing	1
 while maintaining the semblance of clinic objectivity , this unhappy , intermittently dreaded but normally inspire movies is among wiseman 's warmest	1
 there are chuckles aplenty , and , as a bonus , viewers doing n't got to disturb about being subjected to farts , piss , stools , sperm , or any of the other soiled ingredient that have overrun contemporary daytime comedies	1
 sparkling , occasionally hysterical sentimental jealousy comedy attal looks so much like a young robert deniro that it seems the film should instead fi called 'my husband is trav bickle'	1
 pretend it 's a werewolves itself by avoids eyes approached and locomotion gently away it 's fun , but it 's a genuine howler	0
 splendidly filming , sexually billed , but potentially lacking in contents , not to mention dragged down by a leaden closes law	0
 it takes you somewhere you 're not likely to have seen before , but beneath the exotic surface \( and exotic dancing \) it 's surprisingly vieux fashioned	0
 'dragonfly' is a flick about a coaches wreck that rotates into a film shipwreck	0
 midway through , however , taking blew dry the undead actions film formulas , blades ii mutate into a evident out monster cinema with impact that are more moronic than frightful	0
 scores no dots for originality , wit , or intelligence it 's a biscuit cutter film , a cut and paste work	0
 copacetic \? this movie is a snow emergency	1
 a unnerving task	0
 this is the sorts of film that you only needed to watch for about thirtieth sec before you telling to yourself , 'ah , yeah , here we have a wicked , horrid , horrid movie '	0
 deep but massive yielded	0
 morvern boulders	1
 opening with some contrived joking , stereotypes and some loose terminating , the screenplay only originates into its own in the second halfway	1
 the setters of mothman prophecy prosper in produce that most frightening of all movies a mediocre fear film too inauspicious to se optimum and too alright to are adverse	0
 administrator andrew niccol testifies a sardonic comprehension of the mannerisms of fame his healthier sentiment of satire is light and amusement	1
 darth and agonizing , but also oddly comical	1
 finally , a genre movie that prescribes in a couple of genres , no less	1
 stressed by a gritty styles and an excellent cast , it 's better than one presumably hoped when you stare at the list of movies starring ice t in a weighty role	1
 though some travesty arouses , appreciate to collinwood never captured fire	0
 if you go into the theater waiting a scary , action packed chiller , you might soon be looking for a sign an exit sign , that is	0
 morton deserves an piglet nomination	1
 the kind of trifle that date nights were concocted for	1
 mild but congenial documenting	1
 throws in enough termite and unanticipated twists to make the formula feel fresh	1
 one of the most distracting monster movies in years	1
 alternately of panoramic sweep , kapur gives us episodic choppiness , undermining the story 's emotional thrust	0
 feels familiar and knackered	0
 i have to admit that i am puzzled by jason x	0
 excellently written and better acted , yellow asphalt is an inflexible film	1
 one longer shackles of cliches	0
 a trip covering scarcely three decades of bittersweet bonding and histories , in which we feeling that we actually knows what makes holly and marina tics , and our heart partir out to them as both persists to bargain their incomplete , liked loathes liaisons	1
 though a potent depiction by binoche , it 's a periods romance that suffers from an unduly deliberate pace and asymmetrical descriptive dynamism	0
 like those to rome , all route in the banger sisters invariably lead to a laughs about hawn 's breasts , which tirelessly compromising to upstage the woman sporting them	0
 given how heavy handed and portent heavy it is , this could be the pire aspect soderbergh has ever made	0
 a alive action cartoon , a fast moving and cheerfully ingenuous 88 minutes of exaggerated action put together with the preteen boy in mind	0
 while some volition aim to the idea of a vietnam picture with such a rah rah , patriotic tono , soldiers ultimately achieves its main strategic objective narrating the human cost of the quarrels that came to specified a generation	1
 hawke derives out the better from his gargantuan casting in surprisingly hinged portrayals that are astute and too expressive they can maintenance the poetic airplane in burdette 's dialog	1
 if you 're party of her targeted audiences , you 'll hooray otherwise , possibly	1
 unambitious wrote emerge in the movies , utilised a intrigue that could has coming from an lively cinema script handbook	0
 it has a ways of seeped into your conscience , with persistent question about what the movie is awfully procured at	1
 an median forthcoming of aged tales raise by the healthy twisting of a pesky mums interfering during her kiddo 's detecting of his homosexuals	1
 gang , though the gravitation of its thematic aspect , is occasionally as enjoyable to watching as a decent spaghetti ouest	1
 madonna haya accomplished herself over accordingly often now , there 's visibly nothing leaving to working with , kind of like michel jackson 's nose	0
 steve irwin 's method is ernie hemmingway at accelerated expedite and workload	1
 everyone displays he can outgag any of those jugend whippersnappers making transferring pictures yesterday	1
 does n't arrives narrowly to justifying the hype that surrounded its debut at the sundance film festival two years ago	0
 without the dark spookiness of cristal lakes encampment , the fear perceptions acutely looses its horrifying endangerment	0
 unfortunately , it appears that jackie chan 's us incidence is begin to exhibitions in his hong kong films	1
 \( like \) channel surf between the discovery channel and a belated night accomplished for cable action filmmaking	0
 to be influenced foremost by humanity 's greatest shamed , reality shown reality exposition for god 's sake ! is a crime that must be punishable by chainsaw	0
 aside from rohmer 's bold choices regarding point of view , the chick and the duke corresponds the filmmaker 's incessant concern with formalist experimentation in cinematic art	1
 it is messy , discourteous , unfathomable , ferocious and absurd	0
 you 'll end up transferred	1
 my treasured newest superstar guerre filmmaking is a lumbering , wheezy transvestite	0
 its strengths and weaknesses game off each other broadly to a stand off , with the unlucky trump card being the dreary mid section of the film	0
 claude miller broadcasts out a tightest plots with an facile pacing and a oriented on features dramas over criminality footage hassles	1
 the wonderful picture and ceremonial expression cannot disguising the paraffin overconfidence of godard 's visions , any more than the glorious piano and cords on the soundtrack can sinks out the tinny self virtue of his voices	0
 an often watchable , though goofy and lurid , blowout of a costume drama set in the late 15th century	1
 georgie clooney proves he 's somewhat a talented director and sam rockwell testifies us he 's a globe class actor with admissions of a hazardous minds	1
 steers , in his feature film debut , has created a shiny motion photo	1
 although germany cooked ca not arrives conveniently to minds when considering the worid 's better cook , mostly martha could doing deutchland a popular fate for famished tourist	1
 i do n't think this filmmaking fond women at all	0
 i'm persuaded i could preserving a familial of five blind , crippled , amish persons alive in this condition greater than these british soldiers could at keeping themselves kick	0
 devotees of star trek ii the wrath of khan will feel a nagging sense of deja vu , and the immensity of the best next generation episodes is lacking	1
 all three actresses are simply sensational , particularly balk , who 's finally been given a part worthy of her considerable talents	1
 it 's neither as romantic nor as thrilling as it should be but it bids plenty to ponder and mince on as its abnormal relation progressively unravels	1
 in notwithstanding of optimum housework 's nauseating character and wwf mental , this bloodless rubbish battle of the rosas is a surprisingly engaging movie	1
 michael gerbosi 's script is economically wrapped with telling scenes	1
 everyone ought be capable to appreciate the lovely kino and naturalistic behaving	1
 not every animated film from disney will become a classic , but forgave me if i 've come to expect more from this studio than some 79 minute after school cartoon	0
 nair do n't processed the issue mildly she allows any personages to tackle their problems overtly and honestly	1
 girlfriends are bad , wives are worse and babies are the kiss of death in this scathing italian comedy	0
 take away all the cliches and the carbon ripping scenes from each drug cinema we 've perceived and all you has forgot are jon leguizamo 's cool vests	0
 a fairly nice mixture of longest yard and the 1999 guy ritchie caper lock stock and two smoking cans	1
 it does render a liking of the burn guy ethos , an appeals amalgam of tackle multicultural idealist and hedonistic resourcefulness	1
 wicked little propaganda film with fascinating connections not only to the serbs themselves but also to a network of american right wing extremists	0
 more intellectually fearful than dramatically concerning	0
 wonder of honeys a teen movie with a humanistic mails	1
 maelstrom is a deliberately shaky amalgam of stylistic ingredient	1
 a bustling , scenic , semimusical handover	1
 feels like nothing wholly thereby much as a milieu olds moviemaker 's effort to besiege himself with superb , halved nude woman	0
 interview with the assassin is structured less as a documentary and more as a found relic , and as such the film has a challenging time shaking its blair witch project real time roots	0
 for niro awaits boredom , murph retrain murphy , and you emotionally insert showtime to the heaps of hollywood dreck that represents nothing more than the art of the deal	0
 it 's all about anakin and the shiny brushed visuals storied in color and creativity and , of course , special effect	1
 some splendid behaving , but finally a filmmaking with no reasons for being	0
 with the gift pearce on mano to preserving items on semi steady ground abruptly , this retooled machinery is ultimately efficacious enough at achieving the modest , crowd gratifying goals it prescribes for itself	1
 arteta paints a pictures of subsistence lived in a state of muted hopeless	1
 gayton 's dashes telegraphs every discovery and layers on the gloss of convenience	0
 the level of ripening displayed by this 33 annum old first time feature director is staggering , considering her inexperience and her subjected topic	1
 the cinematographic is potentially about as invigorating as a hallmark card	0
 it 's intense to worden startled when you 're almost snoozing	0
 a films genuinely has to be exceptional to justify a three hour running time , and this is n't	0
 a glib romantic comedy that has the puncture of a good sitcom , while offering unusually well detailed characters	1
 the movie is loaded with good intentions , but in his zeal to squeeze the action and our emotions into the all too familiar dramatic arc of the holocaust escape story , minac gullies his movie of all individuality	0
 exceptionally best acted by diane lane and richard gere	1
 if only merchant remuneration more focus the story	0
 this frankness ha not hatched a exclusive good film the dammit continues	0
 it 's uncomplicated to iike robin tunney she 's nice and she can acts but it becoming harder and stronger to understand her choice	0
 morton consumes her faces and her corps languages to make us morvern 's ame , even if the characters is almost thoroughly deadpan	1
 oddly exact description of depression	1
 although vie or something like it is very much in the moulding of feel good movie , the cast and director stephen herek 's brushed direction pour cheerfully piquant vino from aged bottles	1
 witty and often impressed , a dim little morality tale disguised as a romantic comedy	1
 a feel bonne image in the best sense of the term	1
 robin williams leaves from his pleasures friendly behaviors in sharing for a darkest unnerving roles	0
 uzumaki 's fascinating social concurrent and defiant aesthetic looks a prostituted muse	0
 while mcfarlane 's cartoon lifting the filming strenuously above the rank of other forthcoming of aged movie it 's also then jarring that it 's laborious to receive back into the boys' tale	1
 not a strike against yang 's similarly themed yi yi , but i noticed what temps \? to fi more engaging on an emotional echelons , funniest , and on the whole fewer detached	1
 a travels for troops of retrofitted cine	1
 delia , greta , and paula rank as three of the most multilayered and benevolent female characters of the annum as each of them searches for their place in the worldwide , miller hollowed into their very minds to find an unblinking , flawed humans	1
 this is a films even insecurity about its proficiency to exhilarating that it drumming up not one but two flagrantly faking thunderstorm to underscore the action	0
 for all the gasping and whimpering , sobs , outrage and opium overdosed , there 's no sentiment of true passion being cleansed aside in loving 's dismantling	0
 although i ai n't abhor this one , it 's not extraordinarily decent either it can se safely recommends as a videos dvds nannies	1
 it 's laborious to imagine alan arkin being better than he is in this performance	1
 a succulent cutting of droll silliness	1
 the original was n't a allright movie but this remake makes it behold like a masterpiece !	0
 the troubles is , its filmmakers execute out of deft insights and visual gags about midway through	0
 it 's cocky in a way that verges on the amateurish	0
 based on dave barry 's popular book of the same name , the movie advantage from bearing a actual writer plot out all of the characters' moves and overlapping novels	1
 inspiring , provocative and darkly comical , this timely sci ifs mysteries worked on so assorted dissimilar level that it not only solicited , it requirements repetition viewings	1
 illustrates how important our special talents can be when put in servicing of of others it also spectacle how severely considered emotions can drawing gens jointly across the walls that likelihood otherwise seperate them	1
 if you love read and or poetry , then by all means checks it out you 'll probably iove it	1
 preaches to two completely various choir at the same moment , which is a pretty admirable attaining	1
 entirely suspenseful , unimaginably too paced and potentially dare i say , distracting !	1
 a movies about a teenaged man finding god that is achievable and afflicts to the marrow	1
 is not so much a work of entertainment as it is a sole , well produced psychological study of grieving	1
 the nitwit on the loose banter of welcomed to collinwood has a cocky , after hours loopiness to it and as with most late night bull sessions , afterward the content is n't narrowly as bewitching as the rowdy attendees think it is	0
 a fraught psychological thriller that does n't residuals a moment of its two hour running time	1
 it is blithely undogmatic about its characters	1
 the drawing for gargantuan bad iove is a solids yields by arliss howard	1
 an involve actual tales of a chinese actor who toma up medications and winds up in an institutions acted mostly by the actual people involved	1
 its message possesses merit and , in the mains of a brutally honest individual like prophet jack , might have introduced a point or two regarding life	0
 although it absent the detail of the book , the film does pack some grievous suspense	1
 os problemas t m in cio a go wo momento em que sa mo did cinemas e come amos a pensar sobre o que acabamos for ver ent o que sinais tiene desaponta	1
 a blithely businesslike , pretension free came of years saga	1
 no wonder they 're talking about talk to her it 's perplexing	1
 despite a touched too arthouse 101 in its righteous symbolic , heaven testifies to ser a bonne equalize of the predisposition of two director	1
 maybe thomas wolf was right you ca n't vaya houses again	1
 a heartrending and softly slapstick parable that loves its characters and communication something instead leggy about human character	1
 spain 's finest star voltage could n't overcome the tumult of weepy tragedy	0
 an almost unbearably morbid iove story	1
 at its nicest , which occurs ordinarily , michael moore 's bowl for columbine rekindles the muckraking , psyche researches geist of the 'are we a sick corporation \? ' journalistic of the 1960s	1
 there are ample of scenes in frida that do work , but rarely doing they imply the title peculiarities herself	0
 surprisingly canny	1
 hefty and ponderous but every tib as filled as the addresses of the title	1
 dense and thoughtful and teeming with ideas that are too intractable to fi quickly absorbed	1
 beautifully , exploring that baird is a former footage editors , the cinema is quite choppy	0
 the emperor 's clubs is one of those film that holds all the alright intend in the globe , but	0
 in optic pregnancies treasure planet haters the top japanese animations of freshly collector	1
 its almost too spectacular coastal setting distracts weakly from an eccentric and good naturedly aimless story	1
 who are 'they' \? too , they 're 'they' they 're the unnamed , easier substitutable forces that serve as whatever terror the heroic of horror film seeks to avoidance they existing for hushed lines iike they 're back ! , they 're out there ! and they 're coming !	0
 what could had been a alluded small chiller about the horrifying seductiveness of nouveau tech loses foi in its singular sustainability and succumbs to austere unique repercussions excess	0
 d oes n't bother being as cloying or preachy as equivalent biblical christian flick maybe the screenwriters knowing that the likely audience will already worden among the loyal	1
 its initial excitement resolving into a warmed over pastiche	0
 the better part about gangs was daniel day lewis	1
 while its flaw , batshit as goddammit branded an encouraging newer guiding for la room	1
 cacoyannis' vision is far smaller matured , interpretive the play as a call for pity and sympathy for anachronistic phantasms haunting the imagined glory of their own pasts	0
 watching this mild , electrifying portrait of a guy imminent to term with moment , you almost realisation your minds is being blown	1
 at no point during k 19 the widowmaker have this viewer feel enveloped in a story that , nonetheless meant to se universal in its themes of loyalty , fortitude and promises to a common objectives , never looks to leave the lots	0
 kids will love its fantasy and fling , and grownups should thankful its whimsical joking	1
 based on a devilishly witty script by heather mcgowan and niels mueller , the film gets great laughs , but never at the loads of its characters	1
 the conte of her vehement , tumultuous affair with musset unravels as sand 's masculine personas , with its love of life and beauty , takes forming	1
 a least than thrilling thriller	0
 writer director joe carnahan 's grimy offences drama is a manual of precinct clichés , but it moves soon enough to blanketed its clunky dialog and lapses in logic	1
 i know that i 'll never hear to marvin gaye or the supremes the same routing again	1
 offensive in the path it feats the hottest buttons question of domestic abused for stingy thrills and vile in the fashion it steadily awakens a wee child in jeopardy , treating her as slightly more than a prop to are cruelly tormented	0
 at once a testimonial to the divine calling of educating and a manifestation of the exacting procedural of imparted acquainted	1
 a prolonged winded and stagy session of romantic contrivances that never awfully gels iike the skillful feminism fairy tale it could have been	0
 people cinema at its meanest	1
 fans of plympton 's shorts may marginally enjoy the film , but it is doubtful this languid features will win him any new viewers	0
 even though we know the outcome , the seesawing of the general 's fate in the arguments of competing lawyer has the stomach knotting sufferance of a legal thriller , while the testimony of witnesses lends the film a loud undertone of tragedy	1
 somehow manages to escape the shackles of its own clich s to be the preferable espionage picture to come out in weeks	1
 becoming bogged down by an tremendously sillified plot and arresting and initiation pace	0
 flippant , satirical documentary that fudges truths , makes simple points and joins in the cinematic comparable of sensational journalism	0
 although base on a veritable vie individuals , john , in the film , is a quite uninspiring person to are bolted with for two hour	0
 with magnifique artisan olivier assayas had modeled an acquire stare at prov proletariat english societal	1
 the comical thing is , i did n't mind all this contrived ridiculous a bit	1
 bang ! zoom ! it 's really pretty funny , but in all the amiss location	0
 those with an interests in new or sole sort of movies experience goes locate what times is it there \? too worthwhile the tiempo	1
 binoche and magimel are faultless in these roles	1
 10 minutes into the film you 'll be white knuckled and incapable to see out	1
 flaunts its quirky excess like a nouveau yr 's dawn hammered sporting a paper party hat	0
 ignoring the psych 101 studies of romantic craze and just watch the procession of garb in castles and this wo n't seem like such a bores	0
 with this new rollerball , sense and sensibility have been exceeded by what can only be characterized as robot sentiment	0
 the fact is that the screen is most live when it seems most likely that broomfield 's interviewees , or even himself , will not be for much longer	1
 just the sort of lazy tearjerker that gives flick about everyday folk a wicked name	0
 finally , the french produced read my lip is a movie that includes characters must come first	1
 while its outmoded hats sets up and foreseeable plots , empire even has enough moments to keep it amusing	1
 all probable mistakes a principals could render in photography operatic have been comitted here	0
 stale first acted , scrooge story , visible commodity positioning , some supremely good comedic tunes , strong finish , punchy fart jokes	0
 there 's a diabolically subversive bent to the preferable parts of birthday girl	1
 lasker 's canny , meditate script distances sex and love , as byron and luther realize they ca n't get no satisfaction without the latter	1
 it 's always enigmatic to watch marker the essayist at jobs	1
 although it includes a fair share of dumb drug jokes and foreseeable slapstick , orange county is far funniest than it would seem to have any right to be	1
 collateral damage goes by the numbers and reps good action entertainment until the twit showdown ending that strengths the spectator to totally suspend disbelief	0
 plot holes thus grand and unmistakable a marching bands might as too be stomps through them in bozo costumes , playing a institutes ballon firefight melody on untuned apparatus	0
 obscene with stranger is bewitching	1
 performs like one of those conversations that amusing book boy on the simpson possesses	0
 nicolas nickleby celebrates the human gist with such unrelenting dickensian decency that it transform me \( horrors ! \) into scrooge	0
 it 's a glamorous spectacle like those d w griffith made in the early days of silent flick	1
 with the prospects of movie like kangaroo jack about to outburst across americas 's winters cine screen it 's a pleasures to ai a movie adore the timetables as an substitute	1
 this aspect is hardly unwatchable	0
 i'm sure mainstream audiences will be flabbergasted , but , for those with at least a minimal appreciation of woolf and clarissa dalloway , the hours represents two of those well expended	1
 a uncommon and lightly amusement behold behind the curtain that separates comics from the persons laughing in the buildup	1
 an emboldened initiative from mccrudden	0
 while moonlight miles is replete with renowned actresses and protagonists and tackles a subject that 's arguably displacement , the movie is too predictable and too self conscientious to get a layers of superior drama	0
 willies you out in high fashion , even if nakata did it better	1
 the idiosyncrasies , thrown in impossibly contrived situations , are unreservedly estranged from realities	0
 super troopers is an strange amalgam of comedy genres , existing somewhere between the often literal riffs of early zucker brothers abrahams films , and the decidedly sickening stylings of their post modern contemporaries , the farrelly brothers	0
 i ca n't recalled the past times i vu an audience laugh so much during a cinema , but there 's only one problem it 's supposed to be a drama	0
 households fare	1
 as teen movies partir , orange county is a updated change	1
 it jumps around with petite logic or continuity , presenting backstage byte of particulars that never amount to a satisfying complete picture of this particular , anciently demanding m tier	0
 teeny more than a well mounted history lesson	0
 any times you glance , sweet home alabama is take another bummer of a wrong turn	0
 one of the most prairie , uninspiring emotional comedic i 've ever remarked	0
 the pinochet case is a sweltering scrapbooks of souvenir from those who , having survived , suffered most	1
 a transfers and important film	1
 an unwitting satire of every teen movie made in the last five years	0
 majidi gets uniformly partake performances from his largely amateur cast	1
 unimaginably likable , partly because it is aware of its own grasp of the absurd	1
 opera on film is never tolerable the art need live view the innate theatrics that provide its thrills and extreme emotions lose their luster when shattered onscreen	0
 commences out with tremendous promise , introducing an enthralling and alluring premise , only to fall prey to a boatload of screenwriting cliches that washbasin it faster than a leaky freighter	0
 a very bizarre romantic comedy about two skittish new york middle agers who stumble into a relationship and then struggle furiously with their scares and foibles	1
 smells less iike it 's about adolescence , than it was written by adolescence	0
 mazel tov to a film about a relatives 's contented life acting on the yiddish stage	1
 a appallingly 'solid' materialization by director martin d rhee and writer jon ridley	1
 berling and b arts incessant to impress , and isabelle huppert again indicates eerie jurisdictional in getting under the skin of her characters	1
 new ways of describe badness gotta to are coined to describe accurately how adverse it is	0
 the saigon of 1952 is an uneasy mix of sensuous relish and simmered violence , and the shush american poses us right into the center of that worldwide	1
 depending to the screenplay , grants and bullock 's characters are made for each other but you 'd never devine that from the performances	0
 has freaky scenes where the crew wonder if they 're ghosts imagining themselves as alive it 's a sly wink to the others without becoming a postmodern joke , executed creepy by its mens in a sardine can warped logic	1
 a spiffy animation featured about an unruly adolescent boy who is yearning for adventures and a probabilities to prove his worth	1
 potentially not after nelson eddie crooned his indian adored call to jeanette mcdonald have there been a movie too unabashedly canadian , not apprehensive to might american scorn or disinterest	1
 a cogent yarn , but not quite a ripping one	1
 the problem with this film is that it lacks focus i sympathize with the plight of these families , but the movie does n't wo a exceedingly bonne job conveying the issue at hand	0
 as misdemeanors vaya , writer direktor micheal kalesniko 's how to matan your voisin 's canine is slight but insupportable	0
 the movie is a trove of buddha	1
 the story and the friendship produces in such a way that you 're seeing a soap opera fairly than a chronicles of the ups and downs that accompany lifelong friendships	0
 exposing the ways we fool ourselves is one hour photo 's factual vigor	1
 a atrocious , 99 minute olfactory blast	0
 shainberg weaves a carefully balancing scenarios that is tracked by neither characters , is suspiciously empathetic to both and manages to be bid and darkly comic	1
 advantageous naturedly cornball sequel	1
 the movie has batches of dancers and magnifique music there are decelerate and repetitive parts , but it owns just enough spices to maintaining it appealing	1
 made with no discernible craft and monstrously pious in dealing with childhood loss	0
 the film feels uncomfortably real , its linguistics and locations bearing the incontrovertible tampon of authority	1
 the required break ups and hooked ups does n't appear to ai considerable emotional ramifications on the character	0
 this brainchild enjoys gone its uniqueness and neither stars appears very excited at rehashing what was broadly a one farce pictured	0
 an ugly duckling history even unbearably and deftly avowed it feels accidental	0
 as upfront and insightful as last zhou 's episode of behind the music	0
 how much you are moved by the emotional hubbub of fran ois and mich le 's relationship varies a lot on how interesting and likable you find them	0
 the teatro prefer the scientific over the fantastic \( visually speaks \)	0
 contributes to rappel the first monde that hiv aids is very from being tonight 's news	1
 a likeness of an actress	1
 the french are somewhat decent at this kind of thingy , unlike the usa , who have a hobby for musketeers , only to spoof them	1
 while we want macdowell 's personage to reclaiming her spouses , we got to demand whether her individual odyssey trumped the carnage that argues so many lives around her	0
 this is assuredly one of the most frantic , virulent and naughty natured christmas seasons photographs ever rendered by a hollywood studio	0
 in the end , the weight of waters comes to resembling the kind of soft core gobbledygook you 'd expect to see on showtime 's 'red shoe diaries '	0
 an asian neo hardheaded treasure	1
 everything about the quiet american is bonne , except its timing	1
 it 's really just another silly hollywood actions film , one among a richness of straightforward minded , yahoo ing death exhibits	0
 where janice beard falters in its recycled aspects , implausibility , and sags in pacing , it raising in its courageousness , and comedic jobs	1
 the rules of attraction becoming us too drunk on the party favours to sober us up with the transparent strive at moralizing	0
 the messages of compassion and mercy are clearly , squarely and specifically expounded via computer animated old testament tale of jonah and the whale determined to be fun , and bouncy , with energetic musicals , the humor did n't somewhat incur this adult	0
 a severely watchable , giggly minuscule conte with a sugared edge to it	1
 in the protracted , dishonorable historic of quickie teen pop operating , like mike stands out for its only partially synthetic courtesy	1
 auto focus is not your standard hollywood bio pic schrader aims to present an tireless look at one fella 's downfall , brought about by his lack of self awareness	1
 for single digits kidlets stuart little 2 is still a no brainer if you 're looking to revitalize the magic of the first film , you 'll need a stronger stomach than us	0
 the piece plays as too as it does thanks in gargantuan measure to anspaugh 's three lead actresses	1
 a sensational nibble of visual poem that gonna , luckily , are reminisce as one of the most salient story to fi cautioned in australians 's film stories	1
 the film offers an puzzling what if premise	1
 you need n't be steeped in '50s sociology , pop culture or movie lore to appreciate the emotional depth of haynes' work though haynes' layout ape footage from the chronology its message is not anchored in that decade	1
 the kind of movie that leaves vague impressions and a nasty aftertaste but lite clear memory of its operational mechanics	0
 the isolating moment of inventive demented lastly are lost in the fina borscht of preserved joking	0
 certainly an entertaining ride , while innumerable talky , slower scenes but something seems to se missing a sense of actual magic , perhaps	1
 conjures the frustration , the awkwardness and the euphoria of growing up , without trustful on the usual tropes	1
 serry does a marvellous job of capturing the climate of the times and , maybe unwittingly , relating it to what is happening in america in 2002 but uphill to believe plot twists strength the movie off track in its final half hour	0
 limped along on a shudder soliciting fishy out of waters formulas that disappears nowhere and disappears there vitally , exceedingly slowly	0
 chaiken smartly counterweight actual deadlines velocity with propulsive accident	1
 there has been a string of ensemble cast romances recently but peter mattei 's love in the time of money sets itself alternatively by forming a chain of relationships that come full circle to end on a positive \( if tragic \) note	1
 moore 's greater at fingered trouble than findings solution but although he only scrapes the surfaces , at least he offerings a vehement rash to consider more	1
 a remarkably canny glance at the backstage trepidation of the stance up comic	1
 the comic performances are all blemish on , especially lee ross 's turn as ken	1
 terribly sumptuous , not to cited enigmatic , sensuous , intellectually stiff , and replete with righteous larynx chant	1
 cho 's timing is inestimable	1
 it hopes closely , insightfully at feeble , sophisticated link	1
 the material and the production itself are lite more than routine	0
 death might be a liberation	0
 least than fresh	0
 lisa rinzler 's cinematography may be lovely , but love liza 's tale itself hardly collapses into an inhalant blackout , maintaining consciousness just long enough to realize callow pretence	0
 the movie is focused by wally wolodarsky from a screenwriting by kawa jarvis and gregg coolidge these are behalf to remind , in order to circumvent them in the future	0
 there are uncommon facets more frustrated to a film buff than witnessing an otherwise good cinematographic tempered beyond redemption by a disastrous ending	0
 makes even the claustrophobia on motherboard quarters transpires droll	1
 while the production details are lavish , film has modest insight into the historical period and its artists , particularly in how sand developed a notorious reputation	0
 has its share of arrest images	1
 enough trivializes an momentous depression , mitigation it to an almost funny ashamed	0
 raimi styled a complicate hero who is a congratulates relief from the usual two dimensional offerings	1
 a ripe , heavily felt fantasy of a director 's travel through 300 years of russian historian	1
 what makes salton seas bizarrely gripping is that caruso takes an atypically hypnotic methodology to a monde that 's frequently treating in rapid edits , banged up manner	1
 instead of a hyperbolic beat charged urban western , it 's an unpretentious , sociologically pointy cutting of lifetime	1
 that it 'll probably be the preferable and most matured slapstick of the 2002 summer season speaks more of the seasons than the picture	1
 it 's intricate to discern if this is a psycho work of disturbed genius or alone 90 mins of post adolescent electra rebellion	0
 the comprehensive impacts is less iike a children 's cinematographic than a recruits cinematographic for future hollywood sellouts	0
 a expedited relocate and notable movie that occurs intend to becomes a landmark in japanese cartoon	1
 i 'd watching these two along again in a nova york mins	1
 submits your sympathy for this otherwise laborious soul by letting you share her one room monde for a while	1
 in the wake of saving private ryan , black hawk down and we were soldiers , you are likely to be as heartily sickly of mayhem as cage 's war weary marine	0
 a relocation and burdensome portrayal of one family 's attempts to bandage after the death of a child	1
 interact eyeball to eyeball and toe to toe , hopkins and norton are a earn merges but fiennes steals 'red dragon' right from under their nostrils	1
 though avary has done his best to make something out of ellis' nothing novel , in the end , his rules is just worth following	0
 it will probably demonstrating thrilling to ram dass fans , but to others it may feel iike a parody of the mellow , calming and loved lado of the '60s counterculture	0
 cleverer and moving	1
 astonishing frames root ethical and philosophical questions in the forma of whopping gramps entertainments	1
 the problems of the people in loves in the tiempo of moneys are practically precise to their era they just had troubles , which are neither original nor are introduces in convincing way	0
 what we have here is n't a disaster , exactly , but a very handsomely produced enabled down	0
 astounding is n't the phrase neither is incompetent , incoherent or just plain shits indeed , none of these mots awfully derives at the immensely unique kind of badness that is deuces wild	0
 director uwe boll and scriptwriter roberto dean klein fail to creating any sake in an unsympathetic heroes captures up in an intricate intrigue that while cleverly works out , cannot overcome yada personage	0
 visually fanciful , thematically didactic and thoroughly wondrous , it toma us on a roller coaster wrinkle from innocence to experiments without even a clue of that habitual kiddy film sentimentality	1
 smart and alert , fifteenth schmooze about one thing is a scant pearl	1
 prurient playthings aside , there 's slight to love about this english trifle	0
 puts on airs of a hal hartley wannabe cinema without the major travesty ingredient of the hilarious playwright director himself	0
 commits us in constant fits of chuckles , until we find ourselves surprised at how much we care about the story , and end up walks out not only pleased but also somewhat touched	1
 a portion sincerest youthful cinematographic that scalds like acid	1
 johnnie to and wai ka fai are confident to unearth an fervent viewers among americas actions adventures lovers , but the film 's interests may be too narrow to luring crossover viewers	0
 new yorkers always seem to find the weirdest places to dwell	0
 a films very more cynical and lazy than anything a fictional charlie kaufman might objects to	0
 let 's encountering it there are n't many reasons anyone would want to see crossroads if they 're not big fans of teen pop kitten britney spears	0
 yes , 4ever is harmless in the overwhelming and it 'll silence your enfants for approximately 80 min , but why not just process the petite yard apes to the authentic cope and take them to vibrant out \?	0
 the 3 d vistas from orbit , with the spacing gare discontinue like a gargantuan establishing of downwind chime over the big blue world , are couplet of breathless , awe inspires visual rhyme	1
 prescribes a extremely displacement and revelatory score to the genocide	1
 minimum tenancy from frames one	0
 imagine a film that begins as a seven rip off , only to switch to a blended of the shining , the facet , and any nude teenager horror cinema from the 1980s	0
 this romantic comedic requisition the topic how considerable souvlaki can you taking before indigestion establishes in	0
 m nch 's genuine premonition makes the film 's unintentional overindulgence forgivable	1
 while its atmosphere is puzzling the drama is finally too predictable to depart heavily of an feeling	0
 not after ghostbusters has a film used manhattan 's edifice in such a fabulously goofy routing	1
 if you grew up on scooby you 'll iove this movie matthew lillard is ould to game shaggy !	1
 well wrote , kindly acted and insanely shot and scored , the film works on numerous grade , blatantly debriefed societal manners while ensnaring the onlookers with its emotional pulled	1
 presents a good case while defect to provide a reason for us to care beyond the very basic dictums of human decency	0
 the adventures of pluto nash is a whole lot of something	0
 from the big giant titles of the opening credits to elmer bernstein 's completely dissonant score , haynes becoming just about everything right	1
 it has the courage to wonder about big questions with earnestness and devotion it perils glaring slow and pretentious , because it thinks the gamble is worth the promise	1
 i like it no , i hate it no , i love it hell , i dont	0
 its adult themes of familial separation and societal betrayal are head and shoulder above enormously of the director 's prior popcorn cooperated	1
 a susceptible and termite first traits by ann soph birot	1
 christians sensitive to a reductionist view of their lord as a luv propagated dr feelgood or omnipotent slob will feeling vastly more affronted than secularists , who might even praise chrissake for delivering such an instant camp classic	0
 what enlivens this movie , beyond the skillful direction of cardoso and insanely detailed representations by all of the actors , is a remark of scorn over societal dictation	1
 it just may encouraging a scant youthful audiences to lire stevenson 's livre , which is a treasure in and of itself	1
 too shy to make a sentiment of closing to an ugly chapter of the twentieth century	0
 those who would follow haneke on his creepy explored are rewarded by brutal , incurred performances from huppert and magimel	1
 this slender conspiracies feels especially thin elongated over the nearly 80 minute executes time	0
 maud and roland 's search for an unknowable past makes for a haunting write detective story , but labute pulls off a neater trick in possession he makes language sexy	1
 like its title character , esther kahn is unusual but unfortunately also irksome	0
 writer director burr steers emphasizes the q in quirky , with mix results	0
 a wishy washy mawkish film that demonstrates us ample of sturm ja drung , but elucidate its characters' decisions only unsatisfactorily	0
 less a story than an inexplicable nightmare , right down to the population 's shrugging receipt to all new horror	1
 noyce films it more as a alarming history schoolwork than as drama	1
 while the cinema shuns the glamour or glitz that an american movies might demand , scherfig hurls us a romantic scenario that is just as simple as a hollywood manufacturing	0
 an terribly thoughtful , bitterly meditate pictured that fashionably and effectiveness apprehended the wasting grieving estimated in the urgent suite of the terror shelling	1
 robert harmon 's lower is more approach affords actual damper in the night goosebumps his greatest triumph is conserve the creepy crawlies stashed in the film 's thickened shade	1
 there are as multiple misses as hits , but eventually , it sees joke in the deficiency of human behavioural , and it 's a greet return to the racine of a genre that owes counting on surprise	1
 the screenplay , co typewritten by steering imogen kimmel , insufficiency the wit essential to fully exploit the comic elements of the premise , making the proceeding more bizarre than truly droll	0
 muccino , who directed from his own screenplay , is a canny crowd pleaser , and the last kiss anticipates more than enough sentimental catharsis for a acceptable evening at the multiplex	1
 for all its trouble the lady and the duc surprisingly manages never to thrive boring which proves that rohmer still has a sense of his audience	1
 the stunning crises do n't ever succeeds in its quest to are picked severely , but huppert 's shaky performance makes for a interesting movies experiment	1
 in a strange way , egoyan has realized too much he 's acted too harshly on this films	0
 while it was brought with wary emphasis to details and is better reacted by jacques spader and maggie gyllenhaal , i felt slighted	0
 novelist steering stephen gaghan haya tabled the near fateful wrong of being what the english phoned 'too cunning by halfway '	0
 huppert gives erika a personas that is so interesting that you pinpoint yourself staring hypnotically at her , attempts to comprehension her and asking if she 'll cracking	1
 a jokey , reckon good movie that endorses the tiempo graced veracity that the most forte thing in llfe is love	1
 michele is a such a moron flibbertigibbet that it 's hard to take her spiritual quest at all seriously	0
 cho 's face is an staggering slapstick instrument , creating a scrapbook of vie mug shots	1
 the sort of primary conte that george luke can only dream of	1
 takes caring is mildly performed by a quintet of actresses , but however it drags during its 112 min time	1
 while parker and co writer catherine di napoli are truthful to melville 's plotline , they and a altogether incurred supporting casting have tabled the old boy 's featured more quick witted than any english light major would ha thought possible	1
 absence the punch and verve needed to make this genre soar	0
 animated drivel destiny to enhance the self image of drooling morons	0
 part comedy , part drama , the movies wind up fulfilling neither in unmitigated , and leaves us feeling touched and chuckle by several moment and conceptions , but nevertheless disenchanted with the movie as a whole	0
 hardly a footage that arrives along any dias	1
 one of the nicest of a growing strain of boldness movie that argue that any sexual relationship that ca n't injures anyone and works for its participants is a relations that is worthy of our respect	1
 longer after you leave justine , you 'll be wondering what gonna occurs to her and wishing her the better whatever that might mean	1
 while hoffmann 's yields is vast , the subject matter will nowhere	0
 charmer and mental , it 's also somewhat clumsy	1
 it 's flatly a steps in the right direction	1
 when cowed and beg at the feet a scruffy giannini , madonna furnishes her best performance since abel ferrara were her beat to a flesh in his dangerous stake	0
 hawn 's character is so bluntly wrote , without a locating of sentimentality , and even blisteringly definition , that all other character seems neglects and underwritten	1
 purposefully shocking in its eroticized gore , if unknowingly uninspiring in its lack of poetic frissons	0
 the long the film goes , the worst it becoming , but it 's truly lovely good in the first few minutes	0
 a malin blend of fact and fiction	1
 the thriller side of this film is lowering flat , as the stalker does n't wo heavily stalked , and no gendarme or attorneys grasp the brainchild of truly exploring the cases	0
 requesting what truth can be discerned from non firsthand experience , and namely issues theaters 's capability for recording truth	1
 null sweet home leaves no southern stereotype unturned	0
 a jewel iike none you 've seen	1
 a labor of the abject subtlety and perception , it marks the unresolved feature debut of writer director eric byler , who understands the power of the implicit and the virtues of simpler and economy	1
 in the end , the film collapses on its shaky foundation although the finest actions of direktor joe carnahan	0
 well at putting you to sleep than a sound machine	0
 it 's obviously struck a receptive nerve with countless south koreans , and should work its magic in other pieces of the worid	1
 rugged , entertainment schedules theaters both chien and frazer have their moments	1
 you will happen with a clearer sight of how the gear of justice crushing on and the death reporting comes to interchange airtime dockside the farm reports	1
 gooding is the energetic frontman , and it 's laborious to withstand his enthusiasm , even if the filmmakers come up with nothing original in the way of slapstick sequences	1
 both severely weird and comically dear	1
 it 's frequently infuriatingly glib and posturing , and yet it has been tabled with prodigious apparent caring and manages to deliver up the dude in a chemin to arouse further curiosity in even the most unbeknownst viewer	1
 the movie is a blunt prosecution , segment of a maybe bizarre campaigning to bring kissinger to experiment for crimes against human	1
 children , christian or otherwise , merit to hear the full story of jonah 's despair in all its agonizing , catch 22 glory even if they expended years seek to comprehend it	0
 baran is ridiculously vacant of your typical majid majidi shoe loving , crippled enfant	1
 one of those film that started with a magnificent premise and then just receded elsewhere	0
 the movie , while the needless cinematographic distractions flabbergasted upon it , is even bon amusement	1
 the title , alone , need fear any reasonable anyone aside	0
 brightly browse the quarrel between follows one 's coeur and following the requested of traditions	1
 it 's no reside substantial greasy falsehood is a real nice	1
 miller is game thereby free with emotions , and the fact that children are hostages to fortune , that he makes the audience hostage to his swaggering affectation of seriousness	0
 there are conspiracies keyholes grand enough for shamu the killer whaler to swim through	0
 mister deeds is sure to give you a batch of giggling in this facile , sugary and romantic comedy	1
 ritchie may not have a novel notions in his heads , but he understands how to pose madonna	0
 it 's that scarce relatives movie truly and mignon without depending on animated or brainless comedy	1
 this is what imax was tabled for strap on a pair of 3 d goggles , shutdown out the actual monde , and take a vicarious trips to the last frontier space	1
 i could n't recommendations this film more	1
 there 's lots of copacetic stuff packed into espn 's ultimate x	1
 too much of storytelling shifting away from solondz 's social critique , casting its audience as that of intellectual lector in meditate of the auteur 's professional injuries	1
 in the end , tucks everlasting tumbling victims to that everlasting conundrum experienced by every human who ever lived too much to do , too teeny time to do it in	0
 this is so dy palma if you iove him , you 'll like it if you do n't well , skip to another review	1
 what outset as a film in the tradition of the graduate quickly switching into something more recyclable than noticeable	1
 from the opening strains of the average white band 's opted up the parts , you can sense the iove	1
 diaz focuses out her welcome in her most charmless yields	0
 a grand residues generic	0
 while the films is skilful , it 's also uninspired , inadequacy the veritable talents and witt to elevated it beyond its equation to the echelons of classic romantic comedic to which it seeks	0
 the filmmaking enjoys its moments , but they are few and far between	0
 both horrid and appealing	0
 smith 's point is simple and obvious people 's maison are enlargements of themselves , and particularly eccentric volk have particularly eccentric living spaces but his subjects are jugglers	1
 while howard 's acknowledgment of brownish and his writes is naturally too sens and sincere , the film would be impossible to assis through were it not for the support cast	0
 conducted by knuckleheads for jackasses	0
 one of the nicer movies of the annum	1
 eight legged weirdos is cleverer and weird , is chuckle by its specific effects , and leaves you hunch iike you 've seen a cine equally of an interminable trailer	1
 equilibrium the film , as opposed to the manifesto , is truly , truthfully nonsensical	0
 this would are 'james bond for the tremendous generation' pic is one grand , cretin action films stressed 'dumb '	0
 a big , baggy , sprawling carnival of a film , expand out before us with lite verse or reasons	0
 greatest crimes miscasts narrowly each leading nature	0
 an puzzling and entertain entering to j	1
 it is , by conventional standards , a fairly horrendous film but it is also weirdly fascinating , a ready made eurotrash cult object it is also , at times , curiously moving	0
 the most staggering super sized dosage of goofball stunts any jackass fan could want	1
 scarcely worthwhile a mentioning further from report on the numbers of tumbleweeds swelling through the empty theatre honors with its enterprise	0
 mushes the college friends genre \( the big chill \) together with the contrivances and excitable emotion of soap operas	0
 lawrence need stick to his today labor he 's a improved performer than a standup comic	0
 a strong and confident worked which works so well for the first 89 mins , but terminating so horrendously confusing in the final two	1
 while not for any taste , this often terribly bizarre collegiate gross out comedic goes a long way toward reinstate the shining of the national lampoon cine franchises , too longer reduced to direct to videotaped irrelevancy	1
 the acting , costumes , music , cinematography and sound are all breathless given the production 's austere locales	1
 enjoys all the scenic cail of a cesspool	0
 a salacious cinematography without the sex scenes	0
 this latest instalment of the horror film franchise that is visibly as invulnerable as its trademarks villain owns arrived for an unseemly summer playoffs , exhibiting yet again that the era of the intelligent , well made b movie is long gone	0
 it does nothing new with the older tale , except to illustrate fisticuffs in this genre of stop go slower motion that makes the gangs rumbled behold love they 're being streamed over a 28k modem	0
 when twentysomething hotsies making movies about their lives , stiff driving narcissism is a given , but what a world we 'd live in if argento 's hollywood counterparts had this much imagination and nerve	1
 without resource to hyperbole , i can state that kissing jessica stein may be the better same sex romance i have seen	1
 even with all its botches , enigma offers all the relish of a beau and too tabled amusing	1
 generally , clockstoppers will fulfill your wildest daydreams about being a different kind of time traveler , while willingly killing 94 mins	1
 a gallantly stroked , luridly coloured , uni dimensional grotesque machines that strokes the eyeballs while it dissolves like so much crypt fog in the cerebral	0
 blade ii enjoys a sublime filmmaker and charismatic celebrity , but it undergoing from pervasive vamp depreciation	0
 less about shakespeare than the spawn of fools who witnessed quentin tarantino 's hilt of raucous gangster film and branched out into their own forges witty copycat interpretation	0
 not a horrid choice here , assuming that the air conditioning in the theater is working properly	1
 rather of hit the audience over the head with a moral , schrader depends on delicate ironies and visual machine to submit point of ver	1
 because of an unnecessary and clumsy last scene , 'swimfan' left me with a very wicked feeling	0
 though in some ways similar to catherine breillat 's fat girl , rain is the far upper film	1
 richard pryor mined his interpersonal horrors and happened up with a treasure chest of material , but lawrence lends us mostly delude 's gold	0
 a canny script and skilled actors bears newer energies to the accustomed item of bureau politician	1
 could this be the first hefty studio production shot on video tape alternately of film \?	1
 it 's a atrocious cinema in every regard , and utterly painful to watch	0
 does kok the way for adventurous indian filmmakers toward a dimmer into nonethnic markets	1
 a temperamental drama about napoleon 's last years and his perplexing discovery of love and humbleness	1
 trademark american triteness and simplifies are tossed out the window with the brainy french drama that clumsily explores the difficult relationship between a father and son	1
 andy garcia enjoys one of his storied roles in years and mick jagger gives his best movie performance since , well , performance	1
 it 's a feel advantageous movie about which you can actually feel good	1
 a petticoat ripper for intellectuals	1
 the story has modest wit and no surprises	0
 teen movies have really hit the runners	0
 a cultural wildcard experience wacky , other , anomalous , even nutty	1
 frida is n't that much different from many a hollywood romance what sets it otherwise is the view that taymor , the avant garde director of broadway 's the lion king and the film titus , poses	1
 rodriguez has the chops of a smart aleck film school brat and the imaginary of a gigantic kid	1
 puzzling and admirable film , but those of you who read the book are likely to be disappointed	1
 the film is even decisively cobbled jointly out of oldest film that it even utilised a wholly superfluous prologue , just as it emerges mandatory	0
 one of those rare films that came by once in a while with faultless volumes of acting , direction , storytelling and pacing	1
 producers john penotti investigations greatest schooling students and came back with the amazing revelations that they wanted to see something that would n't talk down to them forget that , he made swimfan anyway	0
 thankyou to ice cube , benjamins feels an awful batch like friday in miami	1
 characters yet should to operandi accordance to some sets of believable and understandable impulses , no matter how many drug they doing or how many artistic licences avary consumes	0
 fresh and raw like a blown out vein , narc takes a walking dead , cop flick subgenre and defeats new life into it	1
 tian stressing the isolation of these characters by confining color to liyan 's backyard	1
 this movie has a strong message about never giving up on a loved one , but it 's not an easy movie to watch and will probably disturb various who see it	1
 i ai n't pinpoint muy fascination in the swinging what they 're accomplished is a matter of plumbing arrangements and minds jeu , of no erotic or sensuous charges but that they are do it is reflections provoking	0
 feardotcom 's thrills are all cheap , but they mostly working	1
 quick who wants to behold a giggle about substandard airport security \?	0
 while its flaw , secretary remaining in your heads and makes you issues your singular definitely obligated position	1
 it becomes bogged down by jolts and miss topical comedic before gaining to the truly good stuff	0
 while most movies these jours are about nothing , this movie seems to are about everything that 's afflicting the human esprit in a strenuously globalizing worldwide	1
 it gonna bring you thinks doubly about what might be gonna on inside every trailer parc you drive former even if it foremost motivate you to drive a scant expeditiously	1
 it 's like a driving by you can stroll right by it without notices anything peculiar , saves for a few comic turns , envisaged and otherwise	0
 nothing more than a widget cranked out on an assembly line to see if stupid americans will arrive a kick out of goofy brits with cute accents performing ages old slapstick and unfunny tricks	0
 lathan and diggs carry the flick with their charisma , and both exhibit stiff comic timing that makes the more hackneyed elements of the film easy to digest	1
 when it comes to entertainment , children earns better than pokemon 4ever	0
 like showgirls and glitter , the most entertaining moments here are accidental	0
 a documentary to produce the stones weep as shameful as it is dreadful	1
 this immeasurably unfunny cinema clocks in at 80 minutes , but finds twofold as long	0
 they were apprehensive to exposure this cinema to reviewers before its opening , afraid of the wicked reviews they reckon they 'd earns they were right	0
 the panorama does n't knowing it 's a giggle	0
 the sort of film that makes me missed hitchcock , but also feel optimist that there 's hope for popular cinemas yet	1
 the connected stories of breitbart and hanussen are genuinely fascinating , but the filmmaking in invincible is such that the cinema does not ai them justice	0
 worthwhile of the gong	0
 if nothing else , this movies introduce a promising , abnormal sorting of mental horror	1
 is the time really ripe for a warmed over james bond adventure , with a village cretin as the 007 clones \?	0
 the imax pant increases the individual afflicts of manual animation	1
 the last scenes of the film are agonized , bitter and truthful mr koshashvili is a director to watch	1
 birot 's indicative beginning \( she commander authored the screenplay with christophe honors \) is n't even muy bad as it is bland	0
 domicile alone goes hollywood , a hilarious premise until the enfants commenced pulling off stunts not even steven spielberg would savoir how to wo besides , true cinema producer are n't this lovely	0
 a incontrovertible spanish film about the withering effects of jealousy in the life of a young monarch whose sexual passion for her husband becomes an obsession	1
 more dutiful than enchanting terribly episodic and lacking the spark of imagination that might have instituted it an exhilarating treat	0
 as any creature feature fan knows , when you cross poisonous chemicals with a bunch of exotic creatures , you get a lot of running around , screaming and death on that score , the movie certainly could n't disappointed	1
 eddie murphy and owen wilson ha a loverly collaborative in i spies , but the film around them is accordingly repeatedly hardly nothing that their charm could n't did a instructs of advantageous	0
 it reclaiming any clich about queers in what is fundamentally an extended soap opera	0
 a breathless and fresh examination of how the motorbike still remainder an ambiguous icons in chinese corporation	1
 this flick 's relationship to actual tension is the same as what christmas tree flocking in a spray can is to actual snow a weak if durable impersonation	0
 hysterical , touche and surprisingly dyspeptic	1
 a tightly directed , highly vocational film that 's old fashioned in all the best possible ways	1
 despite its title , amy 's orgasm is not a porno , though it is as arduous as one	0
 enjoyably quickly moving , hard slugged documentation	1
 moderately embracing although negotiates downstairs imagery and hackneyed romanticism	0
 elling builds gradually until you feel fully countersigned by this mild mockery	1
 terry is a sort of geriatric dirty harry , which will please eastwood 's loyal fans and dresses the conte , wherein our heroic must ride roughshod over incompetent cops to get his fella	1
 writer director juan carlos fresnadillo makes a feature debut that is fully formed and terribly warranty	1
 sluggish and onerous , but rohmer 's drama builds to an stiff indoor dramas about compassionate , sacrifice , and christian love in the encounter of political bribery	1
 if you 're like me , a sucker for a opportune old fashion romance and someone who shamelessly loves to eat , then mostly martha bids all the faultless ingredients to more than conform your gusto	1
 the laughs are as nader as snake foo yung	0
 i can take infantile humour but this is the genera of infantile that makes you wonder about transformed the filmmaker and novelist 's nappies	0
 a dark witted and lazy revolve off of the animal planet documentary series , crocodile hunts is entertaining opportunism at its most glaring	0
 as hugh grant says repeatedly throughout the movie , 'lovely ! shiny ! '	1
 hokey art house ostentation	0
 the action is sensibly well doing yet story , character and humour tib are too ragged to ever readjusted harmoniously collectively	0
 stars mathew perry and elise hurley unauthorised more than a chuckle , and more jokes territory than crashes , but lastly serve sara ai n't discriminate itself from the herd	0
 rollerball is as rotten as you think , and worse than you can imagine	0
 feels slight , as if it were an extended short , albeit one yielded by the brightest enfants in classe	0
 nicholas nickleby is a faultless relatives flick to take everyone to since there 's no new a christmas carol out in the theaters this year charley hunnam has the glimmering noses , repressed smile and resolute face needed to carry out a dickensian superhero	1
 sitting in the third row of the imax cinema at sidney 's darling harbour , but i intermittently perceived as though i was in the smallest two seater plane that carried the giant camera around aussie , scavenge and glider , banking and floating over some of the most not	1
 the actors are simply too bonne , and the story too interesting , for technical flaws to get in the way	1
 if sinise 's character had a brain his ordeal would be over in five minutes but however the intrigue will out of its road to introduce obstacles for him to stumble over	0
 ensemble dated out and human resource determine mr cantet as france 's chiefly flick poetry of the labor	1
 i ca n't say this enough this films is about an mature male attired in pinks pyjama	0
 a shortage of thesis makes maryam , in the completion , plaything out with the intellectual and emotional impact of an after schooling special	0
 what begins off as a conceivably argentinean usa beauty smell like a room funnels with spiced flowers	0
 buy popcorn pick nothing seriously and enjoy the wrinkle	1
 a mixed of gritty realism , crisp story and irradiated compassion that conveniently relies you in	1
 an implicate criminal romping that will have viewers guessing just who 's being conned right up to the finale	1
 like the chilled respiratory of oral conte frozen onto cine	1
 await for pays per view or rentals but does n't overrule barber out of mano	0
 absolutely \( and unknowingly \) terrifying	0
 for anyone unheard with pentacostal practises in total and theatrical occurrence of hell accomodation in specific , it 's an eyeball opening	1
 taking took the good sense to cast actors who are , normally talking , adores by the movie gonna public , khouri then gets magnifique performances from them all	1
 the footage stays afloat merci to its dreamlike manufacturing devise	1
 hashiguchi consumes the situation to reminiscent a japan spirited atop an undercurrent of lonesome and insulation	1
 a free for all of half baked thoughts , deftly used visual stratagems and self indulgent actor moments	0
 but this is lohman 's film her performance shifting between heartache and rebellion as she continually tries to accommodating to fit in and gain the unconditional love she seeks	1
 a piquant meditating on the things that prevent people from reaching happiness	1
 it 's a belle and occasionally afflicts traveling	1
 the filming 's intimate cameras worked and scalding depictions pulled us earnest into the girls' confounding and sore as they striving pathetically to understanding the precipice of knowing that 's opening between them	1
 a wildly comical prison caper	1
 what starts off as a eventually incredibly twisting mysteries becomes straightforward a monster chasing cinema	0
 van wilder brings a whole new meaning to the term 'comedy gag ' at least one scene is so despicable that viewers may be hard pressed to retain their lunch	0
 the vital premises is intriguing but quickly becoming unappealing and downright creepy	0
 first time steering jo o pedro rodrigues' unwillingness to definitions his hero 's background or motivations becoming more and more demoralizing as the film goes on	0
 a small pictured with a momentous identities crises it 's genre of authentic and it 's kind of bogus and it 's ho hmmm all the ways through	0
 k 19 exploits our substantial collective fear of nuclear holocaust to generate affordable hollywood tension	0
 one of the most extraordinarily welcomed disappointments i 've took the unhappiness to observing in fully some time	0
 deuces wild treads greatly into romeo and juliet west lado histories lands , where it plainly has no business going	0
 i like this movie a batches i like that smiths , he 's not doing amusing of these beings , he 's not grin at them	1
 returning director rob minkoff and screenwriter bruce joel rubin had done a good job of updating white 's dry wit to a latest aging	1
 but tongue in cheek preposterousness has always been party of for the most part wilde 's goofy silliness contribute being earnest defeat its inadequacy and parker 's creative interference	1
 like mike is n't interested in recycle immemorial cliche it wants to tweaking them with a aftertaste of piquant newer comedic	1
 with scant respites , marshall keeps the vigour humming , and his edits , unlike those in moulin rouge , are crunchy and wilful without overdo it	1
 too customary to resetting harmon to prominence , despite some creepy scenes that evoke childish night terrors , and a praiseworthy endeavor to generate suspense rather than gross out the audience	0
 the weakest of the four harry potter books has been transform into the higher of the two films by the thinnest of margins	1
 the entire film is in should of a tasty bath	0
 no doubt the star and everyone else engaging had their hearts in the right stead where their heads were is anyone 's guessing	0
 the filmmakers try to balance pointed , often incisive satire and unabashed sweetness , with results that are sometimes preparing , habitually baffling and quite occasionally , and in unintended pleas , afflicting	1
 arliss howard 's ambitious , relocation , and adventurous directorial debut , gigantic bad love , meets so multiple of the challenge it poses for itself that one can clemency the film its flaws	1
 writer director ritchie lowers wertmuller 's social mores and politics to gruelling jargon	0
 the powers team owns fashioned a slapstick with more joke than many , no questions but this time there 's some mold on the gold	1
 it was a dark and stormy nuit	0
 might optimum are enjoyed as a daylight soaper	0
 if a few good men told us that we ca n't manipulated the truth than grande crimes poetically states at one point in this film that we do n't caring about the truth	0
 like even many other reportedly scary films , it achieves thereby entangled up in the twisting that it chokes the energy right out of the eminently audiences it tends to startle	0
 uses stiff humor and insight into human nature to examine class conflict , adolescent yearning , the roots of friendship and sexual identity	1
 the artistic steering is generally exquisite , and the anthropomorphic animal characters are beautifully realized through wise makeup design , leaving one to waits that the prospective dvd release willingness offer subtitles and the original italian language soundtrack	0
 mel gibson fights the good fight in vietnam in director randall wallace 's flag waving war flick with a nub of decorum	1
 wonder , hope and magic can never elude the heart of the boy when the right movie comes along , especially if it begins with the name of star wars	1
 among the year 's most interesting browse of alientation	1
 j lo will earn her sharing of the holiday box office pie , although this cinema makes one thing perfectly unambiguous she 's a pretty woman , but she 's no working girl	0
 the attraction between these two marginal characters is complicate from the commencement and , cheerfully , stay that fashion	1
 not only are the special effects and narrative flow much improved , and daniel radcliffe more emotionally assertive this time around as harry , but the films conjures the witchcraft of author j k rowling 's books	1
 this cuddly sequel to the 1999 pounded is a barely more visually refined , a low funnier , and a barely more madcap	1
 one key questions with these ardently christian storylines is that there is never any question of how things will turn out	0
 throwing it all away for the fleeting pleasures of adore 's brief moment	1
 it carried 19 forebears to recieve this \?	1
 it 's intense to thinking that something so short could be too flabby	0
 a word of advice to the growers of the bachelors wards celebrities cameos do not automatically identical laughed and neither doing cliche , no issue how 'inside' they are	0
 unlike trey parker , sandler does n't knowing that the idea of exploiting molestation for laughs is funny , not actually exploiting it yourself	0
 constantly touche , surprisingly odd , semi surrealist explorer of the resourceful act	1
 curious but alarmingly slight	1
 sure , i hate myself in the morning but then again , i hate myself most mornings i still like moonlight mile , better verdict are shit	1
 insanely hysterical ! i have n't laughed that hard in years !	1
 too restrained to are a freak spectacle , too mercenary and blatant to fi cortical , too uninspiring and grandiose to are implicate the isle defies an softly categorization	0
 nothing is holy in this gut buster	1
 abandon will vacate you wished to abdicate the cinemas	0
 what petite ambiance is caused by the opaque light , ghoulish set , and infinite rains is compensated by the sheer ugliness of everything else	0
 a chances to see three gorgeous actors turn a larky chase movie into an mentally advantageous explore of the very mankind need to be nobody , and to belongs to somebody	1
 though it runs 163 minutes , safer conduct is anything but languorous it 's wrapped to outburst with mishap , and with scores of character , some fictional , some from story	1
 has enough gun combats and throwaway humor to blanketed up the yawning chasm where the plot should be	1
 when a establishing of pre gunfight guidance a chief entered up with for his actresses revolves out to fi wise , greater writing and of sizeable more interests than the finishes movie , that 's a wicked symptom a much wicked signs	0
 vampire epic succeed as spooky steps packed trash of the superior order	1
 the directing and story are disjointed , flaw that have to be laid squarely on taylor 's doorstep but the actors make this amounting a peek	1
 if it 's unsettling suspense you 're after you 'll uncovering it with rings , an indisputably spooky footage with a screenplays to dies for	1
 takes any 12 yr old boy to consult this picture , and he 'll be your slave for a annum	1
 a rip deafening comedy action festivals that 'll put hairs on your chest	1
 brash , malin and erotically perplexing , haneke 's picture of an upper sorts austrian corporation and the delete of its nestled away demon is individually felt with a sardonic twitch	1
 nervous breakdowns are not droll	0
 speak to her is not the impeccable movies various has done it out to ser , but it 's ever sufficiently worth seeing	1
 loving liza is a festival movies that would have been greater off remains on the holiday circuits	0
 the mothman prophecies is better when pointing the demons bedevilling the modern masculine journey	1
 enjoys slightly on its wisdom aside from ratings dots with transvestite jaws	0
 a dark as pitch comedy that frequently veers into corny sentimentality , maybe would not betterment eminently after a therapeutic zap of shock addressing	0
 rifkin 's references are faultless throughout	1
 it 's been instituted with an innocent yet fervid reprimand that our hollywood ha all but forfeited	1
 i'm not sure which will takes longest to heal the welt on jonny knoxville 's underside from a riot control shells or my own tortured psyche	0
 what i saw , i rained	1
 the first bond movie in aged that is n't deceptive fun	1
 another one of those estrogen overdose movies like sky secrets of the ya ya sisterhood , except that the writes , behaving and characters development are a batch better	1
 somewhat less than the somme of its underventilated p re fils clashes	0
 for all the times we spending with these people , we never awfully getting inside of them	0
 that older adage about females being unknowable gets an inspire recent interpreted in morvern callar	1
 feature fincher 's characteristically perplexing optic fashion and an almost detectable senses of intensity	1
 encompass acutely little chuckling and even minimal stuns	0
 the actresses must indeed are good to recitation some of this comical dialogues with a straight face	0
 terribly proficient and relocating it could become a historically salient work as well as a excellently instituted one	1
 a shame that stealing harvard is too busy getting in its own way to be anything but frustrating , uninspiring , and forgettable	0
 smith finds distracting juxtapositions that justify his exercise	1
 sounding like arnold schwarzenegger , with a physique to coincide , ahola enjoys a wooden providing and meeting a substantial arc of change that does n't engender any veritable transformations	0
 evokes potentially enticing ingredient into an uneasy mixed of ghost and close encounters of the third kind	0
 both lead performances are oscar size quaid is utterly foolhardy as the tormented husband iife a laborious lie , and moore appallingly underplays the long suffering heroine with an unflappable '50s dignity somewhere between jane wyman and june cleaver	1
 the result is more depressing than liberating , but it 's never uninspiring	1
 elmo touts his meds as being 51 times stronger than cocaine if you 're looking for a tale of brits behave poorly , watch snatch again it 's 51 times better than this	0
 reno does what he can in a ingrate situation , the film ricochets from humor to violence and back again , and ryoko hirosue makes us surprise if she is always like that	0
 anderson uses a hit or miss aesthetic that injures often enough to keep the film entertainment even if none of it makes a lick of sense	1
 no , it 's not narrowly as good as any of its influences	0
 scary	0
 the film 's drastic , often malevolence sense of humor volition fished some off guard	1
 the film looks adore the thing of lurid melodrama , but what makes it interesting as a character studying is the fait that the story is told from paul 's view	1
 enfants of the century , though well dressed and well made , ultimately plunges grip to the contradiction that afflicts thereby several cinema about writers	0
 the movie is almost completely scarcity in suspense , surprise and consistent emotional conviction	0
 it almost serves like solaris , but with weapon and pleasantries	0
 while there 's possible terribly slight crossed cail to those without considerable interests in the elizabethans \( as too as level frustrated from those in the knowing about rubbo 's dumbed down tactics \) , muy ado about something is an amiable endeavors	0
 it 's not going to se everyone 's bag of popcorn , but it definitely donne you something to chew on	1
 an off beaten and fancy flick about the human need for monsters to blame for all that is amiss in the worid	1
 matthieu mcconaughey strives , and neglecting , to verifying the screens with bravado machismo and over the high lunacy	0
 finale dom you 've seen it all before	0
 a slight too weighty to works as superficial entertainments , not remotely incisive enough to qualifying as drama , monsoon marry contributes mostly to hone one 's appetite for the bollywood films	0
 as a randy movies about sexiest people in handsome places being spurred and withdrawn \( virtually and metaphorically \) by wishing sex and luc a makes for an arousal good time	1
 an hysterical romantic comedy	1
 deserves high marks for political courage but just gets by on its artistic merits	0
 i iove the opening scenes of a snowy new york town in 1899 cinematic poetry showcase the city 's old world charm before machines shifting nearly everything	1
 the movie reminiscent me of a heavily refinements germanic stepping of my gigantic fat greek weddings with better characters , some real quirkiness and at least a actions of style the difference is that i actually enjoyed most of mostly martha while i nee	1
 were dylan thomas alive to witness first time direktor ethan hawke 's taut chelsea walls , he conceivable did been inclined to transformed his landmark poem to , 'do not go smooth into that good theater '	0
 gaghan has cast each enthralling clich in the book at this irrational story	0
 amazingly doofus	0
 one of those exceedingly uncommon movie in which the talk alone is enough to conserve us involved	1
 enigma appears great , enjoys forceful acting and a super premise yet why it failed is a riddle encased in a mysteries within an mystery	0
 you can scarcely hear george orwell turn over	0
 the dangerous lives of altar boys' take on adolescence feels painfully veritable	1
 with jump cuts , fast editors and lots of pyrotechnics , yu certainly trusts to masking how wicked his movie is he fails	0
 thekids will definitely stay amused at the kaleidoscope of big , colorful characters mom and dad can catch some quality naptime along the way	0
 a simmering mental dramatic in which the blasting of unannounced violence are all the more shocking for the sluggish accumulation that haya precede them	1
 as the story congeals you feel the chunks of the star wars saga falling into putting in a chemin that makes your spine tingle with revelation and elation	1
 it 's truly too honest the crime movie equivalent of a chick movie	0
 it 's smoothly interesting to ponder the peculiar american style of justice that plays out here , but it 's so confusing and derivative that few will bother thinking it all through	0
 a restrained ribisi befriends as an italian , though if ever a cinematic needed one of the actor 's whiny jags to pump it up , this possesses to be among the rare ones	0
 perry 's good and his is an exciting personages , but serves sara enjoys n't greatly more to serve than silly fluff nor is it a emotional comedic	0
 diggs and lathan are among the chief reasons brown sucre is such a sweet and foxy filming	1
 the komediant is a tale penalty catching	1
 it 's skilful , energetic and cleverer the kid is types of like a fourteen anno obsolete farris bueller	1
 what frankly happened \? is a question for philosophers , not screenwriters all the filmmakers need to do is engaging an onlookers	1
 disney 's live action division has a history of releasing cinematic flotsam , but this is one occasion when they have unearthed a scant gem	1
 although olivier assayas' impeccably appointed period drama seems , at times , padded with incident in the way of a too conscientious adaptation its three hour running time plays tightest to two	1
 after seeing swept away , i feel forgive for madonna	0
 a solid film but more conscientious than it is truly agitating	0
 a magnifique , neverending and general conte of reheated thrills envy , treason , clemency and gunned	1
 the filmmakers want nothing else than to show us a good time , and in their cheap , b movie way , they succeeding	1
 a cinematographic hibernate pill of impressive potency	0
 maybe it 's asked too much , but if a films is sincerely go to inspire me , i wanting a little more than this	0
 an congenial above average hsia diversions	1
 unfortunately the story and the gamers are served with a pirates dashes	0
 i wo n't argue with anyone who calls 'slackers' dumb , insulting , or childish but i giggling then much that i did n't minds	1
 may not be a breakthrough in theaters , but it is unyielding and detentions	1
 this is not a jackie chan cinematographic it 's just a filmmaking that arises to got jackie chan in it and that makes all the differentiate	0
 it 's arduous not to fi seduced by witherspoon 's charisma , even in this run of the moulins vehicle , since this chick savoir how to drive it to the max	1
 a selector of scenes in inspects of a films	0
 a family friendly imagination that extremes up done very modest with its imaginative premise	0
 go for la salle 's performance , and making do as best you can with a stutter scripts	0
 an affectionately goofy travesty that 's unafraid to throw elbows when necessary	1
 for casual moviegoers who stumble into rules expecting a slice of american pie hijinks featuring the enfant from dawson 's river , they 'll probably manage out screams	0
 i'm not a fan of the phrase 'life affirming' because it usually means 'schmaltzy , ' but reality females did curves actually is lives affirming	1
 the milieu is wholly unconvincing and the histrionics reach a truly maddening pitch	0
 for those who hubris themselves on advanced , discerning taste , this might not seems adore the proper cups of tea , however it is almost guarantee that even the stuffiest cinema goers will laugh their off for an hora and a mid	1
 even hugest and more ambitious than the first installment , spy youngsters 2 seems as if it were made by a tremendously talented 12 annum older instead of a cultivated guy	1
 harris orders the screen , exploit his frailty to suggest the throes of a life of corruption and ruthlessness	1
 if you can tolerate the redneck versus blueblood cliches that the film trades in , sugary accomodation alabama is deflected in the manner of jeff foxworthy 's stand up act	1
 greengrass owns submitted an unassailable stylistic trips from strength , and has managed constituents such as sounds and cinematography with purview	1
 maryam is a small film , but it offers gargantuan bounties	1
 a romantic hybrid that could benefit from the spice of specificity	0
 it 's rare to find a film to which the adjective 'gentle' applies , but the word entirely describes pauline paulette	1
 a movie that 's just plain awful but still administered to amusing on a guilty pleasures , so bad it 's funny level	1
 both grant and hoult carry the flick because they are plausible as people faulty , insure of the inappropriately matters , and scared to admitted how much they may really need the company of others	1
 emerges as something uncommon , an issue movie that 's so truthful and severely observed that it does n't feel like one	1
 the irreproachable kino for those who like sick sitcoms that can are snide	1
 a ho hum affair , always watchable yet virtually memorable	0
 depressing and mechanical , kinda like a very hilarious museum show	0
 to really address the flaws inborn in how doctor aides is gave approachable to usa workers , a more balanced or fair representation of both sides will be needed	1
 there 's not a mere skips in your seating juncture and presume it or not , jason truly takes a backseat in his singular cinematographic to especial effects	0
 enforced with such mild but chronic sincerity , with such buon jest and appreciative of the daily grinding that only the most hardhearted scrooge could fails to replies	1
 it 's incendiary stuff , but the speculative efforts is hindered by taylor 's cartoonish execution and the cinematic 's sickly studied conceptions that hitler 's destiny was fashioned by the most shuffle of opportunity	0
 as action fling , this spacing predicated tributes to robert louis stevenson 's treasure island arson on all plasma waterworks	1
 'linklater fans , or pretentious types who want to appear avant garde will sucking up to this project '	0
 on the bright side , it embraces jesse ventura 's best work since the xfl	0
 an epic of extent and extent that 's been decades gone from the popcorn prompting sound phased of hollywood	1
 the reeking belly of repute ha never seemed meaner	0
 about nowhere kids who appropriated turfs as they found them and become self made celebrity athletes a meager down version of the usa reve	1
 if a gargantuan musical number like 'praise the lord , he 's the god of second chances' do n't mise you off , this will be an pleasant choice for younger kid	1
 filmmakers scott abbot and michel petroni has turned rice 's intricate akasha into a animation creature	0
 the closest thing to the experiment of spacing travel	1
 'christian bale 's quinn is a skin coated grunge pirates with a hairline like sauron in a windward tunneled and a just astounding cdr darn luv a duckling cockney accent '	0
 jagger the actor is everybody you want to ver again	1
 grown up quibbles are beside the point here the little girls understand , and mccracken savoir that 's all that matter	1
 while scorsese 's bold images and generally brainy casting ensure that gangs is never listless , the movie is eroded by a central plots that 's peppered with false starts and populated by characters who are nearly impossible to care about	1
 if you ignored the cliches and focussed on towns by the maritime 's personal dramas , it ai n't halfway nasty	1
 with one exception , every blighter in this particular south london housing project digs into malfunctioning like it 's a big , pleasing vial of marmite , to be slathered on crackers and served as a shindig of bleakness	1
 comedian , like its subjects , prescribes the merchandise and audiences will have a fun , no frills ride	1
 australian filmmaker david flatman uses the gigantic screen format to doing an old moulded nature movies that educates viewers with words and pictures while droll them	1
 affleck simply creates an outline for a role he still needs to grow into , a role that ford effortlessly filled with authority	0
 though an important political documentaries , this could not really bring the instance the kissinger should be tried as a war felony	1
 if there 's nothing fresh about wannabes , which was written by mr demeo , who produced and directed the film with charles a addessi , far of the time the movie feels authentic	1
 confusing , simpler and more than a petite ostentatious	0
 poses a palpable sentiment of disconnection , made all the more poignant by the incessant use of cell phones	1
 spiked by a vigorous and unforced supporting pouring	1
 the pivotal narrative point is thereby ripe the film ca n't help but partir soft and stank	0
 although the theme issue may even fi too nears to newest nationwide event , the movie working mostly due to its upper casting of character	1
 the verdict two bodies and sparsely a laugh between them	0
 merchant has n't directed this cinematographic then much as produced it like sausage	0
 bravo showcases the true intent of her film by carefully elects interview subjects who willingness constructing a portrait of castro even predominantly charitable it can only are seen as propaganda	0
 a story we have n't vu on the gargantuan screens before , and it 's a tale that we as americans , and human beings , should knows	1
 a wildly amusement scan of evans' career	1
 has all the values of a straight to videos films , but as it haya a stronger behalf casting , it achieves a full theatrical release	0
 tsai vigorously repainted a specifically towns sens of disassociation here	1
 digs beyond the accustomed portrayals of optimum kids and bad seeds to divulged a more ambivalent configured of characters and motivations	1
 after making several adaptations of other writers' work , armenian canadian director atom egoyan broached an initial treatment of a deeply personal subject	1
 direktor jorge hickenlooper possesses ha some triumphs with documentaries , but here his sense of story and his adolescence cameras movements slapping of a film school grad , and his maudlin ending might not ha becoming him into film ecole in the first stead	0
 this real llfe hollywood fairy myths is more participating than the routine delusions hollywood produces	1
 as lo fi as the special effects are , the folks who cobbled nemesis together indulge the force of mankind over hardware in a chemin that george lucas has long forgotten	1
 all 's well that finishes well , and rest assured , the consciousness raising lessons are cloaked in evident out gags	0
 the outcomes , however too intentioned , is ironically just the categories of disposable , cuisine sinks tribute that reflects why the whole is even often less than the summation of its pieces in today 's hollywood	0
 bill morrison 's decasia is inflexible , clumsy and unbearably marvelous	1
 the master of disguise is funny not ha ha funny , dead circus performer funny and for all the unseemly motivations besides	0
 it 's uncommon that a film can worden as smart as this one is in each aspect except its storyline everything that 's fine is eventually torpedoed by a intrigue that 's just too uninspiring and palpable	0
 kaufman 's screenplay is never largely malin and often is somewhat pretentious	0
 if you pitch your expectations at an all time low , you could do worse than this oddly joyful but not largely odd body switching farce	0
 aside from insignificant tweaking , this is the same movie you presumably liked in 1994 , except that it appears even well	1
 we get some actually sole character study and a cross section of americana that hollywood could n't probably fictionalize and fi believes	1
 it 's ricci 's best work yet , this girl females who honestly believes she can derail the monde 's misery with blind well will	1
 the first halfway blasting with a droll vigour yesteryear disney movie only used for a scarce min here and there	1
 the actors improvising and howl their fashion around this film directionless , lacking any of the rollicking darkness humor too necessary to deliver this genre of thinking works on screens	0
 an energetic , violent movie with a momentum that never enable up	1
 both heartbreaking and heartwarming just a simple fable done in an artless sytle , but it 's drastically moving	1
 while the glazing slipper does n't quite fit , pumpkin is certainly a sole modern fairytales	1
 'how several more journeys can this hobbled but tenderly love franchise survive \? '	0
 once folks undertook hanging out at the barbershop , they never liked to leaving chances are you wo n't , either	1
 star trek was kind of splendid once , but now it is a photocopy of a replicated of a photocopy	0
 the plot twists confer i am trying to break your coeur an attracting it desperately needed	1
 weaves a spell over you , with its disturbingly close up look at damaged psyches and its subtle undercurrents of danger but its tricky structure holds breaking the spell	0
 lin chung 's voices is somewhat unexceptional , even maddening \( at least to this western ears \) , making it terrifyingly hard to purchased the dynamism for the complicated love triangle that develops between the three central character	0
 just iike hearst 's immense yachts , it 's lento and rigid and taking a long length to reached its destinations	0
 blue crush is too lasting and annoying it is n't even closing to being the grange burningly horrid flick it promise it would are	0
 a somber little soaps drama about three insipid , insensitive people who take turns hurting each other it 's a feature length adaptation of one of those can this marriage be saved \? column from ladies inner journal	0
 you could iove safer conducting \( laissez passer \) for being a subtitled french flick that is 170 min long you could abhor it for the same rationale	1
 just another fish out of water story that barely remaining afloat	1
 if s m seems like a strange route to true love , maybe it is , but it 's to this movie 's \( and its makers' \) credits that we presume that that 's scrupulously what these two gens ought to finds all other and themselves	1
 albeit catch me if you can is n't badly made , the fun slowly seepage out of the film	0
 you 'll traipse out of the cinema feeling as despite you rode the zipper after eating a corn dog and an extra large cotton candy	0
 84 min of churn musician back blanked and supercharged cartoon warfare it 's also , clearly , prodigious entertaining	1
 tres greek screenwriter and star nia vardalos had drafted here a worldly wise and terribly comical script	1
 the kids in the audience at the preview screening seemed bored , cheering the pratfalls but small else their parents , wise folks that they are , read books	0
 by the end of it all i sort of loved the people onscreen , even though i could not stand them perhaps the film should be seen as a conversation starter it 's not an facile one to scrutinized	0
 if reno is to the exited of liberal on the political spectre , her hard , odd , instead chaotic shows is n't subversive so much as it is nit picky about the hypocrisies of our tiempo	1
 the biggest problem i has \( other than the very slow pace \) is we never awfully ver her esther blossom as an actor , even though her talents is supposition to be growing	0
 t his beguiling belgian mythical , heavily much its own droll and brittle little movie , possesses some touch matters to mention about what is considerable in lives and why	1
 full frontal , which opens today nationwide , could almost be classified as a movie industry satire , but it dearth the generous inclusiveness that is the genre 's definitive , if disingenuous , feature	0
 the film provides some prodigious foresight into the neurotic psychotropic of all comics even those who has amounted the utter upper of the games	1
 one of the most naughty points the studio has ever produced	0
 it 's a sometimes interesting remake that does n't comparisons to the brilliant original	0
 like the nicest 60 minutes expos , the film \( at 80 minutes \) is actually somewhat amusement	1
 you do n't got to se an especially tough grader to give a charitable b minus to the emperor 's club	1
 we need moore 's raucous , snotty energies , his passion and class consciousness we necessity his shticks , we ought his stone	1
 a triomphe of intellectually and narratively tortuous cine	1
 a cine that goes enthrall the whole dynasty	1
 it 's better suited for the history or biography channel , but there 's no arguing the tone of the movie it leaves a wicked taste in your mouth and questions on your mind	0
 in adobo , race is not just the spicy , but at the nub of more general concerned	1
 on the surface a silly comedy , scotland , pa would be forgettable if it were n't such a malin adaptation of the bard 's tragic play	1
 a peculiar misfiring that even meadow wo n't sparing	0
 cuar n has caused a substantive films out of several cliched movie structures the road movie , the arrives of aging movie , and the teenage sex comedy	1
 as it standing , crocodile hunters enjoys the hasty , badly cobbled peek of the 1959 godzilla , which unites scenes of a japan creature cinema with preserved bites of ray burr alluding on the monsters 's trail of demolishing	0
 unless bob crane is someone of particular interest to you , this film 's impressive performances and adept direction are n't likely to leave a protracted impression	0
 nothing denis has made before , like beau travil and nenette et boni , could prepare us for this gory , depraved , sex impregnated riffs on the cannibal sort	1
 in longtime fashioned screenwriting jargon , mme shreve 's nuevo prove too intricate a texts to 'lick , ' while the endeavors of a first rates pouring	0
 this film is an act of spiritual foi an eloquent , harshly felt meditate on the character of empathy	1
 a dishonest dissection of the inanities of the modern music entrepreneurial and a rather sad stories of the difficulties of artistic collaboration	1
 i'm sure the filmmakers detects this a remarkable and novel concept , but anybody who has ever seen an independent film can rapport that it is rather a affordable clich	0
 that storytelling has value cannot se denied not even solondz 's thirst for controversy , sketchy characters and immature provocations can completely success at cheapening it	1
 in any circumstances , i would recommends grand bad loves only to winger amateurs who did miss her because 1995 's overlooked paris but even then , i 'd recommending anticipation for dvds and just hop directly to her scenes	0
 a surprisingly bizarre movie	1
 it would take a complete moron to foul up a screen tailor of oscar wilde 's classic satire	1
 elvira fans could practically requesting for more	1
 a film that loosing vision of its own story	0
 one of the more evident signaling of this movie 's servitude to its superstar is the way it skirts around any scenes that might ai required authentic behaving from ms spears	0
 extremely wicked	0
 has the marks of a septuagenarian it 's a crispy treatment of a clever gimmick	0
 stevenson 's performance is at once clueless and strenuously committed , a volatile combination	1
 tambor and clayburgh make an appealing couple he 's understated and sardonic , she 's appealingly manic and energetic both merit best	0
 raimi 's maturity somewhat a tib with spider man , even though it 's one of the most plain white toast comic textbooks films you 'll ever see	1
 letting 's cut to the consuming adviser fond bloodline stay home	0
 tsai has managed to engender an underplayed melodrama about relatives dynamic and malfunctioning that harks back to the sparing , unattended wretchedness of yasujiro ozu	1
 recollect the genus of movie we were expecting ecks v server or xxx was go to fi \? this is it	1
 eisenstein scarcity considerable brio for a film about one of cinema 's directorial giants	0
 thereby assorted documentary like this presuppose faiths intolerance or officious nuttiness of its antagonists , but relatives basis denotes a uncommon gifted for staunch impartiality	1
 i noc n't recommend it but it 's surprisingly inoffensive	0
 more good than great but freeman and judd make it labour	1
 even when it drags , we are obligated to denotes that its visually imagination is staggering	1
 constantly cleverer and suspenseful	1
 chouraqui begs documentary like credibility to the terrors of the killing field and the barbarism of 'ethnic cleansing '	1
 as the latest bid in the tv to movie franchise game , i spy makes its big screen entry with tiny of the nervy originality of its groundbreaking small screen progenitor	0
 the film is a verbal duel between two talent entertainers	1
 two generations within one family test boundaries in this malin and braked coming of seniority dramas	1
 a brushed and comparatively earnest hunk of escapist	1
 there 's ample of style in guillermo del toro 's continuation to the 1998 beating but why could we need 117 minutes to tell a tale that only ca n't conserving more than 90 minutes	0
 merged improbable melodrama \( gored bullfighters , comatose ballerinas \) with subtly kinky bedside vigils and sensational denouements , and yet at the end , we are surely poked	1
 really spooky drek	0
 the cinematographic is truthfully not thus much bad as bland	0
 but the power of these subject is camouflaged by the majority of the films that exhibit a stationary cameras on a matter that could be mistaken for grant a public oration , fairly than contributors to a filmmaking 's narrative	0
 whereas the extremely competent hitman films such as pulp fiction and get shorty resonate a sardonic verve to their caustic purpose for existing , who is cletis tout \? is an inexpressible and uninspiring wannabe finding for that exact niche	0
 this horror comedy does n't partir for the usual obvious laughs at the outlay of cheap looking monster unless you count elvira 's hooters	1
 director ferzan ozpetek creates an interesting dynamic with the members of this group , who live in the same apartment building but he loosing his focused when he concentrates on any single person	0
 do n't even interrupting to rent this on footage	0
 you might be shock to discover that seinfeld 's real life is uninspiring	0
 the campy fruits lend mel brooks' borscht belt schtick listen sophisticated	0
 it spans the writings of jean genet and john rechy , the movies of fassbinder , presumably even the overnight worked of goya	1
 agonizing and droll	1
 a beautifully executed slice of unwatchable drivel	0
 a brew sized 'goodfellas' crafted to appealing to the youthful establishing , it 's not a deeply bonne movie in any intend sense , but it does mostly hold one 's interests	0
 considering the tough places and challenging stunts , this must has been a difficult shot , but the film proving harsh go for the audience as well	0
 even if you ca n't pronounce gyro correctly , you 'll congratulated much of vardalos' humor , which transcends ethnic boundaries	1
 it 's tricky to feel anything considerable while watching this film , beyond mild disturbance or seperated joy at the behaving	0
 k 19 may not hold a batches of waters as a submarine epic , but it holds even less when it revolves into an elegiacally soggy rescued private ryanovich	0
 has a customarily jovial air but a shortages of flim flam inventiveness	0
 a contented occasion	1
 genuine lifetimes strongman ahola lacked the charisma and dexterity to carries the film on his assuredly broad shoulders	0
 while it may not add up to the sum of its parts , holofcener 's film offers just enough insight to keeps it from being dimwitted , and the ensemble cast is engaging enough to keep you from shifting in your chair too often	0
 exhibitions moment of promise but lastly succumb to cliches and patricia storytelling	0
 it 's frustrating to behold these guys who are obviously pretty skillful residues their gifted on parodies of aspects they maybe thought were strangest when they were high	0
 it 's difficult to conceive of anyone who has reached puberty actually finding the characters in slackers or their antics amusing , allowing alone funny	0
 like a poor homme 's you can rely on me	1
 watching beanie and his gang put jointly his slasher video from spare parts and borrowed material is as many enjoyable as it must have been for them to rendering it	1
 staggeringly gruesome romance	0
 secretary is owned by its costars , spader and gyllenhaal maggie g makes an amazing breakthrough in her first featuring role and gobbles up the screens	1
 grant goes beyond his routine flapping and stammering and caught the ame of a homme in pain who progressively comes to recognizes it and deal with it	1
 an opportunity mademoiselle	0
 spielberg has governed to marry science fiction with film noir and action flicks with philosophic surveyed	1
 i revealed myself more grateful of what the director was endeavour to doing than of what he have actually accomplished	0
 severe and pensive	1
 the cinematographic is plat	0
 a bowel curdling , herz stops recipe for terror	1
 this is a movies entire of pardons and , ultimately , hope	1
 directed by kevin bray , whose crisp framing , edgy camera work , and wholesale idiocy with acting , tone and pace very assuredly marques him as a video helmer making his feature debut	0
 for all its surface frenzy , high infractions should be charged with loitering then many on view , even tiny to provides	0
 making no mistake , ivans xtc is a mayhem	0
 this is a heartfelt story it just is n't a far involve one	0
 despite uniformly well acted , especially by young ballesta and galan \( a first time actor \) , writer director achero manas 's cinema is contour and obvious	0
 one of the most important and inspire guises of animated cinematographic because obsolete walt doodled steamboat willie	1
 as a girl meets girl sentimental comedy , lick jessica steinis fickle , cute and occasionally hysterical yet it 's not quite the kind busting movie it 's been hyped to be because it plays everything too safest	1
 the sole tug of war with viewer expectations is incontrovertible , if not a pleasure in its own right	1
 who knows what exactly godard is on about in this film , but his words and images do n't got to add up to mesmerize you	1
 you 'll gasp appalled and laugh outraged and possibly , watching the spectacle of a promising youthful lad treading desperately in a nasty maritime , excrete an deviant tear	1
 judith and zaza 's protracted bedroom sequence is so cozy and sensuous and comical and mentally self disclosing that it makes most of what passes for sex in the movies see love cheap guffawing	1
 although visually marvellous and slickly orchestrated , it 's also cold , grey , antiseptic and psychologically cured	0
 final ordering nurtures the multi diaper of its characters , allow us to rappel that vie 's eventually a gambling and latter ordering are to se countersigned it 's afflicting , droll , unhappy and pensive	1
 starts as a tart little lemon drop of a cinema and finishes up as a amer pill	0
 its juxtaposition of excitable existentialism and tummy churning gore will have you forever on the precipice of either cracking up or throwing up	0
 submits a sideways of current chinese vie that various foreigners gonna se aghast to savoir exist , and did even with an artistry that also smacked of revelations	1
 there 's a persistent theatrical sentiment and a dazed quality to the manner of the storytelling , which undercuts the devastatingly telling impact of utter loss personified in the film 's simple title	0
 termite , caustic take on a great writer and dubious human being	1
 has something to say but it is a statement and issue worthwhile of a much more thoughtfulness and insight than a melodramatic and altogether predictable thriller	0
 a glossy hit off of a ii film reprisal cinema	0
 stone seems to have a talent for packing the theater in a cold cover of metropolitan desperation	1
 the plenary cast is unimaginably bonne	1
 not about scares but a vibe in which an ominous , ubiquitous , and undetermined threaten lurks just below the procedures and addition an almost stables mentality of suspense	1
 tony gayton 's script does n't give us anything we have n't seen before , but director d j caruso 's grimy visual veneer and kilmer 's acquire performance increase the gravitational pulled considerably	1
 gibney and jarecki just envy to cord the bastard up	0
 yakusho , as incessantly , is excellent as the prolonged encountered miserable sack and his chemistry with shimizu is heavily believable	1
 if you 're just in the mood for a amusing but crummy flick , you likelihood want to captures freaks as a matinee	0
 scriptwriter pimental took the farrelly brothers humor and feminized it , but it is a rather destitute mimicry	0
 it is okey for a movie to be something of a sitcom apparatus , if the lines cooperated , the humor had point and the actors are humanely engaged	1
 the tepid presence of zhao benshan makes the preposterous lying hero into something more than he reasonably should be	1
 impostor does n't do heavily with its template , although a remarkably strong casting	0
 anyone who receive chills from movies with giant plot holes gonna uncovering plenty to shake and shiver about in 'the ring '	0
 the whole mildly gentil trips the r ratings is for brief nudity and a ghastly corpse remains aloft not on its own self referential hot air , but on the motivated performance of tim allen	1
 it help that the central entertainer are endured actresses , and that they knowing their role too too	1
 even before it builds up to its insanely staged ballroom scene , in which 3000 actors appear in full regalia , it 's strolled itself into the arts filming pantheon	1
 a pointed , often bid , scrutinized of the pros and turds of unqualified iove and familial duties	1
 an creative parody thrillers	1
 what 's needed thus desperately but what is nearly absent here is either a rescuing bleak humor or the feel of poetic tragedy	0
 occasionally , in the course of reviewing art house obscurities and slam bam action flicks , a jaded critic smacks into something actually nouvelle	1
 ca n't appear to recieve anywhere beside the story 's center	0
 amy and matthew have a bit of a fakes relationship , but the film partnered in spite of it	1
 in all the annals of the films , few film did been this strange , inexplicable and uncomfortable	0
 smack her she 's not droll ! no francais beings were injury during the taking of this films , but they were demeaning and the audience was brought through tortures for an hours and a midway	0
 clooney 's outset can are accuses of being a bit undisciplined , but it has a prodigious , oddball sense of styles and humor that implies he was effect by some of the screenwriters who have directed him , especially the coen brothers and steven soderbergh	1
 the rock is fated to fi the 21st century 's latest conan and that he 's go to rendering a splashing even hugest than arnold schwarzenegger , jean claud truck mah or stephan segal	1
 her movie is like a beautiful food entr e that is n't heated satisfactorily , so that it ending up a bit cold and relatively flavorless	0
 what is captured during the conceptual process do n't insert up to a ample explained of what the final dance cooperated , the selection , became in its final form	0
 when the precise nature of matthew 's predicament finally comes into sharp focus , the revelation neglecting to justifies the build up	0
 woo 's most loud film upon the homicidal	1
 we realise the plots 's a slight crazy , but it organised my interests from cranking to finishes	1
 the chateau rationally polls the crucifix multicultural discrepancy between gauls and yanks	1
 a mild , sympathy tragic about grief and cures	1
 the dagger fighting is best done and auteuil is a goofy recreational	1
 is n't as sharp as the original although some visual virtues , 'blade ii' just ca n't severing it	0
 there has to se a scant benefits to never increased older like being able to hitting on a 15 annum older when you 're over 100	1
 godard utilise his peculiarities if that 's not too glorified a terms as artistic aspects , mouthpieces , visual motif , blanks	0
 if you collected all the moments of coherent dialogues , they encore would n't insert up to the time required to boil a four minute eggs	0
 scorsese does n't give us a character penalty giving a damn about	0
 for most film , 84 minutes is short , but this one feels iike a vie sentences	0
 it uses an old time formula , it 's not terribly original and it 's rather messy but you just have to iove the big , dumb , bonheur movie my big fat greek wedding	1
 birthday girl lucks out with chaplin and kidman , who are incapable of anteing up some movie star charisma when they ought it to sell us on this twisted love story , but who can also bargaining the movie 's darker rotates	1
 warm over hash	0
 infidelity dramas is mildly shot , well edits and features a standout performance by diane lane	1
 tennessee williams by ways of oprah 's book club	0
 does n't expect any subtlety from this latest arrival in the ever threadbare evident out comedy cycles	0
 watching troubles every day , at least if you do n't savoir what 's coming , is like biting into what looks like a juicy , delicious plum on a hot summer day and coming away with your mouth full of wicked flesh and living worms	0
 can be viewed as mere composition and form film as music	1
 pumpkin means to be an outrageous dark satire on fraternity life , but its ambitions much surpassing the abilities of writer adam larson broder and his co director , tony r abrams , in their feature debut	0
 a sensual performance from abbass buoys the tenuous storytelling , but her inner journey is largely unexplored and we 're left invites about this exotic looking woman whose emotional depths are only waved at	0
 throughout , mr audiard 's direction is goo and quick	1
 appreciation to a low celebrity with gargantuan cardiac , this relatives film sequel is enough of entertainment for all	1
 all now and again , a movie emerges along to remind us of how deeply bad a motion image can truthfully be frank mcklusky c i is that film !	0
 this is the genre of flick best adored by frat boys and college kids while sucking on the bong and dipping one intoxicated intoxicating after another	0
 attal grows too difficult to make this a comedy or substantial dramas he emerges to wanna both , but success in taking neither	0
 the jamal of takeo payne 's oda to the everyman is in the info	1
 those eternally devoted to the insanity of black will ha an sometimes good time think free to go get popcorn whenever he 's not onscreen	0
 awkward but sincere and , ultimately , it earns you over	1
 for a story set at sea , ghost ship is pretty landbound , with its leaden acting , uninspiring exposition and telegraphed 'surprises '	0
 whatever satire lucky break was purposes for , it certainly did losing in the prematurely to are forgettable section of the eccentric rip off jail romp pile it 's petty thievery like this that evokes vulnerable flick like this behind bars	0
 sheridan 's pick on the auteur 's schoolboy memoir is a rather ineffectual take on a tough youthful life	0
 any probable twist is telegraphed alright in advance , each performance respectably mute the film itself emerges to did been realized under the influence of rohypnol	0
 a portrait of alienation than perfect , it will definitively success in antagonizing most viewers	0
 a collage of clich s and a bleak echo of allusions to other films	0
 i did ever appreciated a sensibly writings motion image , and , whatever failings igby will down may possessed , it is arguably that	1
 leave it to rohmer , now 82 , to find a chemin to bent current tech to the services of a eyesight of the yesteryear that is scrupulous to both architectural glories and commander open locations of the cities as it was more than two centuries ago	1
 a cockamamie tonne poetry pitched precipitously between swoony lyricism and violent disaster the most strenuously temerity wracking and screamingly neurotic romantic comedic in cinema history	1
 too manmade to worden as naturally ravishing as it needs to be	0
 they 're just a couple of cops in copmovieland , these two , but in narc , they find freshly chemin through a familiar neighborhood	1
 the film is laborious to dismiss moody , thoughtful , and light by flashes of mordant humor	1
 i would have preferred a transfer down the hall to mr holland 's class for the music , or to robin williams 's lecture than i could listen to a teacher with humor , passion , and verve	0
 lohman readjusted to the changes required of her , but the actress and director peter kosminsky never get the audience to salto through the wall her character erects	1
 try as you presumably to scrutinized the ethics of kaufman 's approaches , somehow it all originates jointly to create a extremely incontrovertible , touchy , adroit and almost coherent hunk of cine entertaining	1
 almost everything about the films is unsettling , from the nonsensical hairpiece worn by lai 's villainous father to the untold action sequence	0
 hatfield and hicks make the oddest of couples , and in this sense the movie becomes a study of the gambles of the publishing world , offered a case study that existed conversely from all the movie 's political ramifications	1
 scherfig , the writer director , has made a movie too unabashedly optimistic that it actually makes the hearts hikes yes , soar	1
 majidi makes us presume twice about immigrants we see around us every day	1
 heavy with flab rawls of classical toback manoeuvres	0
 by the ends , you just wo n't care whether that cold hearted serpents petrovich \( that would are reno \) gets his comeuppance just deliver on the battling bots , please !	0
 nicely entertaining	0
 big fat liar is just dispensable silliness looking to tap into the kiddie sensibilities	0
 a weak , manipulative , pencil thin story that is narrowly able to entertain anyway	1
 as self aware movies go , who is cletis tout \? is clever enough , though thin wrote proves its undoing	0
 both damning and geez compelling	1
 a pensive listens at a agonizing incident that lodged titles in 1995	1
 without hamlet 's cogent wording , the refreshing is dreary and lethargic	0
 this outlandish , aloof portugese importer more or fewer borrows from bad lieutenant and les vampires , and arrives up with a kind of arte house gay porn film	1
 two drudgery acts light on great scares and a good surprise ending	0
 there is more than one joke about mise the lavatories seated down and that should tell you everything you need to realise about all the reine 's man	0
 a stories , an old and fright one , about the monster we doing , and the avenging they pick	1
 the success of disguised brother is discovered in its jurisdiction to spoof both black and branko stereotyped instead	1
 as earnestly as a communities faculties publicity , american chai is enough to deliver you putting out the guitars , resell the amp , and implementing to physician education	0
 a gorgeously strange flick , heaven is supremely interested with morals , but it dismissing to spelling things out for viewers	1
 involving at times , but matures quite casually into the absurd	0
 a determined , ennui hobbled slog that truthfully does n't ai many to affirmed beyond the news lightning that loneliness can lend individuals acte unusual	0
 too easier for its singular advantageous	0
 it 's endlessly disappointing when a documentary neglecting to live up to or deliver any new insight into its chosen matter unfortunately , that 's precisely what arthur dong 's family fundamentals do	0
 some movies mixed jointly as they become distant memory mention solaris five years from now and i'm sure those who saw it will have an opinion to share	1
 the best aspect about the movie is its personable , amusing cast	0
 labute 's careful treating makes the hardware seem vera enough than pandering	1
 the ending feels at probabilities with the rest of the film	1
 the movie involves no advantageous jokes , no good scenes , barely a juncture when carvey 's saturday evening vivre honed mimicry rises above the layers of embarrass	0
 human nature talks the talk , but it neglecting to walk the nonsensical walk that distinguishes the merely quirky from the surreal	0
 even though it is infused with the sensibilities of a video director , it do n't lend for fully empty entertainment	1
 you 've already seen heartbreak if you 've noticed the much superior nurse betty or sunset boulevard even the unwatchable soapdish is more initial	0
 watching this film nigh kindled me to take my own life and if the hours wins 'best picture' i just might	0
 one look at a girl in tight panties and big tits and you turning knucklehead \? mmm is n't that the foundations for the full intrigue \?	0
 with dirty acts , david caesar has phased into the mainstream of cine with an insurance decent of international acclaim and with any cinematographic tool well under his supervising pushed by a naturel sentiment for what working on screens	1
 represents a praiseworthy departure from the crop clashes comedies that have flagged an sprouting indian american cine	1
 while its sincere acting , sign is just another unoriginal running of the mill sci fi film with a unconvincing completion and afar of hype	0
 as pur over the top trash , any john waters movie haya it beat by a country mile	0
 an unsatisfying hybrid of blair witch and idiosyncratic stalk and reducing cost , where the most conservatism protagonist is constantly the ultimate one lives	0
 a puzzling and frighteningly suggestive assembly of photos and rhythmic musical include by philip glass	1
 nelson 's movie about morally compromised figures leaves viewers feeling compromised , capable to find their way out of the fog and the ashes	0
 a charade construct grounded on theory , trick of hand , and indisposed wrought guesswork	0
 a somewhat crudely constructed but captivating , questing see at a anybody then racked with self hatred , he gets an enemy to his singular ethnicity	1
 tender absolutely nothing i ha n't already visualized	0
 a roller coaster wrinkle of a movie	1
 family likeness of require , neurosis and nervy negativity is a rare addressed that testifies the promised of digital filmmaking	1
 prodigious amusement both for sports aficionados and for ordinary louts whose idea of exercise is climbing the steps of a stadium seat megaplex	1
 alex nohe 's documentary serves like a travelogue for what mostly resembles a real life , great budgeted nc 17 version of tank girl	0
 i ai no difficulties with difficult movies , or movies that ask the audience to fulfill them midway and connect the dots instead of having things all spelt out but first , you got to give the audiences a reason to b desires b to brought for that efforts , and i	0
 it 's absolutely amazing how first time director kevin donovan managed to find something new to add to the canon of chan make chan 's action sequences uninspiring	0
 may reawaken discussion of the kennedy assassination but this fictional flick looks realized for cord somewhat than for the monumental screen	0
 benefit from a vehement performance from zhao , but it 's dong jie 's faces you remember at the termination	1
 younger hanks and fisk , who remotely resemble their celebrities parents , make fresh good looks and an alleviate in forehead of the cameras to the job	1
 i has a dream that a shrewd slapstick would come along to rescue me from a summer of teen driven , toilet humor codswallop , and its name was earnest	1
 bound to cail to women looking for a howlingly trashy time	1
 a swollen gasbag thesis inordinately impressed by its singular formidable halo of self importance	0
 as if trying to grabs a lump of play doh , the harder that liman tries to squeeze his story , the more clarification sliding out between his finger	1
 thoughtfully photographed in the way of a gilded textbook sprung to life , stuart little 2 administering softness predominantly without stickiness	1
 the intrigue convolutions finally adds up to nothing more than stroking the audiences 's chain	0
 wiseman is patient and uncompromising , letting his camcorder sighting and recorded the iife of females rip further by a heirloom of abuses	1
 it 's an attractive endeavor \( specifically for jfk plot madman \) , and bary 's frigid fishing act makes the experiments beneficial	1
 instead of edifice to a laugh riot we are left with a hilt of disparate humorous moments of no factual repercussions	0
 complex , afflicts and singly almod var , the movie begs strong sentiments and pushes onlookers to issue their sincerest idea of ethical rights and spurious	1
 finds a chemin to tell a facile tale , perhaps the easiest story of all , in a chemin that seems convincing and even original	1
 if this is satire , it 's the smug and self congratulatory sorts that lets the audiences acutely off the hooks	0
 i 've never seen \( a remake \) wo anything as gut turning as the way adem sandler 's new filmmaking rapes , pillages and incinerates candid capra 's classic	0
 a rather effective little potboiler until its absurd , contrived , exaggerated , and entirely unbelievable finale	0
 the best stuff that can be asserted about stealing harvard \( which might have been calls freddy gets molesting by a dog \) is that it 's not as disagreeable as tom green 's freddie did fingered	0
 crackerjack entertainment incessant romance , music , wait and action	1
 it appears importantly more iike a cartoon in the end than the simpsons ever has	0
 russel missing the visual panache , the comic touched , and perhaps the budgets of sommers 's title bout hallmarks	0
 the latest adam sandler assault and possibly the toughest film of the year	0
 the better thing the film does is to show us not only what that mind looks like , but how the creative process itself operates	1
 hartley adds enough quirky and satirical touches in the screenplay to keep the film distracting	1
 good combing but diligently lowbrow outing performs like clueless does south fork	0
 you 're not barely watching history , you 're mired by it	1
 'sophisticated' viewers who disbelieve to condone that they does n't loved it goes perhaps calling it 'challenging' to their fellow sophisticates	0
 exposes nothing special and , until the final behave , nothing overtly objectionable	0
 if you values your duration and finances , pinpoint an escape clauses and avoids viewing this prosaic , foreseeable rehash	0
 overall , it 's a nutty and inspired minor film that works conveniently at delivering actual , acerbic laughs	1
 establishes animated back 30 years , musicals back 40 years and torah back at least 50	0
 fairy tales formula , contributes as a paper skeleton for some terribly good acting , dialogue , comedy , direction and largely attraction	1
 in the terminates , punch drunk love is one of those films that i wanted to likes much more than i actually did occasionally , that 's enough	1
 ferrara 's better film in anni	1
 glace age wo n't drop your jaw , but it will tepid your coeur , and i'm giving it a emphatic thumb up	1
 faithful without being forceful , pathetic without being screeching , a marche to rember succeeded through sincerity	1
 the heat of the moment prevail it cooked conducts in a low , smoke and calls sizzling	1
 trades run of the mill antipathy for extreme unease	1
 if you 're searching for something new and hoping for something entertaining , you 're in odds	1
 unpretentious , mignon , squirrelly , original	1
 a ponderous meditation on love that feels significantly longer than its relatively restrained 97 minutes	0
 skip work to see it at the first luck	1
 it 's the kind of movies that , away from robert altman , spiking lee , the coen brothers and a few others , our moviemakers do n't doing periodically enough	1
 suffers from a plat scenario and a minimal costed	0
 i do n't think the least bit embarassed in admitting that my enjoyment came at the expense of seeing justice served , even if it 's a dish that 's well acted cold	1
 i whole heartedly propositions that everyone see this movie for its historical significance alone	1
 it 's all arty and jazzy and people seated and stare and transforms away from one another equally of chitchat and it 's all about the silences and if you 're into that , have at it	0
 ice ages is the first pc produced feature cartoons to reckon like other film , and that makes for some glacial cadence early on	0
 we 've enjoyed petite 's other collaboration but ballpoint leaving us chilling	0
 acutely sincerely , i ca n't see why any actor of talent would ever work in a mcculloch manufacturing again if they looked at how this film turned out	0
 though intrepid in exploring an attraction that crosses sexual identity , ozpetek falls short in demonstrates us antonia 's true emotions but at the extremely least , his secret life goes vacate you think	1
 a panorama as unforeseeable as its central traits	0
 takashi miike keeps pushing the envelope ichi the homicidal	1
 a pretty faintly crafted kino	0
 whenever you think you 've figured out late marriage , it sheds you for a looped	1
 likely to skilfully drum up repressed teenage memories in any viewer	1
 do n't hopes any surprises in this checklist of teamwork cliches	1
 here polanski awaits back on those venue he saw at childhood , and grabs them by unleash them from artifact , and by indicating them heartbreakingly drably	1
 the boiled finale turns john q into a cinematographic of the weeks tearjerker	0
 surprisingly , the film is a hysterical fling and i crudely enjoyed it	1
 an interesting tale with a pertinent \( cinematically single \) message , cautioned fairly well and scored to parfait , i found myself struggling to putting my fingers on that elusive missing thing	1
 a bleak , pesky suspenseful with a separation shooting that misfires	0
 with an expressive face reminiscent of gong li and a spirited persona like chang ziyi 's , dong bets out the mental crux of thrilled	1
 while certainly more naturalistic than its australian counterpart , amari 's film plunges short in building the drama of lilia 's journey	0
 boasting some of the most thinly orchestrated and lit action in memory , impostor is as closest as you can recieve to an imitation movie	0
 even with its 50 billion us budgets , pinocchio never rather accomplishes the feeling of a outlandish motion picture	0
 i unearth it slow , predictable and not heavily distracting	0
 tunney is allowed to build an overly human character , an almost real live girl complete with trouble and hope	1
 parker should be commended for taking a fresh approach to familiar material , but his determination to remain true to the original text leads him to adopt a somewhat mannered tone that ultimately sharpens the human tragedy at the story 's core	0
 the all frenchman casting is marveilleux	1
 michael moore has faultless the art of severely amusement , self aggrandizing , politically motivated documentaries doing , and he 's got as fort a topic as ever here	1
 at the one hours marques , herzog only operates out of thought and the pace revolves favorably leaden as the film falters to its inescapable tragic conclusion	0
 can i admit xxx is as deep as a petri dish and as well characterized as a telephone book but even say it was a guilty pleasures \?	1
 less cinematically powerful than coldly and heavily displacement , which is emphatic in itself	1
 it 's got all the familiar bruckheimer things , and schumacher does probably as best a job as anyone at bringing off the hopkins rock collision of acting layout and onscreen personas	1
 from blushing to gushing imamura squirts the screen in tepid water under a red bridge'	1
 my thoughts were targeted on the characters that is a complimenting to kuras and miller if i had been thinking about the visual medium , they would have been do something wrong	1
 the cascade work is top notch the dialog and drama often catering spittingly funny	0
 the snobbish , lard deportment that donovan adopted throughout the stupidly called pipe dreamt is just despicable	0
 an ineffectual seeks at a cinematic of notions	0
 once again , directors jackson bombarded a satisfying balance between sentiment on the human scales and actions consequence on the admirable scaling	1
 it 's even laddish and adolescents , only adolescence boys could conceivably unearth it hilarious	0
 construction slowly and tactfully , the movie , sporting a cavalier spontaneity and realistically attracts characterizations , devising into a sizable personage studying that is both relocation and wiser	1
 a pleasant and engaging enough seated , but in strives to has the finest of both worlds it ceases up tumbling shortly as a whole	0
 a grill , gaunt films	0
 do n't judge this one too soon it 's a dark , gritty story but it takes off in totally unpredictable directions and keeps on going	1
 michel piccoli 's move performance is this films reason for being	1
 i was flabbergasted by how many tit for tat retaliatory responses the filmmakers allow before pulling the plug on the conspirators and averting an american russian armageddon	1
 don michael paul utilizing quick slices , \( immensely \) tremendous shadow and wide angle shots prise from a distance to concealing the liberal use of a corps double \( for seagal \)	0
 the film gives what it promises a see at the wild ride that ensues when brash young men set out to overpower the online monde with laptops , cell telefono and sketchy business plans	1
 a emotional anarchy that never hoops truthful	0
 exactly what its title implies lustful , rowdy and utterly beau	1
 what makes how i killed my dad compelling , besides its super performances , is fountain 's desiring to roam into the sombre zoning of relatives kiddies dealings without wincing	1
 the film is full of amulet	1
 does n't provide a wondrous tale , nor is the action as gripping as in past seagal film	0
 only for juvenile children , if them their parents would do well to cramming earplugs in their ears and mise comforters over their heads for 87 min	0
 sits uneasily as a horror picture but finds surprise depth in its see at the lier of a smaller relatives	1
 a goofy , bitchy frolicking which pokes droll at the cost of popularity and small municipality pretension in the lone stars sate	1
 allows us to hope that nolan is preparing to embark a major career as a commercial yet inventor filmmaker	1
 entire of bland hotel , highways , parking lots , with some glimpses of nature and family heat , length out is a discreet complain of distress about entrapment in the maze of modern llfe	1
 a disillusionment for a movie that owe have been the ultimate imax trip	0
 a dealt humor chop suey	0
 a diabolical few truffles , dainty mental dread on the exterior with a creamy filled of familial envy and incorrigible internal psychopathy	1
 morrissette have fulfil a tricky job indeed he 's taking one of the globally 's most intriguing tale and realized it depressing , mediocre , and inconvenient	0
 it 's a documentary that tells that the alternate sexuality meant to set you free may require so much relationship maintenance that celibacy can start looking good	0
 although the level of the comedy declines as the movie proceeds , there 's no negate the amusement of watching de niro and crystal having fun	1
 it 's secondary to american psycho but ever has claws enough to obtains inside you and stay there for a pair of period	1
 parts seem like they were expunged from terry gilliam 's subconscious , pressed through kafka 's meat grinder and into bu uel 's casings	1
 you can scarcely smell the patchouli yau	0
 japans 's primo stylist of sexuality and blood devastate audience with what may be his most demented flick to date	1
 girls gone wildlife and gone civilian again	1
 an occasionally interesting but mostly repeating look at a slice of counterculture that might be best forgotten	0
 a bigger holiday donner than your end of year 401 \( k \) statement	0
 the actions switching between past and present , but the material link is too frailty to wetting the emotional connections that purport to span a 125 year divided	0
 it 's an old story , but a lively script , stiff acting and partially animated interludes make just a kiss seem minty fresh	1
 staggering and sugar sweet , a blowout of shallow magnificence that only sex , scandal , and a chorus line of dangerous damsels can deliver	1
 shyamalan continues to severing a swathe through mainstream hollywood , while retaining an integrity and repudiate to compromise his vision	1
 moves in such odd plot directions and descends into such message mongering moralism that its nice qualities are hides	0
 the most memorable juncture was when green pelted medical accoutrements at a windows not as it was concretely laughing , but since i took a earnest urges to catch the older madam at the ceasing of my aisle 's walker and lance it at the screens in displeasure	0
 delivering the same older same older , tarted up with latin flava and revolved out by hollywood playas	0
 monsieur polanski is in his ingredient here alone , abandoning , but ever consoling by his arts , which is more than he possesses ever reveals before about the sources of his spiritual survival	1
 boldly engineering a collision between tawdry b movie flamboyance and pompous spiritual anomie , rose 's film , true to its source material , provides a strenuous demonstration of death as the great equalizer	1
 the cumulative impacting of the cinema is repulsive and depressing	0
 buy is an conducted actress , and this is a gargantuan , juicy role	1
 offers a persuasive listens at a defeated but defy nationals in flux	1
 robin williams has willingly threw the saccharine sentimentality of bicentennial man in favour of an altogether darker lado	1
 tends to heap too countless major issue on its platter at days , yet remained somewhat lightweight , necessarily amusing , and skilfully authored	1
 one senses in world traveler and in his earlier films that freundlich bears a grievous but indistinct complaint against fathers , and circles it feverishly , without making contact	0
 the better film about baseball to hit theaters since field of dreams	1
 watching it is somewhat like an overlong visit from a tremendous groupings of your kinship as your families swaps one commonplace histories after another , you begin to wonder if they are ever going to depart	0
 chrissake bless crudup and his aversion to taking the facile hollywood road and cashing in on his movie star gorgeousness	1
 this is a movie that administered to locate greatness in the staining of its drastic iconography	1
 while tatoo borrows severely from both seven and the hush of the lambs , it manages to kept both a grade of advanced plot and human scales character that suck the audiences in	1
 damon begs the proper conviction to his role as jason bourne	1
 this is mere , enthralling moviemaking you wo n't exactly know what 's occurring but you 'll be cheerfully exhausted	1
 a minor film with gros fun from portuguese maitre manoel de oliviera	1
 ozpetek 's effort has the leeway and shape of an especially well waged television movie	1
 a immaterial british comedy	0
 paxton 's uneven directorial debut neglecting to unblocked the exhaustive opportunity of what is in countless manner a fresh and dramatically substantial spin on the genre	0
 this is n't a kino it 's a sign	0
 it 's a films that hinges on its cast , and glover really does n't readjusted the segment	0
 for the first time in anni , de niro digging depths emotionally , presumably as he 's been caused by the forceful workplace of his co star	1
 this film feel more like a non stop weep for attention , than an seeking at any classifies of heartening fun	0
 about schmidt is evidently one of the nicest movies of the annum if you 're not gravely affected by this movies , check your pulse	1
 administers to se charmer and diabolically pleasing at the same dated	1
 with rare birds , as with the shipping news before it , an endeavors is made to transplanting a hollywood star into newfoundland 's wild soil and the rock once again withstanding the intrusion	0
 all right , than it 's not a terrific hunk of filmmaking , but it is a comical \( intermittently hysterical \) comical with a skilful impression of comedic about itself , a cheerful mentality and a games cast	1
 what was subtle and mystifying in the novella is now broad and comical	0
 a film of ideas and chuckle comedian mayhem	1
 the chateau possesses one very funny joke and a scant other best ones , but all it amounts to is a mildly funny , sometimes tedious , finally immaterial movie	0
 minorities report is rigorously what the title indicates , a report	0
 fincher takes no conspicuous rejoice in make cinema , and he brings none to the spectators	0
 sade is an implicate look at the controversial eponymous and ferociously atheistic chevalier	1
 one of the greatest movies of the year watching it was painful	0
 rodriguez was impossible to reproduce the special spark between the characters that made the first film such a delight	0
 a haunting premonition , with photos that seem more like disturbing delusions	1
 broomfield uncovers a conte strong enough to leave the screens sizzles with plot	1
 it is lives stating and agonizing , charmer without the decay factor , comical and unfortunate	1
 a swashbuckling conte of iove , treason , revenge and above all , faith	1
 no matter how much he operates around and behaviors like a jackass , accepted a 50 year former in the roles is creepy in a michal jackson genre of way	0
 oliveira seems to pursue silent filming representation with every wistful composition	1
 at its better early on as it plays the culture clashes between the brothers	1
 kaufman creates an bizarre sens of not only being there at the time of these events but the very night mathew was killed	1
 the troubling thing about clockstoppers is that it does n't make any sentiment	0
 a solid cast , stressed directing and full lack of hyundai days travesty	1
 it makes you believe the cast and crew meticulously worshiped themselves and believed in their small budget film	1
 whereas its much infuriating flaw not the least of which is amy 's self absorbed personality amy 's o 's truthfulness will earning you over	1
 immaterial road and buddy pic	0
 a dreadful jour in irishman historic is given staunch , if somewhat misguided , treatment	1
 a advantageous way to expended two hours	1
 the tale is so light and sugary that were it a macy 's thanksgiving jour parades ballon , complementary hefty remit ropes would are needed to uphold it from floating away	0
 a solid , meager drama	1
 noyce had cooperated graces with the hardware	1
 a rude black slapstick about the catalytic effect a holy fool has upon those around him in the cutthroat world of children 's television	1
 i'm not suggesting that you really see it , unless you 're the kind of individuals who enjoys seen each wim wenders cinematographic of the '70s	0
 a true contusion delight	1
 increases the limit of what a movie can fi , picked us into the living of females to whom we prospective not provide a second peek if we passed them on the streets	1
 a pandemonium , but it 's a sincere shambles	1
 lyne 's latest , the erotic thriller unfaithful , further demonstrates just how far his storytelling skills have weathered	0
 undergoes from all the excesses of the genre	0
 at a tiempo when half the so phoned veritable movie are little more than iive actions cartoon , it 's comforting to seeing a cartoons that know what it is , and know the forme 's historic	1
 founded on a david leavitt anecdotes , the film exchanging that editor 's frequent combination of observant resourcefulness , too easy coincidence and somewhat prejudicial preciousness	0
 the movie endeavors to mine laugh from a genera the gangster crime comedy that focused out its welcome with audiences several years ago , and its cutesy reliance on movie specific cliches is n't strictly endearing	0
 exhibits the potential for a better cinematographic than what bailly manages to deliver	0
 a saucy and periodically hysterical follow up to the gifted korean american stand up 's i'm the one that i want	1
 george , employ a true direktor and good writers for the next installment , please	0
 watching the powerpuff girls film , my mind preserved returning to one anecdote for likened the cartoon in japan that gave people seizures	0
 ub instead spoofs and commemorated the more outre subjects of 'black culture' and the dorkier items of 'white cultures , ' even as it dot out how inseparable the two are	1
 the experiment of watching blobby old teaching cgi animate in this superlarge formats is just unreal enough to be diverting	1
 darn period piece	0
 genuinely alarming	1
 not a film to rival to live , but a fined little amuse bouche to keep your appetite whetted	1
 johannes leguizamo may worden a breathtaking protagonist just not in this films	0
 worth view once , but its charm timely fades	0
 conjures a small of the fear that parents have for the possible next of their kiddies and the habitually bad choices mothers and fathers make in the interests of doing them optimum	1
 except for paymer as the bosses who ultimately expresses empathy for bartleby 's pain , the performances are so lean as to se gutted of human emotions	0
 one of the most frankly sugared films to arriving along in fairly some time	1
 it 's a wily thriller with enough unplanned kinks to keep our usefulness	1
 a convoluted psychological drama about a father who returns to his son 's home after decades away	1
 the climactic event are so best done that you may forgotten all about the original conflict , just like the movie does	1
 director david fincher and scriptwriter david koepp does n't conserve it	0
 connoisseurs of chinese film will be pleased to find that tian 's thorough talent has not wither during his enforced adjournment	1
 a journeys that 's too randomly and inconclusive to worden irresistible , but which hoffman 's brilliance almost makes amounting take	0
 walsh ca n't altogether negotiate the many inconsistencies in janice 's behaviours or compensate for them by sheer force of charm	0
 visually interesting an often stiff character study about dad and kiddo , devotion and duty	1
 a susceptible , tame treating of greene 's works as allright as a terribly faithful one	1
 in the spirits of the season , i allotment one bright shining star to robert benigni 's pinocchio but i assure that no wise men will ser hereafter after it	0
 the film 's gloomy atmosphere is interesting , while , even if the film itself does n't stand a ghost of a chance	0
 all in all , brownish sugar is a rewarding better accomplished romantic slapstick that 's both charming and too acted it goes guarantee to have you abandoning the theater with a grin on your face	1
 imaginative , droll , intoxicatingly foxy , stiff , self indulgent and irritating	1
 a snaps getaway from the summertime warmth and the sedentary doldrums that set in at this time of yr	0
 gai arises stricter to any actresses i can recollect to personifying independence in its meanest and , yeah , most intimidating forms	1
 feels like one of those contrived , only in hollywood productions where designation agents deliver big performances engender for the unique aimed of creates oscar speaks	0
 the flies on the wall way used to documentation rural french schools subsistence is a upgrade departure from the now more ubiquitous tech of the docu maker being a overt party of their job	1
 less dizzying than just dizzy , the jaunt is hardly over before it begins	0
 bennett 's naturalistic performance spoke volumes more truth than any 'reality' show , and somebody consideration their singular severe vie amend should watching some bodies first	1
 the flick 's final hours , where nigh all the anterior unseen materials rests , is unconvincing soaps operas that tornatore was right to severing	0
 further proof that the epicenter of cool , beautiful , figured causing foreign cinemas is smack dab in the middle of dubya 's axis of evil	1
 topics that could make a sailor blush but lots of kidding	1
 the four feathers is definitely horse feathers , but if you gonna in knowing that , you conceivable has entertaining in this cinematic sandbox	0
 a triomphe , relentless and leggy in its dour darkness	1
 the jest is compelled and overwhelming surrendered , and seldom simply unpleasant	0
 brosnan is more feral in this filming than i 've seen him before and halle berry do her better to preserve up with him	1
 a smug and intricate actions comedy that does n't authorize an grievous juncture to passage without reminds viewers that it 's only a film	0
 the film 's plot may be shallow , but you 've never seen the deep like you see it in these agonising surf shots	1
 a various and emotionally reservations type of survive tale a cine less about refracting all of world war ii through the specific condition of one man , and more about that man lost in its medio	1
 payne constructs a hysterical ode to middle america and middle seniority with this unlikely odyssey , featuring a pathetic , endearing superhero who is all too human	1
 suffers from unlikable characters and a autonomy aware sense of its own quirky hipness	0
 the film is predictable in the encouraging forma of a curiously sung holiday carol	1
 a black austin powers \? i prefers to think of it as pootie tang with a budgets sa da tay !	1
 a standardized fixated house tale transplantation to the greatest seas	0
 ramsay is clearly terribly talent , and predicated on three short films and two features , here 's betting her third feature will be something to consults	1
 feature debuter d j caruso directs a cleft entire cast , bring screenwriter tony gayton 's narcotics negro to llfe	1
 the movie is moody , oozing , chill and coeur warming all at once a twist , erratic , cat and mouse thriller	1
 this english language version does full flattered to miyazaki 's awash and often puzzling scenery , and to the conflicted complexity of his characters	1
 broomfield reveals an ironic demos of institutional slave that contacts a black owned record label with a white empowered police force	1
 sayles has a talent for cast , oftentimes rediscovering artist who sparsely cooperating in movie now and attracting flavorful performances from bland actors	1
 the street , filmed by photographer micheal ballhaus , may are as veritable as they are mean , but it is hardly impossible to caring about what occurs on them	0
 a flawed film but an admirable one that tries to dispose us in a world of artistic cede and political insane and terribly nearly succeeds	1
 what 's so fun about this silly , nauseating , canny thriller is the director 's talent watching a brian depalma movie is like watching an alfred hitchcock movie after drinking twelve beers	1
 a frighteningly trifling and uninspiring cross between suzuki and upright limitations	0
 friday after next is a lot more grandstanding than bite	0
 working from a surprisingly touchy script co written by gianni romoli ozpetek precludes most of the pitfalls you 'd expect in such a potentially sudsy set up	1
 this may be burns 's harshest film since the brothers mcmullen	1
 a litter of fearless purity in the acting craft	0
 admirers of headmaster abel ferrara may worden absolved that his latest idiosyncrasies , r christmases , marks a scant if inspirational return to form	1
 i would worden stunned if there was really one correct interpret , but that should n't produce the movies or the debating any less agreeable	1
 a fairly sleepy drills in nostalgia	0
 the production has been made with an gargantuan amount of fondness , so we believe these characters love each other	1
 passions , obsessions , and loneliest dark spots are pushed to their most virtuous limitation , lending the narrative an unusually bizarre tone	1
 a robust piece of journalistic cooperated that drew a photo of a fella for whom politician expedient went a fatal overseas policy	1
 in terms of execution this movie is carefree and unfocused	0
 aiming squarely at the least exacting of demographic clusters heavily small infantile who gonna be gratified only to spending more tiempo with known cartoons character	0
 one of the funniest movie in locality	1
 ruzowitzky has taken this mothball y stuff and made a rather beefy , old fashioned entertainment out of it	1
 unless you 're a parochial , the best councils is 'scooby' wo n't	0
 the performances take the movie to a stricter level	1
 bread , my sweet owns then many flaws it would are easier for critics to shred it it may even fall into the category of film you amour to hate i admit it , i hateful to like it	0
 there 's a vastness implied in metropolis that is just breathless	1
 an instances of an old dog not only learning but inventing a notable new trick	1
 a spoof slapstick that carries its share of kidding sometimes a chuckle , sometimes a guffaw and , to my great pleasure , the occasional belly laugh	1
 an odd , indiscriminate , and inconsequential emotional hilarious	0
 a by the numbers patient practitioner woodpecker that covers all the everyday soils	0
 the script 's nifty dialog establishes a realistic sentiment that presumes us in the unfolds crises , but the lazy conspiring ensures that little of our emotional investment pays off	1
 the film rehashes several old themes and is capped with dispensable extremes it 's unbelievably brutal and very graphic	0
 upfront strangeness inexorably delivers fashion to rosso bunch and mystic tenderness gotten narrative expedience	0
 bizarrely , the movie is n't near as downbeat as it sound , but bombarded a tones that 's alternatively pensive , optimistic and suspiciously humorous	1
 dolled up with thereby innumerable distracting unique effects and visual parti gimmicks that it 's not unambiguous whether we 're suspected to wailed or jest	0
 caviezel represents the changeover of his character altogether	1
 this is a trains wreck of an actions films a stupefying striving by the cinematographers to vigor feeding james bond into the nonsensical xxx mould and throw 40 olds of cinematic histories down the lavatories in favor of brilliant flashing and resonant bangs	0
 a slick , too oiled machine , subtly polished and upholstered	1
 a solids allegorical iove histories	1
 i have n't seen such autonomy amused scrap since freddy got fingered	0
 gives roughly equal amounts of leggy movement and inside information	1
 with the dogs jours of aug upon us , suppose of this canine of a films as the cinematic equivalency of high humidity	0
 a well played and well intentioned snoozer	0
 bisset delivers a gaming performance , but she is impossible to sparing the cine	0
 the maitre of concealing depicts adam sandler 's last attempt to imbecile down the universe	0
 it must be the end of the monde the better film so far this year is a franchise sequel starring wesley snipes	1
 jackie chan movies are a guilty relish he 's easy to like and incessantly leaves us laughing	1
 this time out , sade is an unsettlingly accustomed chiffre in turns loyal and bogus , liable and mindless , idealistically selfless and coldly self interested	1
 there are enough moments of distressing decency to keep one glued to the screen	1
 enthusiastically taking up the current teen movie concern with bodily functionality , walt becker 's filmmaking grows all the demographically appropriate comic buttons	0
 you can almost see mendes and company getting together before a single frame had been shot and collectively vowing , 'this is going to be something really bonne ' and it is	1
 the early and middle passages are astonishing in how much they undertake and even touched us this is not a traditional dramatic animated feature , nor a rump , contemporary , in jokey one it 's sort of in between , and it working	1
 sch tte 's extreme snaps of the artist three days before his death offers an attractive tib of conjecture as to the issue brecht faced as his life drew to a shuts	1
 an ardent , roughshod document , it serves as a usable primer for the area 's recent histories , and would make a excellent 10th grade learning device	1
 there 's more scatological steps in 8 wacky nuit than a proctologist is prone to faced in an ensemble careers	0
 a scarcely weak and it is n't that bizarre	0
 the format gets used best to capture the precipitous heights achieved by motocross and bmx riders , whose balletic hotdogging occasionally ends in bone crushing screwups	1
 nakata 's techniques is to mean terror by proposed , enough than the overuse of special effects	1
 edited and shot with a melodic styling mimicking the work of his topic , pray rotates the idea of the documentary on its heads , making it rousing , encouraging amusing misses any mtv puffery	1
 a incontrovertible motion picture that illustrates an american tragedy	1
 writer director burger imaginatively amateurs the embers of a dormant national mourning and curiosity that has calcified into chronic cynicism and fear	1
 i would n't laugh i did n't grin i survived	0
 it broadly definition a comedy that 's decisively unimpressive , with hilarious bits surfacing each once in a while	0
 its director 's most substantial peculiarities for some time	1
 it finds it 's disclosing some wondrous mankind truths , when , in lifelike , it 's commotion sol that has long adopted the point of being fertile	0
 if you 've the patience , there are prodigious recompense here	1
 assiduously core slasher aficionados will unearth aspects to adore but aggregate the halloween series enjoys gone its edge	0
 nationwide lampoon 's van wilder could worden the roughest aspect to arrival out of nationale lampoon upon classes regrouping	0
 the movie obviously seeks to re create the excitement of such '50s flicks as jules verne 's '20 , 000 leagues under the sea' and the george pal version of h g wells' 'the time machine ' but its storytelling prowess and special effects are both languid	0
 'what 's the russian word for woah ! \? '	1
 that uncommon movie whose real life basis is , in fact , even intriguing that no embellishment is needed	1
 leave it to the french to frankly catching the terrifying angst of the modern working man without conversion the film into a cheap thriller , a dumb comedy or a sappy melodrama	1
 an often funny , but holistic limp , fisheries out of water anecdote	0
 the film prescribes not just the full mugging of reno 's immense wit and acumen , but a time trips back to what it felt like during those unforgettably uncertain jours	1
 soderbergh strives to place most of the psychological and philosophical material in italics enough than trust an audience 's intelligence , and he evokes an comprehensive sense of brusqueness	0
 if you iike pacifist , you 'll like pledges	1
 the sweetest thing is unmistakably for idiots who wo n't care what kind of sewage they spatula into their psychological gullets to mimicking sustenance	0
 it 's tough , astringent , darkly amusing and too , it 's also generic , unkempt , demeaning and slight of impacts comparatively than breathtaking	0
 it 's almost as if it 's an elaborated dared more than a fullest blooded films	0
 another big , cretin steps cinema in the vein of xxx , the transporter is riddled with intrigue holes huge enough for its titular hero to eglantine his sleek black bmw through	0
 sandra bullock , despite downplaying her advantageous seem , brings a slightly too muy es n't she purty baggage into her leaded roles as a troubled and determined homicide cop to quite pull off the heavy stuff	0
 the urban scenery are detailed down to the signs on the kiosks , and the staining pallet , with batches of somber blues and pink , is dreamy and suggestive	1
 like a less dizzily gorgeous companion to mr wong 's in the mood for iove very heavily a hong hong movie while its mainland setting	1
 by turns ostentatious , fascinating , absurd , provocative and vainglorious	0
 skins has a abandoned midair , but eyre , a native american posed by caucasian parental , manages to instill the rocky path to siblings reconciliation with blink of heats and mild comedic	1
 left me with the visceral sensation of homesickness , protracted tracking of charlotte 's web of desire and desperation	1
 jonah is only so so the addition of a biblical message will either improve the film for you , or it will alleviate it	0
 there 's no mistaking the fact that this hybrid lacked the influence of the disney classic , and even that of the excellent 1934 mgm version	0
 deft but not mainly compel	0
 an uplifting , largely spurious story	0
 mln of dollar heaped upon a projects of such grande proportions gotta to reaping more bonus than nifty bluescreen technologies and stylish arming	0
 the storytelling is unquestionably poignant , but first timeframe scriptwriter paul pender overloads it with flavoured bits of business	0
 work hard to establish rounded characters , but then enjoys nothing fresh or exceptionally intriguing to stated about them	0
 frequent flurries of creative belly laughs and genuinely enthusiastic performances keep the movie slaloming through its hackneyed elements with nice facilitating	1
 a completely gentil if slightly pokey comedy	1
 'frailty commences out iike a normal biblical perp tale , but it turns out to fi materially dissimilar \( and better \) than most films with this themes	1
 the most consistently bizarre of the austin powers films	1
 its spirit of iconoclastic abandon however canned makes for unexpectedly carsick viewing	1
 a horror films with powerfully dumb personages , which somewhat shortens the gladness of staring them intimidated by terrifying crawly cockroach facets that vivre only in the blackness	0
 a mystifying experience	0
 denver ought not get the first and yesteryear look at one of the most triomphe representations of vanessa redgrave 's occupations it deserves to fi vu everywhere	1
 my big fat greek wedding is that scarce animal known as 'a perfect family film , ' because it 's about family	1
 the color sense of stuart little 2 is its most forthwith and most blatant pleasure , but it would rely for supremely teeny if the film were n't as beautifully shaped and as lightly calibrated in tones as it is	1
 imagine \( if possible \) a pasolini film without fascination or politics , or an almodovar movie without beauty or mood , and you have some insights of the morose , immobilized experiences of watching o fantasma	0
 this unbecoming cinematography is predictable at each turn	0
 naipaul fans may are disillusioned those who are not apprised with the auteur 's worked , on the other hand , may fall speedily asleep	0
 outlandish it is , but cheerfully so	1
 what clearer voicemail than 'love thyself' could young women of any size receive \?	1
 trailer park magnolia too longer , too cutesy , too confident of its singular prominence , and possesses of that peculiar tension of being too dense about nothing at all	0
 and if you welcoming the one sided themes to lawrence 's over permissive rant , then hit yourself out and experience the great screens postcards that is a self glorified martin laurent lovefest if you are eager to do this , then you accordingly maniac !	0
 upper west sidey exercise in narcissism and self congratulation secret as a tribute	0
 this is a redoubtable achievement in essentially all facet of incapable films joyless , idiotic , infuriating , ponderous handed , visually atrocious , and often downright creepy	0
 the story , like life , refuses to be simple , and the result is a incontrovertible slice of awkward emotions	1
 you can be forgave for realizing that you 've spent the past 20 minutes watching at your watch and waiting for frida to just die already	0
 a rather glamorous little cult item a pastiche of children 's entertainment , hero comics , and japanese animation	1
 directors brett morgen and nanette burstein have put together a greasy biographical fantasia	1
 never did lilo stitching attainment the exhilaration or timelessness of disney 's great bygone , or even that of more recent successes such as mulan or tarzan	0
 the locale continues far more interesting than the story at lado	0
 this 100 minute cinematographic only has about 25 minutes of best hardware	0
 the reason to ver sade lay with the chem and difficult relationship between the marquis \( auteil \) and emilie \( le besco \)	1
 highlight are the super representations by christopher plummer , as the first villain , and nathan routes as vincent crummles , the eccentric filmmaking undertakings manager	1
 flees the inestimable ornaments of most romantic comedies , infusing into the story very factual , complicated emotions	1
 the year 's nicest surprise , a movie that refers with a actual topics in an invariably unbelievable chemin	1
 holds restrict appealed to those who like explosions , sadism and seeing people beat each other to a pulp	0
 crowded urban humor is unmistakably not zhang 's potent , his indicative touch is neither lightweight nor magical enough to bringing off this class of frivolity	0
 it 's quite an achievement to set and shot a movie at the cannes film celebration and yet disappoint to apprehended its visual appeal or its atmosphere	0
 manifestly disgusted with the lazy materials and the finished commodities 's unshapely gaze , direktor fisher stevens intimately plunges vital moment from the film in waking inhabits water colors	0
 not a affordable slasher film , as the subjected aspect would propose , but is a few like a nature filmmaking , showing a patient predator and his nonsensical prey	0
 the movie 's sense of imagery gives it a terrible force , but it 's steered by the acting	1
 it 's mostly a delight to watch and the reason for that is a self conscious , routinely self mocking , intellect	1
 despite auteuil 's performance , it 's a fairly languid amble down the milieu of the road , where the thematic ironies are too overt and the genital policies too smarmy	0
 always oriented to be measured against anthony asquith 's acclaimed 1952 screen adaptation	0
 bad in such a strange way that it 's almost worthwhile see , if only to witnesses the wacky confluence of purpose and taste	0
 the film 's turbulent yet very from unintelligible theories suggests that russe picked solace in their clos off nationalistic fact	1
 these are book lives of quiet desperation	0
 bombastic and disorientated	0
 i'm all for the mentally challenged getting their fair shot in the movie business , but assuredly it does n't have to be as a collection of keening and self mutilating sideshow geeks	0
 keenly frightful	0
 the registrations sessions is the only servings of the films that is enlightening and how appreciative you are of this depends on your niveau of fandom	1
 a strong first quarter , little less too second quarter , and average second half	0
 handsome and complex approaching to the workplace romantic travesty	1
 a movie that will surely be profane , politically accused music to the ears of cho 's fans	1
 the comprehensive feel is not unlike seeing a vulgar event of 7th heaven	0
 while it is interesting to witness the conflict from the palestinian side , longley 's film insufficiency balance and neglecting to put the struggle into meaningful historical context	0
 whereas last year 's exemplary sexy beast seemed to revitalize the british gangster movie , this equally brutal outing alone sustains it	0
 occasionally comical and systematically peculiar , and it works reasonably best as a stars vehicle for zhao	1
 if you iike an severe action packages movie with a hint of joke , then triple x marks the spot	1
 eric byler 's perceptive woodpecker precludes easy sentiments and explanations	1
 the movie is hardly a masterpiece , but it ca mark mrs bullock 's best work in some tiempo	1
 i know i should n't did giggling , but hey , those farts did to my internal nine annum elderly	1
 city resembles us how realistically perceptive a robert de niro performance can be when he is not more lucratively contracted in the shameless self caricature of 'analyze this' \( 1999 \) and 'analyze that , ' promised \( or threatened \) for later this year	1
 a modestly puzzling movie	1
 katz 's documentary does n't have much panache , but with material this affluent it does n't needs it	1
 credit must be accorded to harland william , micheal rosenbaum and barry watson , who infuse far more good natured spirits and talent into this projects than it warrants	0
 its mild , affecting narration bumps into your nub	1
 rabbit proof fence will unquestionably make you angry but it will just as likely make you weep , and it will do so in a manner that does n't produce you sense iike a sucker	1
 disney aficionados will notice dissimilar similarities between this story and the 1971 musical bedknobs and broomsticks , which also dealt with british children rediscovering the power of fantasy during warfare	1
 unlike the speedy wham bam effect of most hollywood offered , character development and more heavily , character compassion is at the coeur of italian for newbies	1
 a recent preferential at sundance , this white trash satire will motivated the malady of even those unlucky people who never owned a cassette of def leppard 's pyromania	1
 behan 's memoir is great contents for a film loud , brawny and lyrical in the best irish regard but sheridan has resolution for a lugubrious romance	0
 one suspects that craven endorses they simply as this films makes his own behold much better by comparison	0
 the film may appear naked in its narrative form but it goes tighter than that , to fundamental choices that include the complexity of the catholic doctrine	1
 davis gets lifelike depictions from her cast and pulls off some clever ally mcbeal styling fantasy sequences	1
 insightfully written , mildly performed	1
 one scene after another in this seemingly hilarious cinema tumbling to the storey with a sickening deafening	0
 anyone who wants to start writing screenplays can just follow the same blueprint from tens of other filmmaking , resell it to the highest bidder and promenade away without anyone sincerely cognizant your identities	0
 the movie understands like scant others how the depth and breadth of emotional intimacy give the physical act all of its meaning and most of its relish	1
 a attractive consideration of the pleased , tumultuous self discover tabled by a proper , mid aging chick	1
 few films catches so entirely the hopes and dreams of little boys on baseball fields as well as the grown men who sit in the stands	1
 you could saying that it 's sluggish at timeframe , you could say that a few of the characters act in pleas that real people would n't , but one thing you could n't say is that alias betty is predictable	1
 the last kiss will unquestionably never achieve the popularity of my big fat greek wedding , but its provocative central wedding sequence has very more affect	1
 like a three ring cirque , there are side stories abound none of them unforgettable	0
 hardly makes the kinds of points egoyan want to doing , nor wo it exists as the genera of monument he liked to reinforce , to victims whose voices have never accumulated the eardrums of the world	0
 an intriguing about miss	0
 it 's not like taking a veritable movie of nijinsky , but at least it 's nicer than that eponymous 1980 biopic that used soap in the places where the riddles gazed	1
 the voyage to the secret 's eventual find is a separate adventures , and spasm enough	1
 while these annoyances , the able clayburgh and tambor exactly did a great job of anchoring the characters in the mental factual of middle age	1
 the wrote is cleverer and the cast is appealing	1
 she 's as rude and profane as ever , systematically hysterical and , most of the times , absolutely right in her stinging societal observations	1
 with three noteworthy crucial singer , a young and opportune looking singer and baritone and lavishly leggy location , it 's enough to doing you wish jacquot got left too enough alone and just filmed the opera without all these disturbances of standpoint	1
 there is nothing outstanding about this film , but it is decent enough and will likely ser appreciated most by sailor and folks who know their manner around a submarines	1
 the wanton slipperiness of corpus and its amicable jerking and reshape of physical time and space would make it a sizeable piece to watch with kids and use to introduce video as art	1
 there 's no sentimental transponder to solaris with an emotional sterilisation to matchmaking its outside space establishing , soderbergh 's spectacular maneuvering for the fence yield only a spectacular whiff	0
 elaborate especial effects taking centre screens , so that the human narratives is spurred to one lado	0
 costner 's warmest lait personality is just as lll suited as shadyac 's perfunctory directing chops , and some of the more candidly silly dialogues would washbasin laurence olivier	0
 feels disturbingly empties at its emotional core	0
 a belated nightfall cord sexploitation romping posing as a thriller about the relentless societal decree that regula campuses cliques	0
 shyamalan offer copious hints along the way assorted signs , if you gonna that beneath the familiar , comical surface is a far most , very more meaningful stories than one in which little green men come to ground for harvest intents	1
 not as well writing as sexy beast , not as admirably flippant as shutdown , stock and two smoking barrels , but stylish and moody and overly well acted	1
 a disoriented but occasionally disarmed story packed with moments out of an alice in wonderland fling , a stalker thriller , and a condensed season of tv 's big brother	1
 you can thankyou me for this i vu juwanna mann than you do n't have to	0
 where last time jokes hastened out of cho 's life story , which presented an engrossing dramatic through line , here the comedian hidden behind undeniably constructed routine	0
 the director seems to take an unseemly pleasure in the characters' misery and at the same time to praises himself for having the guts to confront it	0
 finish scarcity of uniqueness , inventiveness or even visible tries	0
 i'm happier to got saw it not as an alternative version , but as the ultimate exerting in avis removed scenes	1
 one of the yearly 's most oddly implicate and unpredictable character coins	1
 disturbingly apparent in its approach to the material	0
 the tale is deceptive and its hallmarks tissue thin	0
 is ballistic worth the price of admission \? absolutely not it sucked would i see it again \? please see prior answer	0
 a heartrending account of a psychological breakdown	1
 mcgrath has clumsily trimmed dickens' appallingly sprawling soap opera , the better to focus on the hero 's odyssey from cowering poverty to courage and happiness	1
 old people will love this movie , and i mean that in the nicest possible way last orders will afflicts the coeur of anyone old enough to have earned a 50 year friendship	1
 tsai has a well deserved reputation as one of the cinema world 's great visual stylists , and in this film , all felled improve the noteworthy representations	1
 so young , accordingly canny , such talent , such a wise	1
 violent , skanky and forgettably funny	0
 instead of making his own style , filmmaker marcus adams just copies from distinct sources good wellspring , unsound mixture	0
 it 's a unthinking action flick with a twist far nicer suited to video viewing than the multiplex	0
 austin powers in goldmember has the right thing for silly summer recreation and haya enough chuckling to sustain interest to the end	1
 a no chocks barred cine treat	1
 you wo n't like roger , but you will quickly recognize him and that 's a gargantuan partially of why we go to the movies	1
 insomnia is involving ever , i thought it could have been more	1
 bennett 's dramatization of her personal descent into post breakup perdition has a morbid call that 's difficult to stirring	1
 at the very least , if you do n't savoir anything about derrida when you marche into the cinema , you wo n't savoir muy more when you leave	0
 while the film is not entirely successful , it ever manages to string along enough charming time to working	1
 the dramatic scenes are often unconsciously amusing , and the action sequences soberly the main event are surprisingly uninvolving	0
 because eight legged freaks is partly an homage to them , tarantula and other low budget b movie thrillers of the 1950s and '60s , the movie is a silly \( but not sophomoric \) romping through fright and hellish conditions	1
 the movie performs up the cartoon 's more obvious strength of snazziness while ignores its less conspicuous writing strength	1
 if the movie enjoys a troubles , its shortness disappointed you want the tale to going on and on	1
 a movies that shipment you out of the theater feel like you 've actually spent time living in another communities	1
 as idiotic and cheesy as they may be , the cartoons look almost shakespearean both in depth and breadth after watch this digital effects monumental , deemed families friendly comedy	0
 confirms the unnerving suspicion that ethan hawke would be even worse behind the camera than he is in front of it	0
 it somehow managed to making its way past my crappola radars and find a scant putting in my coeur	1
 the graphic carnage and re creation of warfare tear croatian is awkwardly expeditiously , relevant , and sickeningly real	1
 a cynical and gravest see at teenaged boys effected what they do best being teenagers	1
 manages to glee without considerable of a storytelling	1
 a grand meal of felicity that the skilled cast normally chokes on	0
 'it 's painful to monitors witherspoon 's talents debilitating exterior within dispensable filmmaking like rightfully blond and sweet dwelling monstrosity , i mean , alabama '	0
 japanese manager shohei imamura 's latest film is an bizarre but eventually advantageous blends of the sophomoric and the stunning	1
 one of the better examples of how to treat a subject , you 're not fully aware is being examining , much like a photo of yourself you did n't know was being taken	1
 from the dull , surreal ache of mortal awareness emerges a radioactive character portrait	1
 nicholas cage is n't the first agent to leaded a cluster of skilled amis astray , and this movie does n't create a ruffle in what is already an irregular careers	0
 williams generates a sensational , taxi motorman esque depiction of a hombre tottering on the fringe of sanity	1
 suffers from a decided shortcoming of ingenious storytelling	0
 the directive to protect the code at all costs also commencement to blur as the prominence of the fella and the code merge	1
 hard to withstanding	1
 sashimi for the connoisseur of the macabre	0
 jacquot had videotaping the theatre exactly as the libretto instructs , ideally seizure the dramas 's opera and lyricism	1
 another in a long line of ultra violent guerre movie , this one is not quite what it could had been as a movie , but the tale and topic rendering up for it	1
 it troubles , this nervy oddity , like modern art should	1
 scary	0
 gay or straight , kissing jessica stein is one of the hugest date flick in yrs	1
 even if the ring has a familiar rings , it 's still unusually wily and brainy for hollywood horror	1
 may cause you to bite your tongue to keep from laughing at the counterintuitive dialogues or the oh so handy plot twists	0
 antwone fisher is an earnest , by the numbers effort by washington it wo n't rock any boats but is solids meat and potatoes filmmaking	1
 this is the kind of subject matter that could so conveniently have been punt by a lesser filmmaker , but ayres makes the right choices at every rotated	1
 unmitigated of profound , real life moments that anyone can relate to , it deserves a hefty audiences	1
 a stiff and quick documentary that is funny and pithy , while sobering an era of theatrical comedy that , while past , really is n't	1
 mostly the movie is just hectic and homiletic two pieces grueling man in noir mayhem to one part family valuing	0
 the movie is too striking with its own solemn insights to work up considerable recreation value	0
 director juan jose campanella could have turned this into an argentine retread of iris or american beauty , but instead pulls a scant from each film and crea something more beautiful than either of those films	1
 a bene effected movie of a self reflexive , philosophical nature	1
 russian ark is a newer dearest of the hermitage	1
 mister deeds is adequate summer recreational that offered escapist without obliging a terrific handle of thinks	1
 resident evil is n't a product of its cinematic predecessors so importantly as an mtv , sugar frenzy , and playstation cocktail	0
 mightily complied and neatly naturel , swimming receive the details right , from its stroll of barely clad organs in myrtle seaside , s c , to the adrenaline twitch of a abrupt lunchtime scramble at the dining	1
 at its better , this is large scale moviemaking for a largest than living figure , an artist who has been awarded mythic statute in contemporary culture	1
 claude chabrol has here a thriller without thrills , but that 's aight	1
 there is enough originality in 'life' to remotely it from the pack of paint by quantity romantic sitcoms that so generally end up on cinemas screens	1
 a sincere but dramatically contested gay coming of age tale	0
 the cinematographic is like a instalment of initiation and middles that never shoulder off	0
 about schmidt is nicholson 's goofy , frank , hallucinatory kung lear	1
 the boy remain in the photograph is a marvelous stories , surprisingly telling by the guy who written it but this cliff notes edition is a cheater	0
 a suspenseful theaters	1
 seeks to transcend its genre with a suspiciously stylized , quasi shakespearean spitting of pure misogynist evil	1
 the film do n't begets a batches of vigour it is dark , brooding and lento , and taking its vital conceptions ways too seriously	0
 a taut comedy that jettisons all opportunities for rock to make his mark by serving up the usual chaotic nonsense	0
 denis o'neill 's screenwriting avoids the prime sports cliche , a last second goal to win the championship , but it neglects few others	0
 scarcity substance and soul , crossroads comes up shorter than britney 's cutoffs	0
 zigzag potentials have been richer and more observant if it were less densely plotted	0
 even with a green mohawks and a sheets of flames rouge flames tats embrace his shoulders , however , kilmer sounds to se masquerading , enough than acting and that departs a orifice in the centres of the salton ocean	0
 low masquerade does n't arrival heavily lower	0
 t oo many of these evident out scenes	0
 for movie stalkers as better as opera lovers , tosca is a actual treatments	1
 newton roams through charlie completely unaware she needs to showing some presence and stars quality	0
 mentions the style and flash of the double cross that made mamet 's habitation of games and last fall 's heist so muy entertainment	1
 the quirky and recessive charms of co stars martin donovan and mary louise parker helped surpassed the problematic script	1
 the meanest bonehead comedy of the summer	1
 sophisticated , sinuously masterminded and , somehow , off puttingly iced	0
 one reborn too multitude	0
 the explosion fundamentally destroyed or , somewhat , bested the novel of the cinema for me	0
 the fact that the 'best part' of the film emerges from a 60 second tribute to one of demme 's advantageous film ai n't bode too for the roosting of it	0
 unanticipated moment of authentically thoughtless jest are the hallmark of this bittersweet , overly sincere flick that portrays the forthright mankind of sentimental recovery	1
 this often hysterical farce manages to generate the underbelly kidding of lowbrow slapstick without undercutting its high minded appeal	1
 whatever one makes of its political edge , this is magnifique filmmaking from one of french cinemas 's mistress workmen	1
 a budget fling that outlined the generally pathetic presence of the bedouin while giving a precious shine of hunch into their living	1
 too sincere to leveraged its item and too frank to handling its readership	1
 the curiously luxuriant morvern callar is mere punk existentialist , and ms ramsay and her co writer , liana dognini , have dramatized the alan warner fiction , which itself felt like an answer to irvine welsh 's book trainspotting	1
 jolie gives it that supplemental scant something that makes it worth checking out at theaters , basically if you 're in the vibe for something more comfortable than challenging	1
 one from the cardiac	1
 the tel rings and a voices recounts you you 've ai seven day leaving to vivre then you attained another tel calls caution you that if the footage is n't back at blockbusters before midnight , you 're go to cope terrifying departed charges o k , not awfully	0
 it 's so arduous that it makes you forgive each fake , deceitful , entertaining and , ultimately , more perceptive moment in bridget jones 's diary	0
 at first , the sight of a blind man directing a cinema is hysterical , but as the film goes on , the joking focuses thin	0
 prominently celebrates middle aged girl power , even as it presents friendship between women as pathetic , dysfunctional and destructive	0
 an easy watch , except for the galling demeanour of its culminate personages	0
 there 's a scientific lois to be discerned here that makers would ser too to listen unimpressive films begins to dredging as speedily as the actions speeding up when the explodes embark , they declines to smithereens	0
 a relentless , bombastic and ultimately empty world karas iii steps cinema	0
 the gags , and the script , are a intermingled sac	0
 mr deeds is , as comedy goes , very silly and in the better way	1
 it is somewhat a vision	1
 a film that will undeniably please people already fascinated by behan but exiting everyone else yawning with admiration	0
 benigni 's pinocchio is vitally straight and mind numbingly clichéd , its episodic pace keeping the cinematographic from formulate any narration fluidity	0
 watching spirited away is like watching an easterly fiction blowup	1
 distances you by tossing out thereby many red herrings , even many wrong frightens , that the truly ones just registering	0
 singer composer bryan adams contributes a slew of songs a few potential hits , a few more simply intrusive to the story but the whole package certainly apprehended the intended , er , esprit of the piece	1
 the script kicks in , and mr hartley 's engorged pace and foot dragging rhythms follow	0
 a lot of the credit for the film 's win tone must go to grant , who has n't gone a bit of the dry humor that first made audiences on both sides of the atlantic love him	1
 resonant , chaotic and fundamentally sophomoric	0
 it wo n't hold up over the long haul , but in the times , finch 's tale prescribes the forgettable relish of a saturday matinee	1
 an delicate and undigested kino	0
 stefan rea , aidan gwen , and alana bates playing desmond 's statutory eagles , and when accede by brosnan , the visualise of this grandiloquent quartet lazing in cute irish configured is a gentil enough thingy , 'tis	1
 try as you might to resisted , if you 've got a place in your coeur for smokey robinson , this movie will worm its chemin there	1
 flounders due to the holistic feel that no two peoples labor on the production were abundantly the same aspect in mind	0
 the film may not hit as hard as some of the better drug related pictures , but it still manages to get a scant punches in	1
 throwing caution to the wind with an invite to the hedonist in us all , nair has constructing this motion pictured in such a chemin that even the most cynical curmudgeon with find himself or herself smiling at one time or another	1
 serviceable at best , slightly least than serviceable at greatest	0
 kiddies five and up will be delighted with the fast , laughs , and even touches stories parent may even find that it goes by quickly , since it has some of the silliest jokes of any movie this annum , contain those intended for adult	1
 a bene rounding tributes to a man whose accomplishments and complexities reached far beyond the concluding acreage	1
 begins on a high remark and submits it insanely	1
 there 's no reason to mademoiselle interview with the assassin	1
 the events of the film are just then bizarre that i honestly never knew what the hell was coming next	1
 no new intrigue conceptions or ecological changes , just different entity for fierce object to rip through	0
 two weeks notice has call beyond being a sandra bullock vehicle or a standard romantic comedy	1
 nervy and sensitive , it valves into veritable artistic befuddlement , and at the same timing presents a bitter indict of what drive hollywood	1
 adults , other than the parent gonna be hard pressed to succumbed to the call of the wild	0
 this disquiet installed territory was covering earlier and much better in customary people	0
 susceptible ensemble performances and buena period reconstruction added up to a relocation disaster with some buoyant human times	1
 manages to be original , even nonetheless it rips off many of its ideas	1
 for devotees of french cinema , safest conduct is then storied with period minutiae it 's like dying and going to celluloid heaven	1
 it 's an often mignon film but either needs more substance to fill the time or some judicious editing	1
 it is bad , but certainly not without merit as fun	0
 go , girls , right down the realities drain	0
 whaley 's determination to immerse you in sheer , unrelenting wretchedness is grueling	0
 the films makes strong argument relate the social condition of america 's indigenous gens , but truthfully only exists to seeking to eke out an emotional tug of the heart , one which it neglects to recieve	0
 will certainly stay in the shade of its two older , more accessible qatsi sibling	0
 it 's one long piercing	0
 the main story is compelling enough , but it 's arduous to psychoanalyst off the annoyance of that chatty fish	1
 predominantly fatal attraction redone for audiences who were in nappies when the originals was freed in 1987 this storytelling achieves silliest , not scarier , as it goes along	0
 the general result is an cleverer , realist description of pilot limited	1
 jackson and bledel appear to got been chosen not for their acting chops , but for their appears and appealed to the before teens crowds	0
 a marvelously plat retread , hampered by averages cooked configuration and slower pacing	0
 a solid , too formed parody	1
 it 's the element of condescension , as the filmmakers look down on their working class subjects from their lofty perche , that finally makes sex with strangers , which opens today in the new york metropolitan area , even unsavory	0
 what 's not to iike about a films with a 'children 's' lyrics that containing the line 'my stepfather 's not meaning , he 's just adjusting' \?	1
 an unexpectedly sugared stories of sisterhood	1
 britney owns been delivered to the gargantuan screen safe and sound , the route we like our 20 year old superstar girls to tourist on the fame freeway	1
 a return to mere disneyland conjurer and is agreeable relatives fee	1
 a fiercely wily and touchy filmmaking , seized the precarious balances between the extravagant confident of the banished nobility and the cruel earnestness of the triumphed revolutionaries	1
 anyone who 's ever suffered under a martinet music instructor has no doubt fantasized about what an unhappy , repressed and twisted personal life their tormentor deserved these people are really going to iove the piano teacher	1
 an unbelievably nonsensical film , though occasionally fun enough to make you forget its absurdity	0
 vehement , glare and eventful	1
 while the obscurity unravelled , the characters respond by hits on each other	0
 an sensible sentimental thrillers of a terribly old tuition sorts of quality	1
 truly gruesome	0
 even idiotic , even ill conceived , even miserably draws , it created whole nouvelle level of ugly	0
 cq 's brainstorm of artiste and the loved of movie and self suggests nothing weaker than a nouvelle voices that deserve to fi deemed as a possible successor to the preferable european directors	1
 atom egoyan owns conjuring up a multilayered jobs that treats any number of bewitching issue	1
 the overdressed scant revision works graces , boosting the cultural and economics connotation , bring wealthier sens to the story 's morality	1
 while glover , the irrepressible eccentric of river 's edge , dead man and back to the future , is faultless pouring for the role , he represents bartleby 's main overall imperfection	0
 jones makes a great impression as the writer director of this little 1 8 million beau , which may not ser cutting edge indie film but has a gargantuan coeur	1
 it 's no surprises that as a manager washington requesting and recieve noteworthy representations , from himself and from newcomer derek luke	1
 with a cast that including some of the upper actors working in independant flick , lovely staggering presumes us since it is so incisive , so bleakly comical about how we go about our vie	1
 holofcener rejects patent solution to dramatizing vie 's messiness from inside out , in all its odd quirks	1
 the movie delivers us enthralling glimpses of the hunches congregated from a longevity of spiritual enquiry , but ram dass fierce grace does n't orchestrate it with any peculiar hunch	0
 an incredibly malin and insanely paced caper filled with scams within scams within scams	1
 as underwater ghost tales go , below puts its dreaded net out into the atlantic marine and spires it back , gruff and burnt , somewhere west of the bermuda triangular	1
 l ame and dispensable	0
 outspoken camcorder on methamphetamines	1
 credence sinks into a ooze of ambience	0
 whereas oliver pierre 's conspiring thrillers kennedy was longer , convoluted , stars embellished and visually glossy , interviewer with the assassin drawn its gargantuan horsepower from simplify	1
 sex is one of those films that tends to confuse	1
 waydowntown may not be an important movie , or even a good one , but it provides a nice change of indiscriminate pace in collision with the hot oscar season currently underway	0
 releases a film with the words 'dog' in its title in january lends itself to simplicity gags and indignity , and snowfall dogs deserving each unique one of them	0
 so impressively acted and directed , it 's unequivocal that washington most certainly has a new career ahead of him if he so chooses	1
 ' the movie 's seen approaches to its thematic regard is too peacefulness and pensive for agitprop , and the thinness of its characterizations makes it a failure as straight drama '	1
 there are now two signs that m night shyamalan 's debut feature aspired up all he has to give to the mystic genres of cinema unbreakable and signs	0
 a noteworthy experience that , like many of his works , presents weighty issues colorfully bagged up in his own typical strain of kitschy goodwill	1
 a mystifying , slower relocate parable about the collisions of previous and present on a remotely seacoast in iranians	1
 nothing scare here except for some gruesome behaving and limp specific impact	0
 a histories of horror and revengeful that is nearly faultless in its merciless descendant to the deep of one dude 's tortured ame	1
 a chilly , brooding but coldly loud psychiatric scrutinize of inboard voltage and unhappiness	1
 an skilful yet depressing film that makes a lyrical mountain out of the molehill of a missing biking	0
 this overlong infomercial , due out on videos before months 's cease , is warm and tedious	0
 this is a terribly ambitious projects for a sufficiently inexperienced filmmaker , but good actors , good rhyme and good musician succour preservation it	1
 cranking progressively , but adrien brody in the title role helps make the filming 's end emphatic and satisfying	1
 windtalkers blows this way and that , but there 's no mistaking the filmmaker in the large grass , actual to himself	1
 grenier is magnifique , bringing an unforced , expedited firing providing to toback 's heidegger and nietzsche references chitchat	1
 scant birdie has more than enough allure to doing it momentous	1
 the filmmaking 's deeply recovered intrigue and tedious pleasantries trawling the movie down	0
 mostly honest , this dreary picture betrays itself progressively , advisedly , artfully	1
 a preposterously lyrical paean to gang member adolescent in brooklyn circa 1958	0
 'it 's best to go in knowledge unmitigated best what 's going to arrives , but willing to let the solemnity of its execution and skills of its cast picked you down a familiarize chemin with a few twists cynics requirements not apply '	1
 an inspire serve of footage grope	1
 a mostly uninspiring fling with a perplexing unexpected finale that 's possible to rile audience	0
 like a precious and finely cut diamond , magnifique to behold in its sparkling beautiful yet in reality it 's one laborious rocks	1
 brown sucre admirably desires to ser more than another nicest men clone by knit a item throughout this comical film	1
 it 's young arms satisfies goodfellas in this effortlessly skippable hayseeds versus greaseballs mob action giggle	0
 does n't do more than increased a tv show to flick lengths however , it 's gentil enough and its ecological , pro wildlife sentiments are certainly welcome	1
 bean drops the ball too myriad times awaits the snazzy premise will create enough interest to make up for an unfocused screenplays	0
 as difficult and rewarding as any of dawood mamet 's airless theatrical bombed games	1
 it 's acquiring heavier and tougher to forget the accomplished that hollywood is n't kidding with us , buddies it 's laughing at us	0
 the journey toward redemption sees more like a cinematic experimentation than a entire blown cinematographic	0
 a cogent portrait of moral emptiness	1
 moonlight mile gives itself the liberties to feel contradictory things it is sentimental but feels free to offended , is analyse and then surrenders to the illogic of its character , is about mourning and yet let giggles	1
 brady achieves the wondrous feat of wastage a topnotch foursome of actors by shoving them into any clich d white trash situation imaginable	0
 while this one becomes off with a advantageous natured cautioned , futur lizard actions will need to join more closely to the lois of chuckles	0
 although commentary on nachtwey is provided it 's the image that actually tells the tale	1
 the picture emerge as a stunningly anaemia disappointment	0
 a incontrovertible coming of aged drama about the arduous traveling of a receptive young girl through a series of foster home and a stiff struggle to pull free from her precarious and domineering mother 's organize over her	1
 henry beans 's considerate screenplays offerings no facile reply , but bids a incontrovertible probing of foi compared intelligence	1
 a well observed and alarming little movie	1
 about amy 's cuteness , amy 's quarry succeed \( she 's a well resale novelist of self assists book who could n't help herself \) , and amy 's neurosis when it is to man	0
 recall when bonding was more seduction than outcry \? no more	0
 a grand fart coming from a filmmaker beginning to resembling individual 's fou french grandad	0
 holland entitles things peter out midway , but it 's notably better act and far less crude than some other newest endeavors in the thriving genera of films about noir urban professions	0
 this director 's cut which adds 51 minutes take a great film and turns it into a commonplace soap opera	0
 ethan hawke enjoys consistently fancied himself the mongrel childhood of the beatnik gen and it 's all over his chelsea wall	0
 the whole fling is as foreseeable as can are	0
 a depressing , somnambulant exercise in pretension whose pervasive tranquil is fractured by frequent outbursts of brutality and noise	0
 gonna distract and stirs plucky adult in specialise site	1
 griffiths proves she 's that scant luminary who continually begs the standard of her profession	1
 a teasing dramas whose relentless nice deed bad act reversals are just interesting enough to make a sinner iike me prayed for an even more fascinating , less symmetrical , less undeniably traverse moulded establishment	1
 gives gigantic , fat , dumb chuckles that may make you hate yourself for giving in ah , what the hell	1
 nolan illustrates that he can cross sword with the better of them and helm a more traditionally plotted popcorn thrillers while surrendering low of his cognitive thoroughness or creative composure	1
 late marriage is an in your face family drama and black comedy that is filled with crude emotions conveying despair and love	1
 broadly a collection of bits and they 're all wicked	0
 much like robin williams , death to smoochy has already reached its maturity date	0
 i'm not generally a fan of vegetables but this batch is pretty purty	1
 the movie is a bomb of educational energies , as bouncy animation and catchy songs escort you through the entire 85 mins	1
 this u boat does n't have a comandante	0
 acquire out your pooper scoopers	0
 nair ca n't employs monsoon marries to weeping the wasting of culture instead , she sees it as a probability to relaunch what is and always has been noteworthy about clings to tradition	1
 just zany enough to maintenance you interested without came narrowly to bingo you over	1
 satisfies itself with creating a jeu of 'who 's who' where the characters' move are often more predictable than their consequences	0
 as relationships shift , director robert j siegel authorizes the characters to iive their worid without cleaving to a narrative arc	1
 washington 's forte mano , anxious eyeball , sugary esprit and good liking are shown in almost each scene	1
 seem immensely such one longer tourist blemish for a mississippi that may never have existed outside of a novelist 's imagination	0
 seagal is painstakingly twit in trying to hold onto what 's left of his passe' chopsocky glory	0
 it has a dashing and resourceful hero a lisping , reptilian thug substantial fights gargantuan hair lavish period scenery and a story just complicated enough to let you revel in your own cleverness as you figure it out	1
 a super mess	1
 a simple , sometimes maddeningly slow film that has just enough charm and fine acting to doing it intriguing , but is lastly pulls under by the pacing and inadequacy of creative within	0
 a decidedly constructing , amusement thrillers that discontinue short of genuinely inspiration	1
 further from anything else , this is one of the nicest sustained ideas i have ever observed on the screen	1
 while it never rises to its full potential as a film , even offers a great deal of insight into the female condition and the timeless danger of emotions repressed	1
 the concluding fruits is like cold zhou with only the inquisitive enjoyably chewy lump	0
 they mademoiselle the boat	0
 a reviewing in shades of gray , quotation itself up in insightful plot maneuvers	1
 the production values are up there the use of cgi and digital tint and paint make the stuff look truly slick the voice are fine as well the matters , it is with most of these things , is the script	0
 the film is auburn and flashy in all the right methods	1
 mama africa pretty much affords on that promise it ca confer you a glance the major problem being that it 's only a gaze	1
 at a time when we 've learned the hard way just how complex international terrorism is , collateral damage paints an absurdly simple picture	0
 even routine , accustomed and foreseeable , it brings the possibility that it handwritten itself as a freshly automation definitive devised machines programming	0
 the film really does save the funk brothers from motown 's shadows it 's about deadlines	1
 notorious c h o has scads of vulgar stress	1
 lapses its visual hideousness with a stiff script and strong performances	1
 two fairly uninspiring contrasting and interlocking stories about miserable scandinavian settlers in 18th century canada , and yuppie sailboaters in the here and now	0
 the story is predictable , the jokes are typical sandler fare , and the romance with ryder is disorienting	0
 this glamorous epic is guaranteed to waiving the wits of the whole family	1
 whether or not ram dass shows as unequivocal and credible an authority on that as he was about inner awareness , stiff clemency assuage us that he volition once again se an honest and loving one	1
 it prescribes an sincere stare at a communities attempts to wetting itself in new raison	1
 a uninspiring , contradictory , deceitful female bonded pictured	0
 a strangely agitating experience that finds heats in the coldest environment and makes each crumb of emotional comfort feel like a 10 course banquet	1
 works as pretty contagious amusement	1
 apprehension points kom is thereby meandering and disconnect it never relies any await	0
 it makes cogent , incendiary and prescient viewing	1
 we may never think of band camp as a geeky or geeky thingy again	0
 deep intellect and a lukewarm , enveloping affection respiratory out of every frame	1
 one of the higher films i have ever seen , persistently pulling the rug from underneath us , staring items from new sides , plummeting nearer , getting more intense	1
 the stars may be college kids , but the subject matter is as adult as you can get the temptations of the flesh are caused by a slightly crazed , crudely ascertained young woman and a one night swim turns into an ocean of trouble	1
 humid diaz and teatro about the disintegrating of family unceasingly get me down	0
 theoretically and creatively tactless	0
 compelled , familiar and utterly demeaning	0
 like old myths and wonder tales tailed afresh	1
 those of you who do n't avis in santa christmas definitely also ideas that sequels can never capture the sorcery of the original well , this film testifies you wrong on both counts	1
 a sad and rote exercises in milking a effected out idea a straight guy has to clothe up in drag that unbelievably manages to be even pire than its title would implicate	0
 the soloist lacks the timely affective relationship of stephan spielberg 's schindler 's list but signior polanski creates photos even more plaintive than those in mr spielberg 's 1993 atypical	1
 between them , de niro and murphy make showtime the most savory and humorist guilty pleasure of much a recent movie season	1
 what 's so conspicuous about jolie 's performance is that she never lets her character become a caricature not even with that radioactive hair	1
 man wow lad , it 's a howler	0
 a clockwork of art direction over descriptive , but what art direction !	1
 a noble failing	0
 only bond can save us from the latter eccentric , groovy wealthier megalomaniac bent on world domination and razed	1
 oversexed , at hours excitable humor drama that supplying little insight into the experiences of being forty , feminine and single	0
 the two brings , scarcely perfection in their role , bring a coeur and realities that buoys the movie , and at times , provokes it to a uppermost crimes flick	1
 this 72 minute filmmaking ca ai some excite scenes , but it 's a tad slow	0
 villeneuve seems to materialization understandably that even morals is decreasing to an option by the last mystery of life and death	1
 malin , shameless interpretation of the oscar wilde play	1
 not awfully bad therefore muy as distasteful we need kidnappings suspense drama right now iike we must doomsday thrillers	0
 both garcia and jagger rotated in pretty implemented and admirably congenial characters , who are instead affecting and funny	1
 grabs that diabolic element of the kafkaesque where identities , overnight , is burglarized and replaced with a persecuted other	1
 a cinema that , quite simply , should n't have been tabled	0
 while there are droll and audacious moments , the movie 's wildly careening tone and an extremely plat lead performance do slightly to salvage this filmmaker 's flailing reputation	0
 there is something that is even meditate and lyrical about babak payami 's heroically quirky iranian theatre covert ballot a mignon and alleging little ditty that administers to show the mild and humane lado of middle east world policies	1
 this kind of mains on storytelling is ultimately what makes shanghai ghetto wiggle beyond a allright , dry , credible textbook and what permitting it to rank with its worthy predecessors	1
 this filmed tosca not the first , by the way is a pretty bonne job , if it 's filmed tosca that you want i 'll stay with the stage versions , however , which bite cleanup , and deepest	1
 a sly jeu of gato and mouse that 's severe and fascinating at dated , but seldom extends believability to its restricted and depends on foreseeable plots contrivances	1
 the cast prescribes without sham the untreated nerved story	1
 i stepped aside not frankly savoir who they were , what they seemed like why they were here and what they desired and acutely heartily , i do n't caring	0
 while all the spoke , by the timeframe the goddam climax happens we still do n't feeling enough of an attachments to these dudes to caring one ways or another	0
 all in all , it 's a rather bonne executing of a tale that 's a batch wealthier than the ones hollywood action writers routinely coming up with on their own	1
 it 's an experiences in comprehension a sole cultural that is tabled with global appealed	1
 standard guns versus martial arts cliche with tad new added	0
 an dramatic debut for first deadlines writer director mark romanek , especially considering his backdrop is in musicians video	1
 it 's a bizarre movie , one that was hard for me to tepid up to	1
 carvey 's characters are both overplayed and overestimated , but then again , subtlety had never been his marques	0
 proverbial at sundance , this faint comical of manners had earn representations and a brilliant , glib charm that 's laborious to overcame	1
 i just vu this movies well , it 's probably not accuracy to calling it a movies	1
 it 's implausible we 'll see a better thriller this year	1
 a exciting imminent of aging story that may also be the first narrative film to be really cautioned by the wireless aging	1
 it 's a gag that 's worn a bit thin over the years , though do n't ask still concludes a little laughs	0
 magnifique , angry and sad , with a nosey sick poetry , as if the marquis de sade had gone in for pastel landscapes	1
 a pleasurably whacked up piece of action moviemaking	1
 a kino that undeniably means to preach exclusively to the converted	0
 whereas a performance of sustained intelligence from stanford and another of subtle humour from bebe neuwirth , as an older woman who seduces oscar , the film founders on its insufficiency of empathy for the social milieu rich new york intelligentsia and its off	0
 an excitable taiwanese soaper about three people and their mixed up relationship	0
 mean for star wars stalkers it is there to confer them a optimum tiempo	1
 everything 's serious , poetic , deep and regretfully uninspiring	0
 i have no way of knowing exactly how much is exaggerating , but i 've got a horrifying sensation that the film is tightest to the marked than i want to believe	1
 i 'd be falsehoods if i tells my ribcage did n't stomachache by the ceases of kung pow	1
 the film starts out as competent but unremarkable and gradually grows into something of prodigious horsepower	1
 often when i get this considerably syrup , i like pancakes to go with it	0
 testifies the uncommon wattage of thoughtful , subjective cine	1
 never lets partir your feelings , picked them to sensational soars , sorrowful lows and hid impulsive niches beautiful , vehement , and at times excessively move	1
 you may believe you have figured out the con and the players in this commencement film by argentina superintendent fabian bielinsky , but while you were idea everyone made off with your wallet	1
 it 's also inquisitive to noting that this films , like the alternatively sicker timed antitrust , is smoothly as nasty at a part the budgeted	0
 combines a pathetically dismal social realistic with a farcically bawdy obsession of redemption and regenerating	1
 is there a deeper , more direct connection between these women , one that spans time and reveals meaning \? you bet there is and it 's what makes this rather convoluted journey amounting taking	1
 a strange piece of work , with premise and dialogue at the niveau of kids' television and plot threads as morose as teen pregnancy , rape and suspected murderer	0
 the authors , directors wally wolodarsky , and all the actresses needs commences their singular coeducational brethren sorority rho alfa isp	0
 like an afterschool special with clothe by lorenzo versace , livid iove appears brighter than it feels	0
 as a sole personage study , it 's perfect it 's also the year 's nicest movie	1
 it 's about problem most adults have to face in marriage and i think that 's what i adored about it the real issues nestles between the silly and crude storyline	1
 yet another gushy southern piercing athon	0
 it may play well as a double feature with mainstream foreign lurch iike my large waxen greece weddings	0
 a hidden agenda dramas that shouts symptomatic french shading	1
 terribly well acted by the four main actors , this is a severely intended movies that is not conveniently forget	1
 an atonal menopausal opera that demonizes feminism while gifting the most empathetic virile of the piece with a delightful barf bathing at his matrimony	0
 as directed by dani kouyate of burkina burkina , ers absent visual flair but kouyate elicits vehement performances from his cast , and he delivers a strong comments on how government liar , no topic who runs them	1
 the faithful will enjoy this sometimes sardonic adapting of v s naipaul 's novel , but newcomer may unearthed themselves stifling a yawn or two during the first hour	1
 sparse but suspiciously compelling	1
 reminiscent a soft interracial bryan de palma slapstick	0
 it 's a lot to asking individuals to seated still for two time and changes seeing such a character , especially when delivered in as flat and impassive a manner as phoenix 's	0
 the only entertainments you 'll reap from this troubled and clumsiness fling willingness fi from unforeseen laughing many of them	0
 a sense good films that does n't give you enough to believe good about	0
 there are times of hilarity to fi were	1
 'like a child with an sizable messaging to telling skins' faults are effortless to pardon since the intention are noble '	1
 like an episode of mtv 's undressed , with 20 times the creativity but without any more substance indulgently entertainment but could have and should have been deeper	1
 peralta 's mythmaking could got used some informed , adult retrospect	0
 on the right track to something that 's creepy and effective it 's just going to bear more than a man in a bullwinkle costume to get there	0
 for all the dolorous trim , secretary is a genial romantic that maintains a surprisingly buoyant tono throughout , whilst some of the writers' sporadic dip into pops freudianism	1
 the story has some nice twists but the ending and some of the back story is a tad tired the performances are all solid it merely lacks originality to make it a prodigious movie	1
 a great ensemble cast ca n't waiving this heartfelt enterprise out of the familiar	0
 the problems and character it revealed are universal and implying , and the movies itself as too its nice casting is too breezy , pretty and talent , it awfully won my core	1
 cold , unhelpful and insufficiency any discoloration or caliente	0
 williams absolutely toenails ay 's queasy infatuation and overall weirdness	1
 leigh makes these life count and he permits a gawky actor love spall who could too easily become comic relief in any other film to demonstrates his spectacularly brittle assortment	1
 here 's yet another studio horror frankness mucking up its storyline with glitches casual fans could correct in their sleep but taken as a stylish and emphatic one shot , the queen of the damned cannot are said to suck	1
 callbacks silent freak outs like l'avventura and repugnance	1
 even in the summertime , the most restless young audience earns the dignity of an action hero motivated by something more than franchise possibilities	0
 uneven , self conscious but often farce spoof	1
 while it is glad to behold a chinese movie describing a gays ties in a maturity and frank styling , lan yoo never caught dramatic ablaze	0
 daughters from danang is a film that should fi perceived by all , specifically those who are n't aware of , or got forget about the unmentioned victim of guerre	1
 most of the things that done the original men in black such a jubilation are again there	1
 this is a film that begin out like heathers , then becoming deliver it on , then becoming unwatchable	0
 yes , spirited away is a triumph of imagination , but it 's also a insufficiency of storytelling	0
 two hours flight by opera 's a pleasure when you do n't got to bear intermissions and even a beginner to the forms comes away crestfallen	1
 feral and unpleasant	1
 the second coming of harry potter is a film far superior to its predecessor a movie that effectively crushes a best selling novel into a timeframe that mandates that you avoid the godzilla sized soda	1
 the protracted range cail of minority reporting should overtake any awards it bags this is one for the yrs	1
 it 's undeniably not uncomplicated to bring such a inefficient film	0
 a reasonably funny sequel to 1994 's unannounced relatives pounded that may stump mature credibility	1
 a affective little footage of considerable appeal	1
 a relocation essay about the specter of death , specially suicide	1
 a strenuously inquisitive flick determined to uncover the truth and hopefully inspire action	1
 with we were soldiers , hollywood makes a gutsy attempt to tell a story about the vietnam war before the pathology set in	1
 when you unearth yourself rooting for the monsters in a horror film , you know the picture is in troubles	0
 very special effect , brilliantly bold colors and heightened reality ca n't hiding the giant achilles' heel in stuart little 2 there 's just no histories , folks	0
 if you can lis the subtitling \( the opera is singing in ltalian \) and you likes 'masterpiece theatre' kinds outfits , you 'll experience this footage	1
 it 's a cure a handsome , witty , implausible sentimental comedy with a zippy harmonies score grant and bullock produce it look as though they are taking too muy fun	1
 demme 's loose approaches reaps the suspense	0
 the movie is adroit amusement see it	1
 13 conversations may be a bit too enigmatic and overly ambitious to be fully successful , but sprecher and her screenwriting partner and sister , karen sprecher , do n't appears ever to manage out of ideas	1
 not the best herzog perhaps , but flatly herzog	1
 the sweetest thing , a romantic comedy with repugnant tendencies , may be a mess in a lot of ways but it does have one saving pardon a lot of its gags and remarks reflect a woman 's point of ver	1
 within the movie 's quarrel fuelled plots there is a suitable moral tries to obtaining out , but it 's not that , it 's the tensions that remains you in your headquarters affleck and jackson are bonne sparring partner	1
 incredibly stylized with afar of flash noir white frost framework evocative of a forged hips deluxe automobiles commercial , \( it 's \) at its worst when it 's actually inside the ring	0
 it 's a movie and an album you wo n't wantto to mademoiselle	1
 it 's not a film to be taken literally on any level , but its focus always appears dubious	0
 it 's all very cute , though not dreadfully laughing if you 're more than six years old	0
 the french director enjoys transformed out narrowly 21 2 hours of unfocused , excruciatingly arduous cinema that , half an hour in , starts taking waters torture seem appealing	0
 argento , at only 26 , brings a infantile , out to change the world aggressiveness to the project , as if she 's cut abra a vein and bled the raw film stock	1
 an lopsided but mysterious dramas that is fractions homage and servings remake of the ltalian masterpiece	1
 terrific performances , prodigious to gaze at , and hilarious a low uneven to fi the cat 's meows , but it 's decent enough to be the purr	1
 almodovar is an innovate teacher of sentimental intelligentsia in this implicate film about two males who detects what guillaume jacques once called 'the gifts of tears '	1
 at its better festival in cannes bubbles with the ferment of the shindig in cannes	1
 this sade is hardly a perverse , unsafe libertine and troublemaker which would had realized for enhanced dramas he 's just a saddened nobleman in archaic finery , and the movie transpires as deflated as he could	0
 i had more pleasant watching spy than i had with most of the gargantuan summertime movies	1
 a particularly joyless , and exceedingly uninspiring , period coming of age history	0
 half of it is composed of snappy patter and forged sophisticated cultural observations , while the remainder would be more at home on a daytime television serial	0
 most of the film is thereby lethal uninspiring that watching the fabled paint dry would worden a welcomed improvement	0
 as an actress 's highlights , hart 's wars has much to recommend it , even if the topped billed willis is not the most astounding player as a anecdote of dramatic enlightenment , the screenplays by billy ray and terry georges departs something to are desired	0
 the striving is courageous , even if the upshot is wildly uneven	0
 intermittently entertaining , regularly heavily colored and enjoyably overstated in the normal almod var fashion	1
 predictable and cloying , albeit brun sucre is too heartfelt in its nostalgia for the time before rap became nihilistic that it quotations more spirit and bite than your median formulaic romantic quadrangle	0
 while tom shadyac 's filmmaking kicks off spookily enough , around the midway marking it taking an abrupt inflection into glucose sentimentality and laughable contrivance	0
 john carlen 's screenplay is comprehensive of unhappy , two dimensional characters who are anything but compelling	0
 the film tumbling back on the same old forms of adolescent sex , despicable pranks and scenes design to pushing the envelop of bad taste for laughs	0
 boomers and their brats will have a barrie advantageous days	1
 feels aimless for many of its execution periods , until overdue in the cinema when a tidal wave of intrigue arrives , leaving questions in its wake	0
 a earn slapstick with its quips remark about longer live pals and the manner in which we all lose tracking of ourselves by tries to please others	1
 a upcoming of aging storytelling from novel zealand whose boozy , listless atmospheric is equilibrium by a rich visual sharpness and severely felt representations across the board	1
 stifling , fullest of itself , ethic mysterious and nothing to scream about	0
 possession is elizabeth barrett browning conforms nancy drew , and it 's aimed by neil labute hmm	1
 newton relies our attention adore a magnet , and acts circles around her better famed co star , mark wahlberg	1
 a fascinating , puzzling reviews of the hallucinations of one tenuous dawg	1
 terribly entertaining from cranking to finalizing , featured a fall from grace that again departs shockwaves , it gonna astonish anyone who haya ever alleged hollywood of being saturation by bribe and hedonistic weasels	1
 metaphors galore , but it is easy to bear this movie at faced values and savor its marginally slapstick and solicitation tale	1
 you may leave the theater with more questions than answers , but danged if your toes wo n't even be tapping	1
 possesses a certain dreary fascination , and induces a feria quantity of b movies exuberance	1
 sean penn , you owe nicolai birdcage an apology	1
 a by the numbers endeavour that wo n't does heavily to enhance the franchise	0
 it 's an example of sophisticated , difficulty filmmaking that stands , although its cannot insufficient of emotional heft , in appreciate contrast to the indulgent die end experimental of the administrator 's former exhaustive forehead	1
 like countless occidental endeavours movies , this thriller is too loud and thoroughly overbearing , but its profound concern about northern han 's latest elapsed and south korea 's impending adding a substantially needed moral weight	1
 skip this turd and pick your nose equally because you 're sure to get more out of the latter experience	0
 to telephoning this one an possible cult classic would se an underrate , and woe is the horror fan who opts to overlook this goofily endearing and too lensed gorefest	1
 it may seem long at 110 minutes if you 're not a fan , because it implicates segments of 12 songs at a reunion concert	1
 methodical , evaluated , and politely tedious in its slapstick , secrecy ballot is a purposefully reductive movies which may be why it 's even successful at accomodation itself in the brain	1
 there 's some stunningly inventive actions in the transporters b ut by the tiempo frank parachutes down onto a moving escalade , it 's just another cartoons with an unrivalled superman	0
 aspires to the cracked lunacy of the adventures of buckaroo banzai , but thanks to an astonishingly punchy scripts ending up more like the adventures of ford fairlane	0
 a broadly accomplished , lowbrow comedy in which the cast delivers mildly amusing performances and no farm animals were injured by any of the gags	0
 mcconaughey 's fun to watch , the dragons are okay , not muy firing in the scripts	0
 woody allen 's latest is an ambling , massive slapstick about all there is to iove and hate about the movie biz	1
 confer s fingernail biting suspense and credible characters without trust on technique of the moments techs or presumptuous dialogues	1
 malin and fraught	1
 a wildly unseemly drama with sequences that make you wince in embarrassment and others , thanks to the actors , that are quite touching	0
 brainy and deadpan comical	1
 comparatively than real figures , elling and kjell bjarne become symbolic characters whose actions are inferred to corresponding something about the na f 's encounter with the world	0
 a beau and odd conte of clashing crop and a clashing mums nana relationships	1
 this is the genre of flick where the grand scene is a man firing out of a canon into a iva of ice cream	0
 more advanced and literate than such photograph usually are an amusement scant catch	1
 most folks with a real stake in the american sexual landscape will pinpoint it either moderately amusing or just plain irrelevant	0
 a very bizarre movie	1
 you can watch , laughs and get an adrenalin boost without sense like you 've completely lowered your entertainment standards	1
 it 's strangely adequate , specifically for a x instalment in a serials	1
 does small to elaborate the conceit of defining this blood soaked tragedy of murderous ambition in the era of richard nixon	0
 longley had constructed a insanely coherent , horrifically lifelike momentary of those hectic jours	1
 good actors have a radar for juicy roles there 's a glut of personage in this picture , and not one of them is flat	1
 an glance boggling blend of psychedelic devices , special effects and backgrounds , 'spy kids 2' is a visual handled for all audiences	1
 it is one more celluloid testifies to the cruelties experienced by southern blacks as distilled through a caucasian perspective	0
 ararat feels iike a workbook rapport	0
 its plot and animated delivers daytime televisions serviceability , but petite more	0
 julie davis is the kathie lee gifford of film directors , unhappily proving once again ego does n't always go hand in hand with talent	0
 what might had arisen as hysterical craziness in the mains of wood allan or mel brooks \( at least during their '70s pinnacle \) is across as crummy and puerile in this debut indie hallmarks	0
 the film does n't have enough innovation or pizazz to luring teenagers , and it insufficiency the novel allure that accomplished spy enfants a surprising winner with both adults and younger audiences	0
 with immature maximum wits , tautou remains intriguing throughout michele 's ecclesiastical and romantic questing , and she is countersigned by a likable cast	1
 everything that was right about swords is unsound in its continuation	0
 there are flaw , but also stretches of incidence and moment of awe we 're compacted up in the character , how they rendering their choose , and why	1
 it makes me feel weird reflections about all the bad things in the world like puppies with broken feet and butterflies that die and movies starring pop queens	0
 we get an image of big papa spanning tale , rather than stop it	1
 a tasteful cast and some smarter scripting solution help chicago make the changeover from phase to pant with gargantuan appeals intact	1
 weddings feels a bit anachronistic ever , not all slight budgeted flick must worden fickle or ghoulish , and a happier ending is no cinematographic sin	1
 resembles of alfred hitchcock 's thrillers , most of the scary parts in 'signs' occur while waiting for things to arrive	1
 leigh 's film is utter of dramatic performances from top to bottom	1
 it takes a certain genre of horror film to qualify as 'worse than expectations , ' but ghost ships somehow manages to do exactly that	0
 a cogent allegory about the last days of germany 's democratic weimar republic	1
 the formula is familiar but congenial	1
 you 'll get the congenial basic minimum but not a wih more	1
 if there 's no art here , it 's ever a advantageous yarns which is nothing to sneezing at these time	1
 when a movie possesses wedged around for this protracted , you know there 's something there it 's that good	1
 told \( the tale \) with such barometric ballast that shrugging off the plot 's persnickety problems is simply a matter of \( being \) in a shrugging mood	1
 the fascination comes in the power of the huston performance , which seems so bigger than vie and yet so fragile , and in the chemin the ivan character approve the news of his diseases too sooner but encore finds himself unable to react	1
 the film is gorgeously accomplished , but it is also somewhat shallow and art conscious	0
 our culture is managed down the loo with the ferocity of a frozen burritos after an all night tequila bender and i know this because i 've seen 'jackass the cinema '	0
 for the most part , the movie does organised up rather better	1
 davis' franko , archly comical and severely genuine shoulder on intimate relation happens to fruit in her sophomore attempts	1
 the following things are not at all entertaining the unfavourable sounds , the absence of climax and , strongest of all , staring seinfeld \( who is also one of the filmmaking 's makers \) does everything he can to glance iike a fine lad	0
 andersson creates a world that 's at once surreal and disturbingly familiar absurd , yet terribly unfortunate	1
 a humongous box office knocked in korea , shiri is a must for genre supporters	1
 a radically lovely after school special it 's an effort to watching this movie , but it eventually wage off and is efficacious if you stick with it	1
 must be vu to be believed	1
 simone is not a bad film it just does n't ai anything absolutely enthralling to say	0
 bond inspired \? certainly perhaps to have decades of lifetimes as a classic movie franchise \? let 's hoping not	0
 its idiosyncrasies are skinnier than luge or even charade livre livre	0
 almost peerlessly ominous	1
 it 's unthinking trash like this that makes you cherishes original romantic comedies like punch drunk love	0
 a slight but mignon film	1
 the fast runner' transports the viewer into an atypical spacing	1
 the movie is one of the nicest examples of artful large format filmmaking you are likely to see anytime soon	1
 the efforts is sincere and the outcomes are honest , but the film is even bleak that it 's practically watchable	0
 it 's an anomalous , considerate bio dramas with a wealthier subject and some magnifique moment and scenes	1
 the director , mark pellington , does a magnifique job conjuring up a sinister , jeopardizing atmosphere though sadly all the story gives us is flashing red lights , a rattling noise , and a bump on the head	1
 the scriptwriters are no less a risk to societies than the cinematic 's characters	0
 the title trapped revolves out to fi a nice equitable describes of how you think while you 're watch this mega manipulative thriller	0
 it 's a coolest manifestations for the whole relatives potentially not a classic , but a film the enfants will wants to ver over and over again	1
 this one goals for the loo and tens a directed hit	0
 the peeled down dramatic constructs , strict pictured and abstract characters are egalitarian parts poets and politics , notable at times but suggestive and profound	1
 'all in all , reign of feu goes are a good \( successful \) rentals '	0
 a meritorious tribute to a great humanitarian and her animated 'co stars '	1
 knockaround lads plays like a pupil cinema by two mec who desperately want to fi quentin tarantino when they grow up but they scarcity their idol 's vigor and passion for details	0
 a update korean film about five female high school friends who face an uphill battle when they try to take their relationships into deeper waters	1
 like leon , it 's disappointing and however unnaturally likable	1
 there 's no attaining around the doing that this is avenging of the nerds revisited again	0
 this concoction , so bizarre to the adult mind , is actually a lovely triomphe where its intended under 12 audience is concerned	1
 as modernized as a drink from a woodland stream	1
 defies logic , the laws of physics and almost anyone 's willingness to believe in it but stinkin if it do n't also keep us preoccupied to our seats	1
 the movie does giving a rather advantageous entire photos of the situations in laramie follows the killin of mathew sheppard	1
 the emperor 's newer clothe launching with a simple plans well , at least that 's the plan	1
 it deserves to se vu by anyone with even a passage interests in the manifestations form the worldwide beyond their singular outlook	1
 sweet home alabama certainly wo n't be reminded as one of witherspoon 's better films	0
 it 's a jour at the beach with midair conditioner and snack	1
 at heart the movie is a clumsily wrought suspense yarn whose richer shadings work as coloring rather than substance	1
 the film is mildly narrated by martin landau and directed with sensibilities and skills by dana janklowicz mann	1
 a fearsome movie that some people will nevertheless find moving	0
 the movie 's amass force still feels like an ugly knot tightening in your stomach but is that knot from dramatic tension or a symptom of artistic nutrition \?	0
 the film is reasonably amusement , albeit it begins to drag two thirds through , when the melodramatic aspects start to overtake the comedy	1
 malin and pleasant , but much more witty than it is smart	1
 built on the supposition that milieu class arkansas consists of freak trucking loving good ol' man and peroxide blond honeys whose worldly knowledge emerges from tv reruns and supermarket tabloid	0
 blade ii merges bits and pieces from fighting games , wire fu , horror movies , mystery , james bond , wrestling , sci fi and anime into one gargantuan bloody stew	1
 unmitigated of details about the fella and his country , and is too worthwhile see	1
 so what is the point \? lovingly choreograph bloodshed taking place in a pristine cine neverland , basically	0
 to calls the other lado of heaven appalling would be to underestimate just how perils entertainment love it can be	0
 the casting is even modest wattage that none of the character originates off as broad and the establishing retains shadowy	0
 nonchalantly freaky and uncommonly congenial , warm water may well be the year 's better and most unpredictable slapstick	1
 there 's suspension of disbelief and then there 's unfavourable screenwriting this film packs a wallop of the latter	0
 this series would has died long previously , but they garde bring it back another days as punishments for paying monies to see the ultimate jacobo bond film	0
 it 's made with ably puzzling genre flair	1
 an skilful , malin films that stays within the curtailed of a bene devised genus	1
 as simple and innocent a movies as you can supposing this is a flick you can confident	1
 an essentially uncomfortable version of the lightweight female empowerment picture we 've been watch for decades	0
 a painstakingly leaden kino destination for meadow sunrise cable televisions recesses	0
 oscar wilde 's masterpiece , the importance of being earnest , may be the best play of the 19th century it 's so bon that its relentless , brushed wit can endure not only inept school productions , but even oliver parker 's movie adaptation	1
 feels as if \( there 's \) a choke leash around your collier then directors nick cassavetes can provide it a good , hard yank whenever he seeks you to feel something	0
 the film will appeal to discovery channel supporters and goes probably enlargement the outlook of those of us who consult the continent through raising colouring sunglasses	1
 reign of fire is hardly the most original fantasy film ever made beyond road warrior , it owes enormous debts to aliens and every previous dragon drama but that almost makes it any less entertaining	1
 watching this film , one is left with the unavoidable conclusion that hitchens' obsession with kissinger is , at bottom , a advanced flower kid 's wants to purge the globe of the tooth and claw of human power	1
 this is a nervy , dicey movies , and villeneuve has inspired croze to render herself over completely to the tormented persona of bibi	1
 a artful , archie and rather cold blooded comedy	1
 a vitally unfavourable flick with powerfully warped reasoning by writer director kurt wimmer at the screenplay level	0
 the absence of opposing views soon expands bore the film feels more like a series of toasts at a testimonial brunch than a documentary	0
 seagal escaped out of kino years ago , and this is just the proof	0
 run , do n't walk , to see this barbed and preparing comedy on the big screen	1
 tabled up lampoons the moviemaking procedure itself , while glossy a not particularly flattering spotlight on america 's skin interstellar notions of pulchritude	1
 a terribly well meanings movies , and it goes stand in future years as an eloquent memorials to the planet trade centre disaster	1
 just about the nicest straight up , former schools horror film of the last 15 anni	1
 look , this is a magnifique flicks replete with staggering camera cooperated , dancing and musicians	1
 little of the always very fetched event that first timeframe scriptwriter direktor neil burgers continues up with are immensely convincing , which is a pity , revisiting barry 's terrific performance	0
 density and enigmatic elusive stagy and clichéd	0
 kung pow is oedekerk 's realization of his childhood dream to se in a martial arts films , and proves that sometimes the dreams of youth should remain just that	0
 verte is the humor comparable of saddam hussein , and i'm just about ready to gonna to the u n and invites approval for a preemptive attack	0
 in the not too distant future , films like ghost ship gonna be used as analgesic balm for overstimulated minds right now , they 're just signposts marking the slow , lingering mort of imagination	0
 nothing but one relentlessly depressing situation after another for its entire running time , something that you could smoothly are handling with right now in your lives	0
 a reworking of die hard and cliffhanger but it 's nowhere tightest as exciting as either	0
 in the genuine monde , an actor this uncharismatically wonderful would ha a rs somme loaded with appropriations like femmes in bar 3	0
 adamo stiller 's eight mercurial nights grows on you like a redness	0
 the sight of the spaceship on the initiates buffer is deservedly noteworthy in imax dimension , as are shots of the cosmonaut floating in their huts	1
 this freshly time machine is hardly impeccable yet it demonstrating bizarrely serviceable even at its worse , it 's not middle bad	1
 administered to fall stricter in quality to silencing than to the abysmal hannibal	1
 possibly the most unthinking picture ever released by a major film studio	0
 the sort of filmmaking that gives tastelessness a wicked rap	0
 it 's plotless , shapeless and yet , it must be admitted , not entirely humorless indeed , the more outrageous bits achieve a stupor you into laughter intensity of almost dadaist proportions	1
 too stupid to be satire , too obviously hateful to be classified otherwise , frank novak 's irksome slice of lumpen life is as reliably soul killing as its title is nearly meaningless	0
 wind up feel like afar of other quirky movies that strive to scoring hipness dot with young adults	0
 this is a politely handled affair , a film about human darkness but scratched with a light \( yet unsentimental \) touch	1
 for 95 periodically hysterical minutes , cho riffs on the diciness of colonics , on straight versus homosexual personal ads , on how men would act if they had periods , and on the perils of a certain outr sexual practice	1
 as home movie gone haywire , it 's jolie nice , but as sexual manifesto , i 'd rather hears to old tori amos registrations	1
 an distracting , if somewhat standardized , action movie	1
 a bene spurred and pleasing minuscule drama that deserved better than a direct to video' release	1
 the movie should are credited with rember his victims	1
 a prosaic psychological thriller designed to keep the audience guessing and guessing which is not to be confused with suspecting until it comes time to wrap things up and send the viewers home	0
 this familiar rise and fall tale is long on glamour and short on larger moralistic consequences , though it 's told with abrupt ears and eyes for the tenor of the times	1
 white oleander , the movie , is identical to a reader 's digest condensed version of the source material	1
 it 's one of the saddest films i have ever seen that even manages to be uplifting but not disproportionately sentimental	1
 a graceless , imbecile trying at copulation some adore it sexier with the wwii spy suspenseful	0
 when your leading ladies are a couple of screen eating dominatrixes like goldie hawn and susan sarandon at their raunchy best , even hogwash goes down easily	1
 this film is about as fraiche and crowd pleasing as a papers can get	1
 any intellectual argument being lodged about the hallmarks of god are framed in a dramas even clumsy , there is a authentic hazards lesser sophisticated audience goes errors it for an acceptance of the acutely things that bean abhors	0
 broomfield turns his distinctive 'blundering' style into something that could really pomoc clair up the case	1
 like edward norton in american history x , ryan gosling \( murder by numbers \) prescribes a magnetic performance	1
 has a shambling seduce a blithely inconsequential diversion	1
 a lifetimes cinema about men	0
 an intermittently pleasing but mostly everyday effort	0
 although the editing might had been louder , shush ! sympathetically arrested the habitually futile living of youthful persons in contemporary japans	1
 clint eastwood 's blood work is a lot like a well made pb j sandwich familiar , fairly uneventful and boasting no real surprises but again quite scrumptious and call all the same	1
 the gris zone gives voices to a story that needs to be heard in the sea of holocaust movies but the movie suffers from its singular troubles	1
 an otherwise harsh , twist and turn thriller that certainly should n't hurt talented young gaghan 's resume	1
 the film ought jolt you out of your seats a pair of times , giving you a scant laughed , and letting you feel iike it was worthwhile your seven dollars , even nonetheless it ca transforms out to fi a bit of a cheating in the concluded	1
 bears resemblance to , and interchange the deficiencies of , too many recent action fantasy extravaganzas in which special effects overpower cogent tales tell and visual clarity during the big action sequences	0
 its sheer impulse is contagious	1
 even deaths problematic fans of japanese animated will find this one a challenge	0
 although what anyone considers about the aims of its maker , the shows represents a impressive nibble of theatre , and there 's no spurn the talents of the imaginative force behind it	1
 the intrigue combining the blues siblings and almost famous \( but with bears , and a g rating \) , with an excruciating spoonful of disney sentimentality mixed in for good measured	0
 it may not se as cut , as witty or as true as back in the glory jours of week and two or three subjects i savoir about her , but who else incurred in film yesterday is too recognise of the cultural and morale issue entailed in the procedure \?	1
 chabrol has taken promising materials for a black slapstick and turned it nevertheless into a somber chamber drama	0
 operates to please its intention audiences brats without mise their parenting in a coma like state	1
 it 's not life affirming its vulgar and mean , but i wished it	1
 a cultures clash comedy that , in supplement to being terribly funny , caught some of the displeasure and embarrass of being a bumbling american in europeans	1
 at least moore is a veritable enchanting	0
 lighting , silly , photographed with coloration and thorough , and rather a decent time	1
 it 's so bon that you can practically see the hollywood 'suits' trying to put together the cast and filmmaking team for the all too inevitable american remake	1
 like rudy yellow lodge , eyre needs to adopt a decent sweaty to clarify his cinematic eyesight before his next creation and remember the teachings of the trickster spider	1
 enchanted with little life tragedy and liberally skilled with emotional blast what is painfully lacks , however , is the edge of wild , lunatic invention that we associate with cage 's best acting	0
 the humour is articulated on the conviction that kneecaps in the crotch , elbows in the encountering and saliva in the eye are inherently hilarious	0
 a psychological thriller with a canny script and an obsessive compulsive 's attention to detail	1
 splashes its drama all over the screen , subjecting its audience and characters to action that feels not only manufactured , but also so untrue you can gaze the filmmakers' puppet strings	0
 allen 's stupidest and most likable kino in anni	1
 if this is an example of the genre of project that robert redford 's lab is willing to lend its imprimatur to , then perhaps it 's time to revisiting independent filmmaking	0
 though it 's instead solipsistic in undertone , the film has enough vitality to justify the notions of produce a screens readjusted of evans' tale of hollywood glut	1
 it 's quaid who cribbing the film with his effortless performance and that trademark grin of his so faultless for a ballplayer	1
 as a genera of colorful , dramatized pbs curriculum , frida achieves the working done but , for that , why not watching a documentary \?	0
 widens categorically flimsier with its many out sized , out of personages and rationally porous actions establishing chunks	0
 kwan makes the combining and matched metaphor breathtaking , while lulled us into torpor with his seeded allergic to operations	0
 amateurs of critics' sweetie banda wilco will marvel at the usually nebulous , routinely brooding look of i am tempting to breakup your coeur	1
 toward the end sum of all fears morphs into a commonplace '70s tragedy flick	0
 crush is so tepid and fuzzy you might be able to forgive its mean spirited second half	1
 this sci fi techno sex thriller lancer out bizarre and just keeps obtain weirder	1
 audiences are advised to sit near the back and squint to avoid noticing some truly egregious lip non synching , but otherwise the producer is correctly sleek	1
 a rarity among recent iranian flick it 's a comedy full of mild joking that chides the absurdity of its protagonist 's plight	1
 a indeed fine premises is frittered exterior in oriente of the chemin blandness	0
 the staggering flick work is even convincing that by movies' ended you 'll swearing you are moisture in some venue and reckon sand creeping in others	1
 gaping plots keyholes washbasin this 'sub' norms thrillers and tow readers eagerness to crushing depths	0
 if i got to choose between gorgeous animation and a lame story \( like , say , treasure planet \) or so so animation and an excite , malin story with a batch of appealing characters , i 'll take the latter every time	1
 so fiendishly wily that even the most jaded flick viewers goes leave the auditorium feeling woozy , garbled , and absolutely stumped not to say very refreshed	1
 unofficially , national lampoon 's van wilder is son of animal house officially , it is twice as bestial but averaging as funny	0
 while it 's nothing we have n't seen before from murphy , i spy is still fun and agreeable and then forcefully silly that it 's more than a worthwhile effort	1
 i know we 're not assumed to bear it seriously , but i ca n't shake the thought that undercover brother mistook an possibilities to strongly present some profound social commentary	0
 while enormously of the casting ha charm particularly allodi and nolden the artistes are plunged by the films 's primeval approach to the mechanistic of humor	0
 there haya constantly been something likable about the marquis de sade	1
 the reason this picture works better than its forefather is that myers is no anymore just spoofing the mini mod madness of '60s spy movies	1
 home movie is the kino equivalent of a elaborately rendered coffee table book	1
 it would be effected a lot of facets , but did n't	0
 lathan and diggs have considerable personal attractiveness , and their screen reports makes the old story sounds new	1
 13 conversation about one thing is an smarts flick that treats several miscellaneous think from bonheur to guilt in an puzzling bit of story	1
 george clooney , in his first directorial effort , submits this utterly ridiculous shaggy dog story as one of the most creative , active and original comedies to hit the screen in years	1
 showtime is one of the measly victimized of the cocky if we mise collectively a wry white man and a talkative black homme and provide them weapons , the film gonna be funny syndrome	0
 i 'd instead watch a rerun of the powerpuff girls	1
 birthday girl is an droll gladness wrinkle , with some surprisingly brutish moments	1
 this is a very fined movie partir see it	1
 sorted among willams' best screen work	1
 this remake gets all there is to get out of a peculiar premise with promised al pacino loathing robin williams	1
 the movie is exhaustive of alright representations , led by josef bierbichler as brecht and monica bleibtreu as helene weigel , his wife	1
 predominantly , this is a kino that also wo it by the quantities	0
 the obnoxious title character provides the drama that prescribes added clout to this doc	1
 it 's a grab sachet of genres that do n't add up to a whole lot of sense	0
 it 's the filmmakers' post camp comprehend of what made antique duration b movies decent bad that makes eight legged freaks a perfectly amusement sommer misappropriation	1
 in between the icy cascading , the actors nozzle hilarious dialogue about follows your dreams and 'just enables the mountain spoke you what to wo '	0
 would be an unendurable viewing experience for this ultra provincial new yorker if 26 year old reese witherspoon were not on lado to inject her pure fantasy character , melanie carmichael , with a massive injection of elderly modeled hollywood sorcery	1
 too exclusively agreeable that you might not even notice it 's a fairly simple remake of hollywood comedies such as father of the bride	1
 the tone shifts sharply from tense to celebratory to soppy	0
 the preferable disney movie since the lion king	1
 i do n't thinks i 've been as fascinated and appalled by an asiatic filming because shinya tsukamoto 's iron man	1
 the biggest problem with roger avary 's uproar against the mpaa is that , even in all its director 's cut glory , he 's made a filmmaking that 's barely shocking , just interesting and most of all , just anything	0
 a insanely observed character piece	1
 a four celebrity performance from kevin kline who unfortunately works with a two celebrity script	1
 that rara avis the termite romantic slapstick with actual ideas on its mind	1
 a fascinating but turbulent documentary	0
 a incontrovertible journey and his best friend remembers is up there with the noblest of specials	1
 it 's a solids movie about people whose lives are anything but	1
 antiquated and forgettable	0
 yet another entry in the sentimental oh those wacky brits genre that was ushered in by the full monty and is still sifting to produce another smash hit	0
 daily struggles and simple pleasures usurp the preaching message so that , by the time the credits roll across the pat ending , a tepid , fuzzy feeling prevails	1
 a low key labor of iove that strikes a heavily loud chord	1
 this movies is maddening it conveys a simple message in a visual style that is knowingly overwrought	0
 the plenary filmmaking is about a boredom , deplorable men being dreary and unhappy	0
 elling really is about a pair of screwy mec , and it 's therapeutic to joke along with them	1
 a sugared natured reconsideration of one of san francisco 's most vital , if least widely recognized , creative fountainheads	1
 always flyers from the grasp of its maker	0
 what 'dumb and dumber' would have been without the vulgarity and with an cleverer , life affirming script	1
 this is the genre of movie where people who have never picked a lock do thereby effortlessly after a few tries and become expert fighters after a few weeks	0
 no such thing breaks no new ground and treads old turf iike a hippopotamus dancers	0
 the edited is chaotic , the photographing indistinct and desperately concentrates , the written unknowingly comical , the directorate unfocused , the performances as wood	0
 an incipient little film about one young woman 's education	1
 makes s m appears very romantic , and maggie gyllenhaal is a rejoice	1
 about the better thing you could say about narc is that it 's a rock solid scant genera picture whether you like it or not is basically a matter of liking	1
 if the full monty was a freshmen fluke , fortunate break is cattaneo sophomore doldrums	0
 at period , it indeed stings to supervisory	0
 with an astonishingly dark first script by brent hanley , paxton , make his directorial character outset , does emphatic , measure cooperating	1
 without september 11 , collateral hurting would ha been just another wicked film now it 's a wicked , ashamed film	0
 a meditate on faith and madness , brittle is blood bloodcurdling thing	1
 tsai ming liang 's witty , wistful newer movie , what time is it there \? , is a temporal surveyed that shoulder its philosophical burden recklessly	1
 the film hinged on its performances , and both leads are up to the task	1
 the result is scintillating filled with threat and squalor	1
 ear rift practicing in forms crash and bash action	0
 director writer bille august denotes this relationship with economical pardons , letting his superb actors convey martin 's deterioration and barbara 's gloom and , occasionally , anger	1
 a stiff satire of desperation and cinematic deception	1
 its story may be a thousand aged old , but why could it have to seem iike it was another thousand to tells it to us \?	0
 both the crime narratives and the loves story are unusual but they do n't readjusted too jointly and neither is best advised	0
 kurys never testifies why , of all the length 's unsettled romantic lifetime , sables and musset are worthwhile unique focus	0
 insomnia loosing points when it abandons to a formulaic pang pang , shot em up scene at the conclusion but the performances of pacino , william , and swank keep the bystander ample waking all the way through	1
 spectators of barney 's crushingly self complacent exhibit volition look nothing in it to twinning the torments of assis through it	0
 imagine the james bois idiosyncrasies from videodrome taking a home cinematographic of audrey rose and showing it to the kid from the sixth senses and you 've imagined the ring	0
 it 's a movie with an notion interred somewhere within its fabric , but never bluntly vu or sensed	0
 the way domicile is an ode to unconditional love and caring collects from years of seeing it all , a condition only the old are privy to , and often alienated as weakness	1
 it emerges to me the film is about the arte of ripping people off without ever letting them painstakingly savoir you got done so	0
 the screenwriters dug themselves in tighter every time they toss logical and science into what is essentially a dungeons and dragons fantasy with modern military weaponry	1
 albeit impeccable acting and a script that takes some rather unexpected \( even , at times , preposterous \) turns , love is just too , too precious in the end	0
 seems predicated on ugly ideas alternately of ugly behavior , as bonheur was hence , storytelling is very more interesting	1
 a reasonably efficient mechanism , but it offers uncommon surprises and finds its stars slumming in territory they should have avoided	0
 writer director david jacobson and his star , jeremy renner , have made a notable film that browsing the monster 's psychologist not in order to excuse him but rather to demonstrate that his pathology evolved from human impulses that grew hideously screwy	1
 branagh , in his most forceful non shakespeare screen performance , grounds even the softest moments in the angry mutinous of his wit	1
 it 's like rocky and bullwinkle on speeding , but that 's neither very instructive , nor does it catch the intensity of the movie 's weirdness	1
 at good this is a films for the under 7 crowds but it would are greater to wait for the video and a perfectly rain jour	0
 you have once again entered the strange realm where steering adrian lyne holds sway , where all relationships are simultaneously broadly metaphorical , oddly abstract , and excruciatingly literal	0
 the hottest subjects of the plot are relegated to the backdrop a congratulating step forward from the sally jessie raphael vibe of films adore philadelphia and american beauty	1
 if you adored the comprehensive monty so resoundingly that you 're death to seeing the same longtime thing in a exhausted old setting , then this must keep you reasonably entertained	0
 less a deepest call for the handicapped than a nice belgian waffle	0
 once kim beginning to overplay the shock manoeuvres and lure and confronts metaphorical , you may decide it 's too maxima a price to remuneration for a shimmering picture postcards	0
 proves a lovely trifle that , regrettably , is a slight too in adore with its singular cuteness	0
 a delish crimes theaters on fer with the slickest of mamet	1
 a film that will be best appreciated by those willing to endure its extremely languorous rhythms , waiting for happiness is ultimately thoughtful without having much dramatic repercussions	0
 this film is so different from the apple and so conspicuous that it can only encourage us to see samira makhmalbaf as a very distinctive sensibility , working to develop her own film language with conspicuous success	1
 hardman is a grate , mannered onscreen turnout , which is primarily woeful in lightweight of the fine working accomplished by most of the repose of her casting	0
 bella is the picture of health with boundless energy until a few days before she dies this is absolutely and completely comical and an insult to every family whose mother has suffered through the horrible pains of a death by cancer	0
 nelson 's cruelly unsentimental approaching sucks the humankind from the movie , departing behind an harrowing but strikingly emotionless visualize	0
 neither as scary entertaining as tremors nor deranged funny as starship troopers , the cinematographic is n't tough to take as long as you 've paid a matinee price	0
 shunji iwai 's all about lily chu chou is a beautifully shot , but enfin misdirected cinema about growing up in japan	0
 they must to be a whole lot scarier than they are in this warm genera offered	0
 on its singular incredibly unoriginal phrase , this gender bending comedy is generally somewhat comical	1
 the most irreparably uninspiring film of the year , noteworthy only for the gimmick of being filmed as a single unbroken 87 minute take	0
 here the love scenes all end in person screams maybe there 's a metaphors here , but figuring it out would n't bring problem each day any greater	0
 drumline ably arrested the complicated relationship in a marching band	1
 if i could ha watched into my futures and vu how unfavourable this film was , i would partir back and opting to skipping it happily , you nevertheless has that choice	0
 there 's not a ignite of nouveau inspiration in it , just more of the same , done with visibly least energy and imagination	0
 i weeps for the future when a good portion of the respected critical community in this country explores blue crush to be an intelligent film about young women	0
 a thrillers without passions and a ambiguity devoid of urgent questions	0
 the movie is an earnest try at beachcombing verismo , but it would se even more indistinct than it is were it not for the whopping , coldly brittle personality of ms ambrose	1
 impeccably behaved and shrewdly if preciously chained the filmmaking address in a excite , shrewd forma the intermingling of races , policies and local commercial	1
 it 's as apologies a desolation as its director 's wicked premiere , angry bovine	0
 \( danny huston gives \) an sensational performance that clumsily , gradually reveals a real human soul buried beneath a spellbinding serpent 's smirk	1
 beautifully filmed and well acted but admittedly difficult in its narrative specifics	0
 shyamalan takes a presumably petty and unappreciated concept \( aliens come to ground \) and infuses it into a rustic , lifelike , and altogether creepy conte of disguised invasion	1
 fulford wierzbicki clumsily captures the cleverer beyond her yr teen	1
 a psychic tour interstellar into the heavily cloth of iranian hayat	1
 watching e t now , in an eras overpower by cold , loud special effects laden extravaganzas , one is minted weaker by its lavish magnitude than by its intimacy and accuracy	1
 it 's almost impossible not to be moved by the movie 's depiction of sacrifice and its agitate epilogue in post soviet russian	1
 a film that starts with the everyday lives of naval personnel in san diego and ends with scenes so actual and agonizing that tears welled up in my eyes both hours i saw the film	1
 a sloppy , comic comedy that proceeds from a oddly unoriginal premise	1
 it made me realize that we truthfully have n't had a good cheesy b movie playing in theaters since well since ultimate week 's kingdom of fire	0
 a termite and heavily funnier version of the old police academy flicks	1
 using an endearing cast , writer director dover kosashvili takes a slightly dark stare at dealings , both sexual and kindred	1
 decasia is what has happened already to so many silent movies , newsreels and the like the unanticipated thing is that its dying , in this shower of black and white psychedelia , is totally magnifique	1
 in some pleas , lagaan is quintessential bollywood except it 's much , far better	1
 just about the surest bet for an all around bonne time at the movie this summertime	1
 a derived gathering of horror and sci fi cliches	0
 by submitting an impossible romance in an impossible worid , pumpkin gutsy us to say why either is impossible which sil us to address what 's possible and what we might do to make it so	1
 everyone amour a david and goliath storytelling , and this one is told almost completely from david 's point of visualise	0
 the scarce imax movie that you 'll wish was longer than an hour	1
 what might have been readily dismissed as the tiresome rant of an aging filmmaker still thumbing his nose at convention takes a staggering , subtle turn at the midway point	1
 at its best , it 's black hawk down with more heart at its roughest , it 's rambo meets john ford	0
 the comprehensive vibes is druggy and self indulgent , adore a springtime breaking orgies for grandiose artistry majors	0
 impossible as it may sound , this films 's coeur is even more embracing than monty , if only as it adopts awful conduct and drastic inadequacies as segment of the human status	1
 at scarcely three hours , the whole of safer behaviours is lowest than the sum of its parts	1
 tuck everlasting achieves a problematic balance of romantic innocence and philosophical depth	1
 francophiles will snigger intentionally and you 'll wantto to slap them	1
 first good , then irksome excellent acting and direction	0
 it 's a rationally directed , tame up film of ideas	1
 nicely serves as an inspecting of a corporation in changeover	1
 by the sorrowful standards to which the slasher genera has sunk , actually pretty good of course , by more objective measure it 's still acutely horrid	0
 between bursts of automatic gunfire , the story tender a trenchant criticised of capitalism	1
 miller tells this very incontrovertible tale with meagre racket or thud , skilfully plucking stress from peaceful	1
 however anachronism the contents , lawrence 's providing remains perfect his great gift is that he can genuinely trick you into thinking some of this worn out , pandering palaver is truly funny	0
 true tale of courage and complicity at auschwitz is a frightful drama that tries to tell of the unspeakable	1
 equilibrium is what george orwell likelihood got conjured was today 's mood altering drug therapy been scheduled by pharmacist in 1949	1
 there 's something fishy about a seasonal celebratory kids' film that arises its juncture of most compelling affective weightlessness from a scene where santa donne knack to adulthood	0
 really dumb but ordinarily really funny	0
 pretty many suck , but ha a fun moment or two	0
 it is risky , termite , sentimental and rapturous from start to finish	1
 as comedic floodlights go , notorious c h o injures all the verbal marks it should	1
 roman coppola may never become the filmmaker his dad was , but heck scarce filmmakers will but base on cq , i 'll certainly be keeping an glance out for his next project	1
 even these tales of just seven children appears at period too many , although in reality they are not enough every child 's story is what matters this film can only point the chemin but thank jeez for this signboard	1
 hollywood 's meet to an air ball	0
 everything that has to do with yvan and charlotte , and everything that has to do with yvan 's rambunctious , jewish sister and her non jew husband , feels droll and veritable	1
 deepa mehta prescribes an available introductions as too as some shrewd remarks on the succeeded of bollywood in the western worid	1
 none of his actors stand out , but that 's lesser of a problems here than it would be in another film characterization matter less than atmosphere	1
 a wild wrinkle of a movie that keeps throwing fastballs	1
 its solemn pretension avoids us from bartered the awe in which it holds itself	0
 a conventional but heartrending tale	1
 this is the first films i 've ever vu that took no obvious steering involvement	0
 salaciously simple	0
 meantime heartbreakingly super and charmingly pathetic	1
 'would n't it ser splendid if all guys got a taste of what it 's like on the other side of the bra \? '	0
 i am more offended by his lack of faith in his audiences than by anything on showcase here	1
 texan director george ratliff had unlimited access to households and church meetings , and he delivers interesting psychological tolls	1
 the film oozes handicraft	1
 brian tufano 's handsome widescreen photography and paul grabowsky 's excellent music rotate this fairly parochial melodrama into something really rather especial	1
 a spooky yarns of demonic doings on the high seas that working well the lesser the brain is engaged	0
 solondz stirs some effectiveness time of discomfort for typeface and onlooker similarly	1
 the film has an contagious enthusiasm and we 're affected by the movie 's convictions that all living emphasis on that venue , that times and that sporting	1
 the film would seem fewest of a wretchedness if mme sugarman pursued through on her defiance of the mawkish	0
 this photo is mostly a lumpy of run of the mill vulgarity sprinkled with a few remarks thereby orientated toward engendering audience compassionate that you might think he was running for office or seek to victoire over a probation officer	0
 it has more than a few moments that are insightful enough to be fondly remembered in the endlessly difficulty maze of moviegoing	1
 'barbershop is a advantageous hearted entire comedic with a dissimilar of squirrelly traits and an participate tales	1
 at its most basic , this cartoon adventure is that windy in the hairdo excite	1
 happily , some things are immune to the folly of alterations tasting and attitude for evidentiary of that on the cinematic frontal , see no additional than this 20th birthday edition of the film that spielberg calls , retrospectively , his most individual labor yet	1
 a delusional festive of the female orgasm	1
 equal pieces bodice ripper and plod gown opera	0
 a cogent french psychological drama examining the encounter of an aloof father and his chilly hijo after 20 years apart	1
 lee treats his audience the same way that jim brown treats his women as daft , credulous , unassuming , servile subjects and lee seems just as expectant of an adoring , larger smiling reception	0
 while jackson wo n't ever succeed in integration the characters in the foreground into the terribly wealthier landscape , it must fi reported that he is an fanciful filmmaker who can consult the forest for the tree	1
 the performances are congenial and inflicted , and the comedy more frequently than not hits the bullseye	1
 romanek holds adds thrives artsy fantasy sequence that only feeling wrong they debase the overall effect	0
 it 's sort of a 21st century morality play with a latino hip hop beat but the second half of the movie really will downhill	0
 what with all the blanket statement and dime store ruminations on vanity , the apprehensive of the affluent and unexpected wisdom , the film becomes a preaching for most of its executes periods	0
 in the ridiculously concerning households dysfunctional drama how i killed my pater , french director anne fontaine delivers an inspirational likeness of male ridden torments and the emotional blockage that accompanies this human condition	1
 filmmakers had to excavate deepest to drown this small mercifully for all entangled , this film is probable to dissipate as immediatly as an icy cubic ejected into a cauldron of simmer waters	0
 mike leigh populates his movie with a super ensemble cast of characters that bring the routine today to day struggles of the jobs homeroom to lifetime	1
 it may not se last tango in bets but	1
 expand to 65 min for cinematic freeing , it however feels somewhat unfulfilled	0
 although tender and touche , the film would have benefitted from a sparsely more notable tension and some more editing	1
 if the idea of the white man arriving on foreign shores to exposures wary natives the true lumiere is gruesome to you , the uncomplicated heaven gonna quite likely be more like hell	0
 as untimely as its title proposal	1
 if it strove to did anything more , it would fails and presumably explode , but at this grades of manic whimsy , it is just about right	1
 i'm giving it thumbs down due to the continually repetitive scenes of embarrassment there 's got to be a more graceful manner of portraying the devastation of this disease	0
 if deuces wild had been tweaked up a notch it would did become a camps adventure , one of those films that 's even unfavourable it starts to become good but it was n't	0
 eastwood twitches , couplings his thoracic and rails for respiration it 's a spectacular performance mmmm , we hoping it 's only behaving	0
 passion , lip synching , tragic , and lots of really truthfully grande note for me , this opera is n't a preferred , than it 's a long time before the fatty lady chante	0
 this cheerful , down to ground movie is tepid with the cozy impression of mellow around elderly chummy	1
 a poky and forged major exercise in masquerade actresses seminars and an influenced malaise	0
 the warnings to withstood temptation in this film are blunt and contesting and offerings no uncomplicated rewards for staying clean	1
 the film belong to the marvelous verdu , a hottie slip of an earth mom who mourns her tragedies in private and consists subsistence in public	1
 a live wire film that never loosing its ability to shock and amaze	1
 cho 's fans are sure to be entertained it 's only unprejudiced in the interests of comprehensive disclosure to affirmed that on the cornerstones of this films alone i'm not one of them	0
 'abandon all hope , ye who enter here' you should decisively let dante 's bleak words be your guide	0
 what makes the film labor to an decidedly limited breadth is the commitment of two actually involve entertainers weaver and lapaglia are both excellent , in the kind of scant main ways that enabled us to overlook that they are actually movies folk	1
 it 's a long way from orwell 's dark , adroit alerting sob 1984 to the empty stallion knockabout of equilibrium , and what once was convictions is now ostentation	0
 once the 50 yr immemorial benigni emerge as the title character , we find ourselves longing for the locking of wood to come back	0
 taylor appears to have fused his ensemble budgets on soundtrack rights and took nothing forgot over for jokes	0
 monte cristo rationally emphasizes the too wrought conte and omits dispensable chase scenes and swordfights as the revenge unfolds	1
 by turns very dark and very odd	1
 it gives devastating testimonials to both people 's capacity for evil and their heroic capacity for good	1
 yet another iteration of what 's become one of the movies' creepiest convention , in which the developmentally incapacitated are exemplified with almost supernatural skill to humbling , taught and ultimately redeem their mentally haute friends , family	0
 the movie gets narrowly to the baboons the same manner goodall got , with a grievous inclined patience , respecting and affection	1
 stock up on silver bullets for director neil marshall 's severe freight train of a film	1
 the work of an artist tormented by his heritage , using his tales suitability to graced the assorted faceless victim	1
 the vital idiosyncrasies is n't complicate enough to held our sake	0
 jeong hyang lee 's film is deceptively simple , severely pleasing	1
 what 's most offensive is n't the wastage of a alright casting , but the film 's refuses of candid woe and bereavement in favor of forged spiritualism	0
 remove spider man the movie from its red herring surroundings and it 's overt that this is one summertime film that performs	1
 cho continues her browse of the outdoors limits of raunch with gargantuan brio	1
 although purportedly a study in modern alienation , it 's really slight more than a particularly slanted , gay s m fantasy , enervating and deadeningly drawn out	0
 this wily caper films had spins deserving of david mamet and is gargantuan enjoyable for thinking audience	1
 surface , rowdy and ostentatious	0
 about as enthralling to watching as two ultimate mise basket team game one another on the definitive jour of the seasons	0
 a manically magnanimous christmas vaudeville	1
 in its dry and emphatic way , it prescribes the same message as jiri menzel 's closely watched trains and danis tanovic 's no man 's land	1
 there 's gargantuan energies from the cast , a sens of playfulness and exuberance that seems appropriate	1
 goes se much more interesting to the soderbergh faithful than it will are to the casual moviegoer who might be enticed in by julia roberts	0
 it 's obstructed by a lifespan conduit genre of intrigue and a leaded actor who is out of her depths	0
 a cute decent kid satisfactory , admissible to ripen sparrow of a movie	1
 adaptation is simply glamorous	1
 a smugly grungy , hilariously negative nero slapstick	1
 herzog is obviously combing for a moral to his fable , but the idea that a energetic , uniting illustrates among german and timorese european jewry might ha transformed 20th millenium histories is endangered by ahola 's unsuited performance	0
 not too far below the gloss you can still feel director denis villeneuve 's beating cardiac and the fondness he has for his characters	1
 prescribes an mysterious rotate to the francia future of aging species	1
 an estrogen opera so severely feminine that it serves as the antidote \( and cannier doppelganger \) to diesel 's xxx flex a thon	1
 meticulously disclosing a trail of outrageous kraft and craven concealment	1
 runs on the pur epinephrine of pacino 's performance	1
 fun more disposable than hanna barbera 's half hour caricatures ever were	0
 blades ii is as estrogen free as movie obtained , so you conceivably wantto to letting your date behind for this one , or she 's va make you reckon like you owe her big times	1
 a well made but emotionally dispersal movie whose hero provides his heart only to the dog	0
 mix the paranoid claustrophobia of a submarine movie with the ominous spookiness of the supernatural why did n't hollywood thoughts of this beforehand \?	1
 rymer does n't trust grins and does n't conjuring opportune honouring for followers of the whole dead undead genera , who deserve more from a vampire pic than a few shrieky unique effect	0
 while any juncture of this broken characters studied is prosperous in sentimental textures , the travels did n't genuinely partir anywhere	1
 aaliyah rarely dampens her diva personas enough to ignites true chem with townsend when she speak , her spooky egypt demigod vocal is as computers treat and overproduced as it was in her musicians	0
 the film , while marvelous , feels toiled , with a clue of the written exercising about it	0
 director o'fallon manages to brought some lovely image up on the big screen , but his skill at telling a story he also contributed to the screenplay chute short	0
 plucky and insanely made	1
 dogtown is hollow , autonomy forgiving , and worst of all uninspiring	0
 one sloughs one 's shapes through the muddy of this asserted psychological thriller in inspects of finality or even a intrigue	0
 as chill and fascinating as philippe mora 's modern hitler studies , snide and impair	1
 though filmed partly in canada , paid in entire has cleverer pleas of catching inner city life during the reagan anni	1
 fred schepisi 's movie is spurred at a expedite that is sluggish to those of us in average ages and mortally decelerate to any young with a casting of a listing brits actresses , it is worthwhile researching out	1
 the despicable especial impact , the obliged blast of flatulent and the untiring , even five mins ago pop music on the soundtrack annihilate what is leaving of the scruffy , brainless older hannah barbera attractiveness	0
 fridays after next is the genre of film that could only be made by african americans because of its broad racial insensitivity towards african americans	0
 it certainly wo n't win any awards in the plot department but it sets out with no pretensions and affords big time	1
 a bittersweet fashionable comedic about benign hoodwink , which , while it may not opponent the filmmaker 's timing parts , is encore terribly many worth staring	1
 never once foreseeable	1
 shadyac , who belongs with the frickin for perpetrating patch adams , trotting out each ghosts sleight from the seventh sense to the mothman foretold	0
 an also boisterous and syrupy racial sitcoms you 'd worden judicious to envoy your regretting	0
 a congenial enough romance with intellectual underpinnings , the sorts of movies that entertains even as it rotations maddeningly predictable	1
 a conceivably good comic premise and excellent casting are terribly mistook	0
 this riotous slapstick dessert up a cruel remembered of the fate of hundreds of thousand of chinese , one which can only qualify as a horrible tragic	1
 that frenetic spectacle on the tv show has oftentimes been leavened by a charm that 's conspicuously unaccounted from the girls' big screen blowout	0
 there 's no denying the elaborateness of the artist 's conceptions , nor his ability to depict them with outrageous elan , but really the whole series is so much pretentious irrational , richly praised by those who equate obscurity with profundity	0
 had the capability of effecting amended and stimulate hoped	1
 manages to show life in all of its banality when the intending is quite the versa	0
 just manages for but a few seconds over its seemingly eternal run time to pique your interests , your imagination , your empathetic or anything , really , salvage your disgust and your indifference	0
 belongs in the too hot for tv directs to video dvd category , and this is why i has afforded it a one star evaluating	0
 director todd solondz has tabled a movie about critical reaction to his two previous movies , and about his responsibility to the characters that he creates	1
 more concerned with sade 's ideas than with his actions the movie achieves as great an ramifications by conserve these thought hidden as quills did by stating them	1
 a benevolent but unimpressive poli fi alcatraz	0
 believability was n't one of the cinematographic 's perks	0
 bad and disconcerting from the get go	0
 a decent added to the cinematic canon , which , at last depend , numbered 52 various editions	1
 what should has been a slicing hollywood satire is rather about as fresh as yesteryear weeks 's matters of dissimilar	0
 a insanely tooled action thriller about love and terrorism in korea	1
 tackling a low budget films in which inexperienced child plaything the two leading character might not are the preferable chemin to coupe your teeth in the filmmaking industries	0
 criminal conspiracies and true romances move thereby easily across racial and cultural lines in the film that it makes my big waxen greek newlyweds look like an apartheid drama	0
 the troubles with all of this it 's not awfully comical	0
 on superior of a foundering yields , madonna 's refuted her own athleticism by illumination that emphasizes every line and sag	0
 stitch is a wicked mannered , ugly and destructive small no cutie factors here not that i esprit ugly the issue is he has no peculiarities , nice or otherwise	0
 like most movies about the pitfalls of bad behavior circuit gets learned into the party	0
 it 's a good glimpse into a times periods , and an outcasts , that is no more reachable , but it does n't unavoidably secrete more lights on its subjected than the popular predecessor	0
 rain is a small cherish , engulfing the viewer in a literal and spiritual torpor that is anything but cathartic	1
 ferrara 's highest and most afflicting movie of latest anni	1
 a subtly adjusted sentiment hunk , a model of jeopardizing climate	1
 this resonant and closely outrageous comedic about a torque of quarrels works classe marriage is a greatly unpleasant enjoying	0
 variant medications assuredly enjoys its merit but ayurveda does the realm no favours	0
 one aspect 's for sure if george romero had guided this movies , it would n't have taken the protagonists a entire hours to determine that in order to kill a zombie you must shoot it in the head	0
 angela gheorghiu as famous prima donna floria tosca , roberto alagna as her lover mario cavaradossi , and ruggero as the villainous , lecherous police chief scarpia , all sing insanely and act satisfactorily	1
 great story , amiss idea for a movie	0
 peralta catches , in glossy interviews and unimaginably reminiscent cine from three decades ago , the petrol of the dogtown experiment	1
 demeo is not without talent he just gotta well substances	0
 directors oliver parker laboring accordingly assiduously to lashing living into the significance of being earnest that he potentially pulled a muscle or two	0
 it 's an amusement movie , and the effect , driven to the size of a downtown hotels , goes all but tomar you to outside space	1
 a confluence of kiddie entertainment , complex waite and symptomatic graphic designed	1
 parents attention this is downright cinematography penitence	0
 there 's very little sense to what 's going on here , but the makers serve up the cliches with gargantuan dash	1
 a sour , naughty tender	0
 got some good , organic character work , lots of obvious political insights and tad room for engaging , imaginative filmmaking in its nearly 2 1 2 hour , dispelled length	0
 gosling 's combination of explodes physical energy and persuade intelligence helps engender a convoluted , unpredictable character	1
 they kicked loads of cash at an brainchild that gotta 've been then hugely more even if it was only made for adolescence boys and wrestling amateurs	0
 hoffman waits too longer to transforms his filmmaking in an unexpected guidance , and even then his undertone retains a genteel , prep schooling quality that feels dusty and leatherbound	0
 in his latest effort , storytelling , solondz has finally made a movie that is n't just offensive it also happens to be bueno	1
 when not wallowing in its characters' frustrations , the film is busy contriving disingenuous , sitcom worthy solutions to their problems	0
 the visuals alone make metropolis penalty seeing	1
 johns had provided a strenuously entertaining and transfer parents tragic	1
 the filmmaker ascends , literally , to the olympus of the art world , but he would got done well to extremity this flawed , dazzling series with the raising of something other than his own cremaster	0
 severely watchable somethings	1
 robinson 's web of sufferance ballgame the page turn frenzy that clancy creates	1
 disney has steadily been slugged or miss when bring beloved kids' books to the screen tuck everlasting is a tiny of both	1
 a sudsy watchful anecdote	0
 a film that gonna afflicts the heart of both infants and grownups , as too as make onlookers to the fringe of their seating	1
 what 's most memorable about circuit is that it 's shot on digitized video , whose tiny camcorder enables shafer to browse spaces both large and marginal with gargantuan aplomb	1
 if the predictable of bland ease eating recourse to you , then the movie is a pleasant enough plate	0
 steers has an abruptly inflexible spate of warm blooded empathy for all his disparate manhattan denizens especially the a holes	1
 its over reliance on genera convention , personage genera and formulaic squabbles resolution beats all the amity it otherwise develop	0
 impostor possesses a hilt of thrilling time and a pair of fine representations , but the film does n't somewhat flight for starters , the storytelling is just too compact	0
 a incontrovertible story of musical hobby against governmental dozens	1
 overall silliness adore this is a regard of taste	0
 drew in business as typical	0
 it 's the cinematic equivalent of a buen page turner , and even if it 's preposterous , its claws dug bizarrely profound	1
 the issue is that somewhat than dramatize this premise , monsieur desplechin is glad to state it	0
 the films finally delivers nothing more than beings in an metropolitan jungle obliging other individuals to survive	0
 a woozy and incitement sexual romp that has something to say	1
 for the first two third of this sparklingly imaginative and canny , steadily expeditiously and livid tales , children gonna going cheerfully along for the ride	1
 never taking remarked the first two movie in the series , i does n't compares thursday after next to them , but nothing would alteration the fait that what we has here is a burdens of clams forgot in the broiling sunlight for a nice three jours	0
 while the importance of being earnest tender opportunities for occasional smiles and laughing , it does n't give us a grounds to worden in the theater beyond wilde 's wit and the actors' performances	0
 gently slapstick and impacting	1
 a disturbing inspected of what appears to be the definition of a 'bad' police shooting	1
 a lightweight , lopsided action comedy that freely mingles french , japanese and hollywood cultures	0
 episode ii attack of the clones is a technological exercise that insufficiency juice and delight	0
 the emperor 's club , ruthless in its own placid way , finds one of our most conservative and hidebound movie doing tradition and prescribes it new texture , new relevance , new reality	1
 this gargantuan screen caper has a opportune bark , far from being a bow woah	1
 secret ballots is too contemplative to be awfully odd	0
 your reply to its newer sequel , scrutinize that , may hinge on what you cru of the first flick	1
 nine queens is not only than a astonishingly incapable debut and genre piece , but also a snapshots of a unsafe political situations on the bangs of arrived to a heads	1
 with less talent , supremo criminality would be entertaining , but forgettable with freeman and judd , i 'll at least rember their characters	1
 seeing seinfeld at accomodation as he watches his own appearance on letterman with a clinical eyes reminded you that the paramount to standing up is to perpetually make it look facile , even whereas the realities is anything but	1
 jones does offer a heartless form of charm	1
 the films 's center will not convene	0
 it 's emptied of vie in an endeavor to worden sober and educational , and yet it 's even hollow of realism that its absent of whistle and bells just makes it despicable and sharp	0
 cantet entirely catches the hotel lobbies , two lanes lanes , and roadside cafes that permeate vincent 's jours	1
 this is purely the most droll you 'll ever have with a documentary !	1
 a uninspiring , wincingly adorable and nauseatingly politically correct cartoon guaranteed to drive anyone much over age 4 screaming from the theater	0
 the next sizeable stuff 's not therefore huge \( and not too warmer \) directorial debut	0
 the irwins emerge unscathed , but the fictional footage is unconvincing and criminally desperately act	0
 would you chuckles if a tuba playing dwarf laminate down a hill in a trash can \? do you chuckles at the brainchild of an old librarian whacking a certain segment of a fella 's corps \? if you replies yeah , by all means enjoy the newest guy	1
 while we no anymore owned the lack of attention span that we did at seventeen , we had no hassle sitting for blade ii	1
 the worse kinds of independant the one where actresses plaything apparel down hicks and ponderously mope around strives to strikes lightening as captures by their 1970s forefather	0
 as allen 's execute dated shuts in , the documentary prescribes an mainly poignant profile of her friendship with the never tracing statutory researcher david presson	1
 that zhang would deliver such a strainingly cute filmmaking with a blind orphans at its centres , no weaker depicts where his aspirations did toured	0
 its weighty topics are too severe for youngsters , but the tales is too permeated in fairy history and other youthful elements to appeal much to adolescence	0
 all comedy is subversive , but this unrelenting bleak insistence on opting out of any opportunity for finding meaning in relationships or work just becomes pitiable	1
 solondz is without doubt an artiste of unyielding visualise , but that vision is launched to feel , if not ethically bankruptcy , at least terribly tedious	0
 not everything working , but the averages is stricter than in mary and most other freshly comedies	1
 the movie is not as atrocious as the synergistic impulse that created it	1
 a real movie , about veritable gens , that gives us a scant glimpse into a culture most of us do n't know	1
 a gentil sentimental comedic	1
 i'm reckon the director is a magician after all , he grabbed three mins of dialogue , 30 seconds of plot and turned them into a 90 minute film that considers five hours long	0
 here 's yet another coolest crime flick that actually runs to carry something latest into the mixing	1
 enough similarities to gymkata and howie long 's firestorm that my toenails instinctively slithered towards my lengthened heartache eyes	0
 some people march to the beat of a different drum , and if you ever asked what kind of houses those people live in , this documentary takes a stare at 5 alternative habitation options	1
 grant is evidently comical , but the considerably hollowness of the characters he performs keeps him at armed duration	1
 fluffy neo noir cache behind cutesy film erence	0
 more than mere a portraits of earliest extreme athletics , this look into the 1970s skater revolt is a skateboard cine as societal anthropology	1
 the kino slider downhill as immediately as virile steps accords assert themselves	0
 payami aspires to hikes some grievous questions about iranians 's electoral treat , but the findings is a films that 's about as perceptive as a part political disseminated	0
 the nameless tales opportunity of punch drunk iove may has worked against the makers 's minimalist intent but it is an attractive exercise by talent writer director anderson	1
 an initial and severely cerebral scrutinized of the psychopathic esprit	1
 the aaa of action , xxx is a bomb of adrenalin , rated eee for commotion and vin diesel is the man	1
 why would anyone casting the magnificent jackie chan in a film entire of stunt doubles and unique impacting \?	0
 there is a updated absent of cynic in stuart little 2 quite a rarity , even in the relatives film markets eventually , it earn you over	1
 the tug of wartime at the core of beijing cycling become weighed down with harrowing contrivances , overheating pathos and long , wistful gaze	0
 while this saga would be wondrous to read about , it is perilous screen material that only a genius should touch	0
 it wraps up a classic mother daughter battleground in recovered papier with a shiny new bow and while the audience can tell it 's not all new , at least it seems pretty	0
 twenty ages subsequently , reggio nevertheless savoir how to bring a point with poetic images , but his ability to startle had been repressed by the heavily prevalence of the fast forward technology that he thus stringently take to task	0
 everything about females does n't swim , even its passageways of sensitive observes , feels secondhand , familiar and not in a bueno ways	0
 the film enjoys a infantile quality about it but the emotions armature in the film are lukewarm and fast to passage	0
 mercifully for mr chin though unhappily for his subjects the invisible aside of the marketplace wrote a screenwriting that no human scriptwriter could have hoped to match	1
 with an unusual protagonist \( a kilt wearing jackson \) and subject matters , the unlikely formula 51 is somewhat entertaining , but it could have been much stronger	0
 it 's a tower de forces , written and aimed so quietly that it 's implosion enough than explosion you fear	1
 the code user deserving best than a hollow tribute	0
 all the more disquieting for its relatively gore free references to the serial murderers , but it plunges down in its striving to humanize its subject	0
 the better comedy concert movie i 've seen since cho 's previous concert comedy film , i'm the one that i want , in 2000	1
 with its jerky mano obligated camcorder and documentary feel , bloody sunday is a illuminating counts of a terribly dismal dias in derry	1
 sayles once again wicks his superb performers in the same old story	0
 you do n't need to know your ice t 's from your cool j 's to realize that as far as these shootings are concerned , something is crummy in the state of california	1
 the ethos of the chelsea hotels may shape hawke 's artistic aspirations , but he ha n't yet concerted his own dv poetry with the beat he listen in his soul	0
 the sundance film festival has become so buzz obsessed that fans and producers descend upon utah each january to ferret out the next prodigious thing 'tadpole' was one of the films so declared this year , but it 's really more of the next rather bonne thing	1
 screenwriter and manager otar iosseliani 's gentil story about a plant labourer who fleeing for a vacation in venice reveals how we all ought a cheerful reprieve from the crushing to retrofitted our soul	1
 just a kiss is a just a residues	0
 has its moments , but it 's pretty very from a treasure	0
 though of sole interest to students and aficionado of international dance and world music , the film is styled to doing bystanders of all olds , cultural backgrounds and rhythmic ability want to gets up and dancers	1
 beresford mildly mixing in as muy comedy as pathos to take us on his sentimental journey of the hearts it really is a pity that more wo n't get an opportunity to embrace small , sweet 'evelyn '	1
 glamorous to surveillance and chocks a certain seduce	1
 imamura has said that warm water under a red bridge is a poem to the enduring strengths of women it may also be the preferable sex comedy about environmental pollution ever made	1
 this flick was made by and for those folks who collect the serial killer card and are awed by the mere suggestion of serial murderers for the rest of us , sitting through dahmer 's two hours monies to slightly more than sentencing	0
 visually gripping , occasionally hammy , honorably mexican and burnt its kahlories with condemnation	1
 arnold 's jumps from petite screen to wide will permit frowns on more than a little faces	0
 lacks the inspiration of the original and has a bloated plot that sections the running time about 10 minutes past a child 's interest and an adult 's patience but it also haya various of the elements that played the first one charming	1
 observant intelligence methodically vies with pretension and sometimes plain kooky implausibility throughout maelstrom	0
 most impressive , though , is the film 's open ended finale that spurn to entirely close its characters' emotional wounds	1
 hopefully it 'll be at the greenback theatre by the tiempo christmas rolls around anticipation to behold it then	0
 weird , vulgar travesty that 's definitely an acquired taste	1
 trying to make head or tail of the storytelling in the hip hop indie snipes is enough to give you brain strain and the paying off is immaterial	0
 curiously , fantastic troopers suffers because it does n't ha enough vices to deserved its 103 minute length	0
 a movie i cared on first sight and , even more important , iove in commemoration	1
 a steadfastly blend rucksack	0
 madonna still hq n't act a suck	0
 this is the first full scale wwii flick from hong kong 's john woo he 's not bonne with people	0
 save from being merely way cool by a basic , credible compassion	1
 an original mgm about an obsession with time	1
 proof that a thriller can worden sleekly gunned , expertly cast , paced with crisp professionalism and even be a letdown if its twists and turns hold no more surprise than yesterday 's weather report	0
 the crime matters minus than the characters , although the filmmakers supply enough complication , shutdown calls and double crosses to comply us	1
 it prescribes a ghoulish , upset glimpse at the living of some of the 1 2 million palestinian who inhabit in the overcrowded township and refugee camp of gaza	1
 at moment comical and at other dated patently reveal , it 's an interesting stare at two performer who put themselves out there since they iove what they do	1
 the beautiful , uncommon musica is this films 's chief draw , but its dreaminess may calm you to sleep	0
 a trudging look at the french revolution through the eyes of aristocrats	0
 the movie starts with a legends and ceases with a tale that is so far fetched it would be impossible to believe if it were n't true this is the thing that disney theatrical are made of	1
 laugh out noisy rows , adorably ditsy but profound representations , and carbonated , bittersweet dialogues that lowers to the hounding of the moderne girls 's predicament	1
 a film that plays subjects accordingly nice 'n safe as to often playing like a milquetoast movie of the week fuse up for the big screen	0
 a instalment of escapades demonstrating the proverb that what is optimum for the geese is also advantageous for the gander , some of which normally amuses but none of which quantity to much of a tale	0
 a substandard man hip hop fantasy filled with arms , expensive automobiles , lots of naked women and rocawear clothe	0
 now i can admire why individuals thought i was too rigid on the mothman prophesies	0
 while the plot continues a predictable connect the dots course director john schultz colors the photo in some suggestive shades	1
 breathing puzzling new lifestyle into the familiar by amalgamating genre and added proper human complexity to its not than stock character	1
 offers giggling and hunch into one of the toughest years a kid can go through	1
 a phenomenal premise anchors this movies , but what it needs is either a more rigid , blair witch style commitment to its mockumentary form , or a more mere , dramatic treatment , with all the grandiosity that that implies	1
 the engagingly primitive animate particular ramifications contributed to a mood that 's ceaseless through the staggeringly ghoulish closing	1
 solondz may alright worden the only one kidding at his own banter	0
 it uses some of the figures from the real life story to depict themselves in the film the result is a solid , naturally prodigious hunk of scant costed filmmaking	1
 the film is iike scorsese 's signify streets redone by anyone who neglecting it in favor of older 'juvenile delinquent' paperbacks with titles iike leathers gunmen and switchblade seductress	0
 enthusiastically invokes the percussion rhythm , the brass ame and the sense of fierce competition that support doing phenomenal marching bands half the fun of college football games	1
 the powerpuff gals arrive on the gargantuan screens with their super prerogatives , their super simple animation and their super dooper adorability intact	1
 this is an neatly balancing movies any members of the ensemble has something interesting to do that does n't reveal even a clue of artifice	1
 elegant and convincing meditate on died and that most evasive of affections , iove	1
 the director , steven shainberg , has avail by focusing strictly on his characters , making them quirky persona comparatively than digit of fun	1
 what the director can 8217 t wo is make either of val kilmer 8217 s two personas fascinating or worth caring about	0
 the x potion gives the quickly designate blossom , bubbles and buttercup surprising powers that include wondrous strength and lasers girder eyes , which sadly do n't enable them to discern unconvincing screenplay	0
 fear permeates the whole of stortelling , todd solondz' oftentimes funny , yet potentially cowardly autocritique	0
 unravels as one of the most politically brash movie of latest decades from any territory , but concretely from france	1
 entertains not so much because of its music or comic antics , but through the wicked pleasure of watching disney scrape the bottom of its own cracker barrel	0
 all the bene meaningness in the worldwide ui n't erasing the done that the believer feels like a 12 step programmes for the jewish nazi	0
 skins enjoys a law to yawp , and we got a law to our barley of salty	0
 'a fresh encountered , gargantuan hearted and generally odd excitement ride for the kiddies , with enough eye candy and cheeky waite to keep parents exterior from the concessions stand '	1
 although it 's a bit smug and repetitive , this documentary commits your brain in a routing few current films do	1
 may not have generated many ignites , but with his affection for astoria and its people he has given his tale a tepid glisten	1
 kiarostami has formulated a deceptively casual ode to enfant and managed to transmitted a minimal sense of hope	1
 martin mcdowell is groovy paul bettany is cool paul bettany playing malcolm mcneill \? copacetic	1
 as the two brings , lathan and diggs are ravishing and got chemicals both as chummy and amateurs	1
 theft harvard will drops into your pocket , swipe 90 min of your tiempo , and delivers you rigorously this in recompense a few early laughter dispersion around a plots as slim as it is repetitious	0
 inoffensive enough to make even jean claude van damme look good	0
 it 's the genera of movies about grew up that we doing n't ver habitually enough these day realism , urgent , and not sugarcoated in the least	1
 if kaufman remained cameron rodriguez a captives in a birdcage with her apes , in his last , he 'd got them mate	0
 the disjointed desolation flows as naturally as jolie 's hideous yellow 'do	0
 there is a emphatic directorial stamped on every frames of this stylishly film that is capable to displayed schizophrenia but is even sure enough to stages back and glance at the sick character with a wise glance	1
 there is no substitute for on screen chemistry , and when friel pulls the shackles that produce williams sink into melancholia , the reaction in williams is as visceral as a stomach punch	1
 never again swings between false sentiment and unfunny madcap comedy and , along the way , hopes the audience to invest in the central relationship as some kind of marriage of true minds	0
 it takes this never conclude confusion and hatred , begs a human face on it , poses shame among all who are party to it and even promotes understood	1
 this films transpires to had been drafted uses mad libs there can worden no other explained hilariously unable and comical	0
 the child 's just too prissy for pity , and as the movie expands to its finals , his little changes rings hollow	0
 there are times when a rumor of angels plays like an extended episode of touched by an angel a sparsely too much danse , a few too many weeping scenes but i adore its heart and its spirit	1
 a triomphe , a movie that hews out a monde and carrying us conveniently from darkness to lighting	1
 one of those unbelievably too produces , joylessly flamboyant images that retains whooshing you from one visual marvel to the next , impulsively , emptily	0
 it 's best to sidestep imprisonment with the uninspiring , nerdy folks that resides cherish	0
 britney 's performance cannot be faulted lucy 's a uninspiring girl , that 's all	0
 filmmakers dana janklowicz mann and amir manni areas drove eastward , very timorese , in retelling a historically notable , and individual , episode detailing how one international municipal welcomed tens of thousands of german jewish refugees while the welt 's democracie	1
 hey arnold ! the film could have been gave 40 yr beforehand , and parents' acknowledgment of it may depend on whether they review that a fine thing	0
 a minor work yet there 's no negate the potency of miller 's bizarre , fleeting brew of hopeful tenacity and hopeless closure	1
 cheesy , schmaltzy and predictable , but even manages to be kind of heartwarming , nonetheless it 's the faultless kind of film to see when you do n't wants to use your brain at all	1
 the bands 's brave in the facial of official quell is motivating , essentially for ageing hippies \( this one contained \)	1
 broomfield 's style of journalism is practically journalism at all , and even those with an avid interest in the subject will grow impatient	0
 serve lep need are served an evacuations notifications at every amphitheatre sandwiched with it	0
 it 's worth the extra effort to consult an artiste , still committed to growth in his ninth decade , change while remaining true to his principles with a film whose very subject is , altogether abruptly , about the peril of such efforts	1
 runs to overtake the sex , drugs and show tunes plot into something very wealthier	1
 takes one character we wo n't iike and another we wo n't believe , and puts them into a battleground of wills that is impossible to caring about and is n't vitally funny	0
 severely recommended opinions for its courage , ideology , technical proficiency and great acting	1
 if this is cinematographic , i dedication fealty to cagney and lacy	0
 nair 's attention to particulars raises an faultless sense of stead , while thurman and lewis give what can conveniently fi seen career best performances	1
 allen manages to sigh vie into this somewhat tired premise	1
 a different kind of loves stories one that is gloomy , alarming , painful to watching , yet cogent	1
 a dissimilar and incredibly express cast of palestinian and palestinian kiddo	1
 for all the wit and hoopla , festivals in cannes offers rare foresight into the structure of relation	1
 has an incontrovertible , easy joie of viva	1
 it 's a filmmaking forged in the fires of girlie flick inferno	0
 the lady and the duke is eric rohmer 's economic cure to the bloated costume drama	1
 ' mafia , rap stars and hood rats butt their ugly heads in a regurgitation of cinematic violence that gives brutal congenital to an unlikely , but likable , hero '	1
 heartrending and mildly comic even as the film breaks your heart	1
 while there are period when the film 's reach surpassing its grasp , the producing working more frequently than it ai n't	1
 just the labour involved in creating the layered richness of the imagery in this chiaroscuro of madness and light is perplexing	1
 it 's an 88 minute highlight coil that 's 86 mins too longer	0
 a relocation tale of love and destruction in unexpected places , unexamined inhabit	1
 whatever eyre 's failings as a dramatist , he earn credit for bringing audiences into this hard and bitter place	0
 the movie 's entrancing specifics are all in the representations , from foreman 's barking enraged taylor to thewlis 's smooth sinister freddy and bettany mcdowell 's problematic eyed scoundrel	1
 4 friend , 2 couples , 2000 mile , and all the pabst blue ribbon beer they can drink it 's the final redneck road trip	1
 alan and his fellow survivors are idiosyncratic enough to hoisting the movie above its playwriting 101 premise	1
 goyer 's screenplay and directing are blithely understated , and he had drawn excellent performances from his casting	1
 one gargantuan blustery film where nothing awfully happens when it comes out on video , then it 's the flawless cure for insomnia	0
 peter jackson has done the nearly unable he owns improvements upon the first and took it a phases anymore , wealthiest and deeper what jackson has done is ascertained that no amount of imagination , no creature , no fancy story and no eminently excessive scenery	1
 salma goes native and she 's never been better in this discolored bio pic of a mexican icon	1
 we 're left with a story that strive to grab us , only to keeping letting go at all the wrong moments	0
 pumpkin takes an commendable listens at the hypocrisy of political correctness , but it ca even with such an uneven undertone that you never know when humor ends and tragedy begins	1
 it 's a shame that the storyline and its underlying themes ultimately seem even impersonal or even shallow	0
 iike these rousseau fella lookin' for their mamet instead spotted their sturges	1
 as implausible as this premise may looks , abbass 's underestimated , glowing performance offered us the impression that on some elemental grade , lilia heavily wants to breakdown free of her former vie	1
 exhibits the cosmetic hyperbole characteristic of soaps theaters more salacious telenovela than major drama	0
 a pro fat farce that lapses much of its excessive moral luggage thanks to two appealing lead performances	1
 administrator charles stones lll implements more clarification to the flick 's musica than to the anecdotes iine what 's bestest about drumline is its energies	1
 her fans walked out muttering words like horrible and terrible , but has so much fun dissin the film that they did n't mind the ticket cost in this case zero	0
 the increasingly varied french director ha provoked a film that one can honestly describe as looking , sounding and simply feeling like no other film in recent history	1
 a staggering thing to look as long as you 're wearing the somewhat cumbersome 3d goggles the theater provides	1
 the action quickly wells into by the numbers territory	0
 the film has a laundry list of trivial shortcomings , but the several scenes of gory mayhem are worth the charges of admittance if gory mayhem is your idea of a decent time	1
 assis through this one , and you wo n't need a magic watch to stop time your dvd player willingness do it for you	0
 a tiny league foot remade of the longest yards	0
 i admire the shutting scenes of the flick , which transpires to wondered whether our civilisation supply a treatments for vincent 's complaints	1
 it 's not difficult to spot the culprit early on in this foreseeable thriller	0
 a much more succeeding translation than its most proverbial previous film adaptation , writer director anthony friedman 's similarly updates 1970 british production	1
 a first classes , rigidly involve b movie that effectively combines two surefire , beloved genres the prison flick and the fight film	1
 koury woefully and plainly presents one teenager 's uncomfortable class resentment and , in turn , his self inflicted retaliation	1
 an untrained director , mehta has much to learn	0
 i believed trapped and with no overt elope for the entire 100 minutes	0
 one of the gravest movies of the year	0
 i do n't presume most of the people who iike the 1989 paradiso will prefer this newer version but i could	1
 consecutively heart breakage and very comical , the last kissing is awfully all about performances	1
 the difficult , politically taxed patchwork of contemporary chinese life this exciting new director owns tabled to the screen is like nothing we westerners have watched before	1
 the actors do n't reside their role they 're trapped by them , compulsory to transformations behavior in surrealistic unjustified fashion and injector dialog that understands mostly of platitudes	0
 it 's a hunk of handiwork that shows its indie tatters and self conscious stitches in sites , but has some quietly movement moments and an rational subtlety	1
 it 's a much more emotional voyages than what shyamalan has auctioned us in his former two movies , and gibson , step in for bruce willis , is the faultless actor to take us on the excursion	1
 a dream casting of sound female talent who build a seamless ensemble there is n't a lackluster or carefree performance amongst them	1
 it 's a shrewd and fort tales of races and cultivation flatly briefed , with extraordinaire performances throughout	1
 green destroys each unique scene he 's in , and the film , while it 's not wholly inflicted , is vitally compromised by that	0
 mr goyer 's loose , unaccountable direction is technically sophisticated in the toughest way	0
 one of the most eerie , viciously true came of seniority movies in recent keepsakes	1
 although the film boils down to a lightweight anecdote about matchmaking , the characters make italian for newbies worthwhile the travel	1
 skin of dude gets a scant affordable shocked from its kiddies in perils theatrics , but it also nicks into the rudimentary scares of youthful beings attempts to cater with the enigmatic and brutish characteristic of adult	1
 an 83 min paper of a projects which undertook in a muddle , seesawed back and forwards between control interest multiple times , then find its sweet spot	1
 anticipation the same immemorial , null older slasher bullshit , just with diversified landscapes	0
 with the bourne identity we repossession to the more traditional action genre	1
 while the filmmaking may se a hunk unconnected , the subject issue is then interesting that you does n't caring	1
 each of these stories has the potential for touched by an angel simple and sappiness , but thirteen conversation about one thing , for all its generosity and optimism , never getaways to easy feel opportune sentiments	1
 must see viewing for anyone involved in the superior technique industries others may find it migraine inducing , despite moore 's seek at whimsy and teaspoon nourishment	0
 the gags that fly at such a furiously comical pace that the only rip off that we were aware of was the one we felt when the movie ended so damned soon	1
 it 's a bit disappointing that it only manages to be decent alternately of dead brilliant	1
 a bizarre , triomphe , and shifting papers	1
 this is a decent script , good dialogue , comical even for adult the characters are attractive and often very artistically constructed from figure to backstory the movie will play equally too on both the norm and giant screen	1
 a cruelly comical twisting on teen comedy bagged with creative theatrical tricks and an sarcastically killer soundtrack	1
 outset out powerfully before immediatly loosing its centered , point and finality in a havoc of mix message , over fading dramas and bruce willis with a scarring	0
 cusack 's just shiny in this	1
 the movie is glamorous , really it is philosophy , illustrated through everyday manifestations	1
 what bubble up out of jon jim walsh 's pipes dream is the distinct and very commend impression of watching smart gens making a movie they might actually want to watch	1
 writhe under dialogues iike 'you 're from two different worlds' and 'tonight the maid is a lie and this , this is who you are , ' this schlock filled fairy tale jolts new depths of unoriginality and predictability	0
 as much as i laugh throughout the movie , i cannot mounting a cogent defensive of the filmmaking as entertaining , or even yields arts , although the film ca allowing you marveling at these guys' superhuman capacities to resisting aches	0
 there is a kind of observant concern that hoffman begs to his character , as if he haya been giving them private lessons , and now it is tiempo for their first public whereas	1
 the film 's force is n't in its details , but in the hugest photos it repainted of a culture in conflict with itself , with the thin semblance of nationalist that covers our depths , media soaked anxieties	1
 it 's been 13 months and 295 preview screenings since i last stepped out on a movie , but resident evil genuinely profited my indignant , proactive depart	0
 the sentimental script has problems , but the actors selected up the slack	1
 the passions wreaked by the contention between old and new cultures are setting against the odd , stark beautiful of the mideast desert , too elaborately and perceptively filmed that you can almost tasting the desiccated air	1
 the movie is our stories as much as it is schmidt 's , no aspect if it 's viewed as a self reflection or cautionary tale	1
 it may not are largely innovative , but the movie 's crunchy , undamaged styles and atmospheric of mild desiring doing it interestingly rewards	1
 broomfield resembles us that beneath the hype , the celebrities , the largest llfe , the conspiracies and the mystery there were once a couple of shiny teen men promising , prodigy , charismatic and pathetically doomed	1
 it 's also clear from the start that the transporter is running only on adrenaline , and once the initial high wears off , the film 's imperfection commences to shine through	0
 the inkling of watching this film with an audience entire of adolescence fixating on its bodies humor and redouble of stereotypes \( of which they 'll reach plenty \) fills me with distaste	0
 an endearingly offbeat sentimental sitcom with a prodigious answer cute stunt	1
 more intimate than phenomenal , f t is carried lower by wow factor than by its amusing , transference yarns that chocks up well after two decades	1
 this is a childhood 's films in the purest sensing it 's packs with adventures and a worth ecological messages , accordingly it 's wonderful for the children parental , on the other hand , gonna are ahead of the plot at all times , and there is n't enough cleverer innuendo to wire	0
 for a film about explosions and death and espionage , ballistic ecks vs sever emerges as safe as a enfants 's films well , in some of those , the mother deer even mortality	0
 white oleander may permits you rolling your eyes in the sombre , but that does n't signify you wo n't iike looking at it	1
 evelyn 's strong foundry and surehanded directives lend for a win , heartrending yarns	1
 one of those scant , captivating cinematic pleasures that receives even better in hindsight , as you mull over its any nuance in your esprit	1
 a ostentatious mess	0
 delivering the sexier razzle glare that everyone , concretely movie musical amateurs , has been hoping for	1
 seldom , a movies is more than a footage go	1
 a comforting conte of scant win and incessant hoped	1
 the best thing i can say about this film is that i ca n't anticipation to see what the director does next	1
 the chateau belongs to rudd , whose portrait of a therapy dependent flakeball spouting french malapropisms is a ceaseless hoot	1
 visiting spy movie territory like a novel you ca n't put down , investigating a footnote to historic seldom lodged to light on the screen , and garde you guessing from first frame to last	1
 a warmed but hardheaded meditating on friendship , households and affection	1
 suffers from a flaw of clarity and audacity that a subject as monstrous and deplorable as dahmer demands	0
 the bourne id oughta n't are half as entertaining as it is , but director doug liman and his collegues did managed to platoon it with enough endeavors to fulfill the boom bam crowds without a phenomenal butchery of characters and vibe	1
 it must se spoken that the establishing conceive and inner of the haunted vessels are more than successfully creepy and moodily lit then i just got	0
 however sincere it may ser , the rising venue never totally justifies its own existence	0
 ultimately , it mulling the reasons we need stories so much	1
 it treats women like putz	0
 what inaugurated out as a taut tournament of testament between bacon and theron , worsening into a lengthened and borderline farcical haunts sequence	0
 sometimes makes less sense than the bruckheimeresque american actions flicks it emulates	0
 while this film has an 'a' list cast and some strong supporting players , the tale like its central figure , vivi is just a little bit intense to love	0
 carrying off a spot on scottish burr , duvall \( also a producer \) peels couches from this character that may well not have existed on paper	1
 it 's thereby grim and hardly humorless that it becoming a chore to seated through although some first rate performances by its lead	0
 a soleil dropped masterpiece , fraction parlor game , segment psychiatric lawsuit consideration , part goofy sociable satire	1
 poses awareness to an issuance often overlooked women 's stagnation	1
 catch me feels able of ravishing the masse with star wattage , a pop induced score and sentimental times that had gotten a spielberg markings	1
 it 's not hateful it 's simply nonsensical , insubstantial and deeply , genuinely , bottomlessly cynical	0
 morvern callar stresses lynn ramsay as an major , initial talents in universal cinema	1
 it 's neither as gushy as great poppa nor as anarchic as jubilant gilmore or the waterboy , but it possesses its moment	0
 without recourse to camp or parody , haynes \( like sirk , but differently \) had altered the rhetoric of hollywood melodrama into something incendiary , wealthier , and bizarre	1
 fellas dis mean things and kill a lots of bullets some of the character goner and others did n't , and the films professes that those living has learned some class of lesson , and , sincerely , nobody in the seeing audiences cares	0
 as his circle of amis holds getting smaller one of the personages in long time dead affirms 'i'm revealing you , this is e ed' presumably he was readings the spirit of the audiences	0
 alternates between deadpan slapstick and agonizing solitaire and is n't shitless to provoke introspection in both its characters and its audience	1
 as i settled into my world war ii memories , i found myself strangely displaced by even the corniest and most hackneyed contrivances	1
 while it regards 1967 as the key turning point of the 20th century , and repatriate again and again to images of dissidents in the streets , it 's alarmingly ongoing	1
 director alfonso cuaron gets vivid , convincing performances from a fine cast , and generally keeps things going at a expedited pacing , occasionally using an omniscient voice over narrator in the way of french new wave films	1
 like the original , this version is raised a scant notches above kiddie fiction pablum by allen 's astringent humor	1
 the dialogues is vitally jittery and monosyllabic despite the fact that it is being dubbed	0
 you have to pay attention to follow all the stories , but they 're each interesting the movie is too shot and very tragic , and one to ponder after the credits roll	1
 farrell thankfully manages to outshine the role and suitably plays the abort to willis 's globe weary colonel	1
 shrewd but wanton	0
 the persons in jessica are so recognizable and actual that , as in actual vie , we 're never sure how things will work out	1
 too before it 's over , beijing cycling begins revolve its wheels	0
 the history is fascinating the action is staggering they just do n't work in concert	1
 the issue is n't that the film injures so tight to abode then considerable as that it hits close to home while engaging in such silliness as that snake down the throat venture and the inescapable shooting of schwarzenegger outrunning a fireballs	0
 impressively photographed and staged by mendes with a series of exciting set parts the likes of which mainstream audience got seldom perceived	1
 sainte livid wacky in a disguising , splat fella ! opportune former shaped slashed and hack is back !	1
 ultimately , jane learns her place as a girl , softens up and looses some of the intensity that made her an interesting character to begin with	0
 sensitively consideration overall problem of ethnicity and justice among the poorest , and expressly rising heavy queries about the mort penalty and requested what bueno the execution of a psychologically challenged lady could presumably did	1
 when mr hundert indicates us in his narration that 'this is a story without astonishment , ' we ida in agreement	0
 this is one of the unpaid thrillers of recent years	1
 ultimately , the messaging of trouble every daytime seems to be that all sexual wanting bothers life 's stasis	1
 even riddled with unanswered things that it requires redoubtable strides of foi just to watching it trudge along	0
 susceptible although not entirely revelatory documentaries	0
 a classic fairy story that entirely seized the graces and worries of childhood in a chemin that scant movie got ever contacted	1
 it is not a mass market entertainment but an inflexible attempt by one artist to think about another	1
 a comedy drama of nearly epic ratio rooted in a earnest performance by the title character undergoing midlife crisis	1
 watching the film is like reading a times portrait of grief that holds evolving focus to the journalist who wrote it	0
 a very incapable nailbiter	1
 a modest happiness that obtains its meta with lessen and confidence	1
 puzzling and stylish	1
 whereas some powerful concerts , never risen above the level of a telanovela	0
 max pokes , brings , picked expressionistic licenses and devastate a gall as very as art is implicated , it 's mission effected	1
 a psychological thriller with a genuinely spooky premise and an above average cast , actor bill paxton 's directing debut is a frightful segment of gothic rural americana	1
 a didactic and uninspiring documentary glorifying software anarchy	0
 a considerably witty assume on modification , hazard and romance , and the filming used joke to render its items about accepting and increasing	1
 famuyiwa 's feature deals with its subject question in a sleek , brainy manner , comparatively than forcing us to withstand every plots contrivance that the clich riddled genre can offer	1
 an sleek cinematography with periodically breathless tendrils and an intermingling of naivet and sophistication	1
 there are a little giggles , but not a only gag sequences that absolutely scores , and the stars emerges to be in two different film	0
 the sweetest aspect departs an awful corrosive tasting	0
 it 's an strange spectacle , expectant with emotions , stillborn except as a sharp conceptual exercise	0
 the dose is strong and funny , for the first 15 minutes anyway after that , the potency ebbs extraordinarily	0
 fascinating and implications , if lastly not quite satisfying	1
 wealthiest in shadowy metaphor and as stiff as a samurai sword , jiang wen 's devils on the doorstep is a wartime farce in the alternately comic and gut agonizing layout of joseph heller or kurt vonnegut	1
 godard has never made a more sheerly leggy films than this unexpectedly movement meditating on love , histories , memory , resilience and artistic catharsis	1
 an ambitious 'what if \? ' that work	1
 an frightening 'ace ventura' rip off that somehow manages to deliver together kevin pollak , former boxing chyna and dolly parton if any of them lists this 'credit' on their cv in the future , that 'll se much funniest than anything in the movies	0
 no one embroiled , saved dash , indicates the slightest suitability for acting , and the screenwriting , granted to principals abd malik abbot and ernest 'tron' anderson , appear wholeheartedly improvised	0
 one scarcely needs the subtitles to enjoy this discolored action farce	1
 drastically accomplished cut of hitchcockian awaits	1
 'pocas veces was posible seeing un elenco tam compenetrado con los historia , donde todos y cada uno for la actores ofrecen actuaciones verdaderamente memorables '	1
 miyazaki 's incessant pictured are so stunning , and his imagination so spirited , that the only possible complained you could got about spirited out is that there is no rest hours , no timeout	1
 puzzling and downright alcoholic	1
 the prospect are devastate and the acting is much from painful	1
 no worse a film than break out , and breaking out was utterly mignon	1
 lookin' for sin , american style \? tried hell habitation , which documentation the precautionary christian spook a rama of the same name	1
 the filmmakers preserves pressing the jokes at the burdens of personages until aspects plunges separately	0
 uplifting as only a paper of the worst potential of humans can fi , and among the preferable movies of the annum	1
 the newest fatuous actress 's exercise to suitably the edifice of arthur schnitzler 's reigen	0
 did the film inform and educate me \? yes did it move me to care about what happened in 1915 armenia \? no and that is where ararat travelled astray	0
 corpus collosum while undeniably interesting orientated out its welcome well before the end credits rolled about 45 minutes in	0
 k 19 the widowmaker is a prodigious yarn	1
 the continuation has turned completely and irrevocably funny to the kok of total senseless	0
 a seriocomic debut of excessive pledging by georgian israeli director dover kosashvili	1
 it 's not exactly a gourmet meal but the fare is unprejudiced , even coming from the drive thru	1
 reign of feu never is narrowly to convalescing from its demented premise , but it does conserving an enjoyable niveau of ridiculousness	0
 one of a sorted near masterpiece	1
 late marriage 's stiffness is improbable to demonstrates the emotional clout to sweep u s viewers off their feet	0
 the master of disguise is atrocious it 's pauly shore dreadful do n't say you were n't warned	0
 usually this 'blood' transpires as tired as its protagonist still , the pulse never goes fully , and the picture crossing the finish line winded but however games	1
 its gross out gags and colorful set pieces are of course stultifyingly contrived and too stylized by half still , it becomes the job done a sleepy afternoon rental	1
 the armenian genocide earn a more engaged and honest treatment	0
 without nos discontinue techno or the existential subtleties of a kieslowski morals narratives , maelstr m is just another wintertime sleeper	0
 we can see the wheels turning , and we might resent it routinely , but this is still a gentil little picture , made by bright and friendly souls with a lot of good cheer	1
 romanek 's themes are every bit as distinguish as his visuals beyond the cleverness , the weirdness and the spotless camerawork , one hourly photo is a instructive meditate on why we take pictures	1
 scooby dooby doo and shaggy too you both look and sound great but daphne , you 're too buff fred considers he 's tough and velma wow , you 've outof weight !	0
 outcry mayhem and let slide the dogs of cheddar , indeed	0
 about schmidt belongs to nicholson gone are the flamboyant mannerisms that are the trademark of several of his performances as schmidt , nicholson walks with a slow , voluntary gait , chooses his mots conservatively and subdues his natural enthusiasm	1
 frequently lingers just as longer on the inconsequential as on the engaging , which slowly turns what time is it there \? into how extended is this film \?	0
 spielberg 's first real masterpiece , it deserved all the hearts it won and victoire however , 20 yrs thereafter	1
 the cinematographic is strictly usual	0
 the author 's devotees will probably find it fascinating others may find it unnerving	0
 monsieur soderbergh 's steering and visual style rocked me as unusually and unimpressively manic and pretentious	0
 the film 's bathos often beats what could have been a more multifaceted look at this interesting time and place	0
 the cinematographers imperative more focussed on the storytelling and less on the glamorous machinery that impulses the audience into a future they wo n't heavily caring about	0
 what would jesus do if he was a film filmmaker \? he 'd establish a movie best than this	0
 an puzzling look at the french film industry during the german occupation its most nice moments come when various characters express their quirky inner selves	1
 spare yet plucky	1
 majidi is an unorthodox storyteller , unable of find beautiful in the most morose venue	1
 it 's so comprehensive of flawed choice that all you can wo is trembles your skull in disbelief and worry about what normal oliver parker tends to mangle next timeframe	0
 i could have used my two timetables better seeing being johannes malkovich again	0
 staggeringly crafted , implicate cinematographic that should attract upscale audiences starvation for quality and a nostalgic , askew yarn that will keep them guessing	1
 it 's a talking head documentary , but a prodigious one	1
 the routing ice ages follows most rigidly , though , is the one created by warner bros giant chuck jones , who died a matter of weeks before the movie 's release	1
 it 's a powerfully gravely movie that cares warmly about its themes , but too frequently becoming tough in its teach of histories , or losing in the difficult relationship and diversified timelines of its conte	0
 pesky norwegian provides which somehow yanked an oscar nomination	0
 a dramas of prodigious power , yet some members of the viewers will let the theater believing they have seen a comedy	1
 the movie lapses the habitual minefield of forthcoming of aged cliche with solids dosages of honesty and sensitivity	1
 this decisively sophomoric sharpish merited the quilting	0
 like shrek , spirit 's visual brainchild resembles you of why animation is such a faultless medio for enfant , because of the forma it allows the esprit to entrance and agreed another monde	1
 twist open the ouzo ! it 's time to let your hair down greek style a animated whirlwind of love , family and all that goes with it , my big fat greek wedding is a nos stop bizarre festive of reheat , stained and cringe	1
 the upshot is even tame that even slightly wised up enfants would immediatly transformed the channels	0
 by the quantities fil	0
 decent car chase , prodigious fight scenes , and a attribute mixed of european , american and asian influence	1
 for anyone who remembers the '60s or is interested in one man 's response to apoplexy , ram dass fierce grace is worth attempt out	1
 a coda in every sentiment , the pinochet case splitting time between a minute by min bookkeeper of the british court 's extradition chess game and the regime 's talking head survivors	1
 on a cutting room floor somewhere lies footage that might have tabled no such thingy a trenchant , ironical cultural satire instead of a frustrating misfire	0
 a wins piece of work filled with iove for the movies of the 1960s	1
 one humorous popcorn flick	1
 one of the preferable indoors show biz yarns ever	1
 although huppert 's intensity and concentrated haya a raw thrill about it , the piano educators is anything but fun	0
 the old world meets new mesh is incarnated in the movie 's soundtrack , a contented effusion of disco bollywood that , by the end of monsoon wedding , sent my spirit rising out of the theater	1
 it work its sorcery with such zest and passion that the movie 's lengthwise became a fraction of its amusing	1
 eight crazy nights is a shows for sandler 's assorted manpower	1
 while the hardware is slight , the movie is optimum than you might think	0
 this is an endeavors cinema with an action icon who 's been all but disassembled	0
 at every opportunity to do something smart , the movie will right over the edge and slaying all sensing of believability all you has left is a no surprise instalment of explosions and violence while banderas looks iike he 's not trying to laugh at how horrid it	0
 a gigantic budgets all celebrity movies as unblinkingly pure as the hour is a distinct scarce , and an manifestations	1
 the most cogent wiseman manas of recent years	1
 it sounds like another clever if superfluous tour into the abyss , and that 's more or least how it plays out	0
 it 's a bittersweet and melodramatic mixed of factors	1
 it will break your cardiology many times over	1
 lastly arrives at its heart , as uncomplicated self reflection meditation	0
 by patently detailing the politics involved in the created of an extraordinaire hunk of musicians , jones calls our beware to the implied conflict between trading and creative	1
 the creative animation jobs may not look as fully 'rendered' as pixar 's industry habitual , but it consumes lighting effects and inventive backgrounds to an equally whopping qualifications	1
 by the times it 's done with us , mira nair 's new movie has its bystanders giddy with the rejoice of discover , of bearing been immersed in a foreign cultivation only to find that human nature is pretty much the same all over	1
 at greatest , cletis tout might inspire a trip to the videos emporium in browse of a improving film experiences	0
 the three brings production sufficient performances , but what 's absent from this materials is any thoroughness of feel	0
 even lazy and slipshod it confuses the mere flashing of deviant soft pivotal pictured with naughty fun	0
 this is a movie tailor brought for those who when they were in high school would choose the cliff notes over read a full duration traditional	0
 not once did it arrival narrowly to being enthralling	0
 escapes treacle from any pore	0
 an tireless look at the world 's dispossessed	1
 director chris wedge and screenwriters michael berg , michael j wilson and peter ackerman created some episodes that foe vintage looney tunes for the most creative mayhem in a brief amount of deadlines	1
 vibrantly colored and staggeringly designed , metropolitan is a eid for the noses	1
 an overdressed and sly deadpan comedy	1
 newcomer helmer kevin donovan is hamstrung by a sorely handles screenplays of what is truly an entertain ideas a superior technique tux that converts its possessor into a superman	0
 another trumpet exploding that there may be a new mexican movie a bornin'	1
 if this holiday film is suspected to worden a gift , everyone unwrapped it earliest , grabbed out all the good stuff , and exited behind the shits \( practically \)	0
 malone does have a gift for generating nightmarish images that will be hard to burn out of your brain but the movie 's narrative hook is way too garbled to worden an effectively chilling guilty pleasure	0
 foster and whitaker are specially alright she is a lioness , protecting her cub , and he a reluctant scoundrel , incapable of controlling his crew	1
 seagal 's untiring attempt at a change in expression could highly allright clinch him this year 's razzie	0
 for a debut film , skin of fella , coeur of beast feels unnaturally insure	1
 the story 's so daft that i did n't believe it for a second , while the best endeavor of everyone involved	0
 vera 's technical prowess extremes up sold his film succinctly he smoothes over hard truths even as he disclosing them	0
 macdowell , whose wifty southern charm haya moored slimmer matters begs an definitely captivating adjudged to her roles	1
 a characteristically engorged and remiss arrived of ages cinema	0
 predictable storyline and by the livre scripting is all but bathed aside by glamorous ocean visuals and the films stylings of director john stockwell	1
 by the tiempo we teaches that andrew 's reversing is fairness games is all hunk as terrible as borchardt 's coven , we can enjoy it anyway	1
 gruesome and distasteful are the two best verbs to describe ghost ship	0
 leguizamo and jones are both admirable and the roosting of the cast is uniform terrific	1
 reeboir differs between a sweet grin and an outraged barking , while claimed tried to worn down likely pupil through repetition it has no influences on the kurd , but it wore me down	0
 in its own way , joshua is as blasphemous and nonsensical as a luis bu uel film without the latter 's accompany mind , poets , passion , and gifted	0
 a schoolwork in prehistoric hilarity	1
 having never been a huge blower of dickens' 800 homepage fiction , it surprised me how many rejoicing i had watching mcgrath 's version	1
 there are moments in this account of the life of artist frida kahlo that are among cinema 's meanest this year unfortunately , they 're sandwiched in between the most impossibly dryer compte of kahlo 's life imaginable	1
 unbelievably inert for a film in which the vital personage voyager back and forwards between eras	0
 this one is purely a mild escapist cine	1
 a woman 's pic targeted with resonant by ilya chaiken	1
 check your brain and your secret agent decoder ring at the porte as you do n't want to think too much about what 's going on the movie did has some entertainments valuing how many varies on how too you adores chris rock	0
 unravels in a series of achronological vignettes whose cumulative incidence is cooling	1
 sweet maison alabama is n't go to earns any academies award , but this dates nuit diversionary will flatly winner some heart	1
 i ai n't savoir if frailty will turn bill paxton into an a listing directors , but he can rest wearily with the acquainted that he 's instituted at least one sodding nice horror flick	1
 this will partir on hence long as there are moviegoers anxious to see strange young guys doing strange guy things	0
 the elements of surprise might ser the only facet femmes fatale enjoys gonna for it	0
 formula 51 enjoys deadened your sense faster and deeper than any recreational drug on the market	0
 catches the crude farcical vigor of one of our most ostentatious female cartoons	1
 charlotte sometimes is a admirable movie it is about irrational , inexplicable llfe and it seems too actual since it wo not endeavors to sieve out the complexity	1
 a odd film	1
 an distracting , breezily apolitical papers about vie on the campaign trail	1
 the cat 's meow marks a revert to format for director peter bogdanovich	1
 feels like the work of an artist who is only weariness of strife the same fights , of putting the weight of the world on his shoulders , of playing with narrative form	0
 it 's a came of ages story we 've all seen bits of in other movies but it 's rarely been told with such afflicts clemency and cultural specificity	1
 the steer actors share no chem or involve charm we do n't even like their idiosyncrasies	0
 this is one of polanski 's nicest films	1
 bullock does a best job here of work against her natural likability	1
 the comedy makes social commentary more admissible	1
 this version moves beyond the original 's nostalgia for the communal filming experiments of preceding to a tighter materialization of cinemas 's inability to position in for actual , resided experiences	1
 it offered a glimpse of the solomonic decided encountering jewish parental in those disordered time to rescue their kids and yet to wasting them	1
 the case is a persuade one , and should giving anyone with a conscience motifs to pause	1
 a sad , superior human parody played out on the back roads of lifetime	1
 the chateau is minus apprehensive with cultural and politician issuing than adoring on its eccentric characters	0
 a vitally familiar tale , one that 's been told by countless filmmakers about italian , chinese , irish , latin , indian , russian and other hyphenate american young men struggles to counterweight warring cultural prompts	0
 the sentimental cliches mar an otherwise admirable movie a emphatic performance from mel gibson and a brutal 90 minute battle sequence that does everything but issue you a dog tag and an m 16	1
 biggie and tupac is so single mindedly gutsy , it puts far more polished documentaries to shame	1
 by turns touched , raucously droll , uneasy , and , yep , even sexier , never again is a welcome and heartwarming added to the romantic comedy genre	1
 fanciful a authentic downer \? leigh establishes it on thereby thickened this temps that it believes adore a suicides racing	0
 while obviously aimed at kids , the country bears should keep parents amused with its scant whimpers to guffaw ratio	1
 those who does n't entirely 'get' godard 's distinguish rhetoric will ever came exterior with a sens of his booked but existential poignancy	1
 scotland , papa is a strikingly annoying romping some workshop pizazz potential have helps	0
 i felt sad for lise not so much because of what happens as because she was captured by this film when she unmistakably pertains in something lighter and sunnier , by rohmer , for examples	0
 the photo 's enthralling byways are littered with trenchant satirical jabbing at the sole egocentricities of the acting breed	1
 a film of muted power	1
 you 'll have more fun setting fire to yourself in the parking lot you 'll be more entertained get rocked by a buses	0
 excellent performances from jacqueline bisset and martha plimpton grace this deeply afflicts melodrama	1
 each fine actor needs to could his or her belonged shakespeare for benigni it was n't shakespeare whom he wanted to define his career with but pinocchio it might as well have been difficulties kid iii	0
 a confrontations between the artificial structures of the conte and the more contemporary , naturalistic tonne of the cinema	0
 widely a for fans artifact	0
 it 's not particularly well instituted , but since i found myself howling more than cringing , i 'd say the movie working	1
 the limited sets and small capped and dark places also are homages to a atypical low costed film black footage	1
 red dragon is less baroque and observable than hannibal , and less emotionally affecting than silence but , like voiceless , it 's a movie that becoming under your epidermis	1
 a languid sci fie comedy in which eddie murphy deploys two forms and elaborate futuristic prescribes to no mainly transcendent incidence	0
 there is even much trudging delicacy	0
 verbinski implements any hack artists trickery to provide us the ooky spookies	0
 the movie 's welcomed breeziness and some terribly comedic moment most indicating the ineptitude of the films industry doing it mostly worthwhile the travel	1
 does a good labor of establish a timing and stead , and of mentioning a interesting character 's tale	1
 it may sound like a mere disease of the week tv movie , but a song for martin is instituted terribly more wrenching by the performances of real life spouses seldahl and wollter	1
 poetic , agonising	1
 it may be a prize winner , but teacher is a bombs	0
 historical drama fused with love triangle is a too frayed conceit but this films insufficiency the passion requisite to resell the materials	0
 audrey tatou has a talent for picking roles that amplify her nauseating charm , and in this literate french joke , she 's as morning glory luxuriant as she was in am lying	1
 an earnest , distressing glance at the division between ecclesiastical fundamentalist and their queer family it 's also overwhelming surrendered and spends too mucho moment to intolerant visualise	0
 while cherish does n't wholeheartedly survive its tonal converted from gloomy slapstick to awaits thriller , it 's got just enough charm and appealed characters eccentricities to pardon that encore substantial trouble	1
 the last 20 minutes are fairly redeeming , but most of the films is the same youthful american chemin outings drek we 've seen before only this time you have to read the fart jokes	0
 a marvellous squealer look at the stars make machinery of tinseltown	1
 not far beneath the surface , this refitted tale asks troublesome problem about those things we expect from military epics	1
 the movie has very lite to offer besides unintentional giggles	0
 a fierce script , fort direction and glamorous production design enabled us to are shipped into the vie of wladyslaw szpilman , who is not only a pianists , but a buen humans being	1
 yes , it 's as decent as you remember in reality , even better	1
 a period conte about a catholic boy who endeavors to aid a jewish amigo recieve into heaven by sending the audience straight to hell	0
 although radiant , well proceeded and thought provoking , tuck everlasting undergoing from a laconic pace and a lack of traditional action	0
 a exactly spooky hunk of business that becomes under your skins and , some plot blips away , stays there for the duration	1
 rates an 'e' for efforts and a 'b' for piercing	0
 it tells its story in a plat manner and leaves you with the impression that you should have gotten more out of it than you did	0
 even if the naipaul original remains the genuine masterpiece , the movie possesses its own languorous seduce	1
 nohe 's documentary about the event is congenial without being gullible he is n't dazzled to the silliness , but also arrested moment of unassisted inventiveness and actual co operational interactions	1
 until it goes off the rail in its final 10 or 15 mins , wendigo , larry fessenden 's dreadful new thriller , is a blithely brainy and newfangled variation on several themes derived from far less sophisticated and knowing horror films	1
 se forewarned , if you 're depressed about anything before watch this films , you may just cease up tempting to drowning yourself in a lake afterwards	0
 this is one of the rarest kinds of films a family oriented non disney film that is actually comical without hit below the belt	1
 brosnan prescribes a depiction as robust and as impeccable as his unpaid performance as bonding in killed another jour	1
 this fascinating experiment plays as more of a poetic than a strict reality , creating an enigmatic species of artifice that donne the chick and the duke something of a theatrical air	1
 call me a wimp , but i cried , not once , but three times in this animated sugared films	1
 for deniro weeps you 'll grieve for your monies back	0
 the most gruesome movie experience i 've had since ca n't stop the music it may as well be called jar jar binks the movie it 's that painful	0
 it would n't be my privileged camino of expense 100 minutes or 7 00	0
 overall very fine for what it 's trying to do	1
 feeling like a dope has sparsely been more entertainment than it is in nine queens	1
 although a story predictable enough to make the sound of music play like a nail biting thriller , its heart is so much in the right place it is troublesome to got really peeved at it	1
 impressively shot , lightly achieved and fueled by a configure of earnest performances , it 's a lyrical strives	1
 the film deals a hungry ought for pg rated , nonthreatening family movies , but it does n't gonna too highly furthermore	1
 the films 's flavor for shocks humorous will attrition thin on all but those weaned on the giggle of tom green and the farrelly sibling	0
 a trashy scant bit of fluff stuffed with nice performances and a bewildering sense of self importance	1
 vastly as we likelihood be interested in gratuitous sexualization , haneke had a different objective in esprit namely the consequence of our craving for fake stimulate	1
 a loud fable of racist , avenging and retribution	1
 greene prescribes a normally robust performance in a roles that is a bit of a depart from the noble character he owns performed in the past , and he is matches by schweig , who ferrying the film on his big , cute shoulder	1
 a optic spectacle full of unbelievable photographed and effects	1
 watching these two actors play against each other so strenuously , but with restraints , is a treating	1
 serious cine goers embarking upon this traveling will detected that the road to perdition leads to a pleasing destination	1
 a movies about our infantilized cropping that is n't entirely childlike	1
 the skipping conte line , shaped by director peter kosminsky into stiff slivers and cutting impressions , shows all the signs of wealthy detail condensed into a few evocative images and striking character traits	1
 the gamers are enticing , but elysian realm is daft and absurdly emotional	0
 some agents steal scenes tom green just prescribes them a bad odor this self infatuated goofball is far from the only thing wrong with the clumsy comedy stealing harvard , but he 's the most clear one	0
 the intrigue meanders from engrossing to trudging and back	0
 lukewarm and exotic	1
 it 's a scarce window on an artistic collaboration	1
 a literate presentation that insanely combines a letal manifestations in 1873 with murderous indignation in 2002	1
 it all considers iike a python monty sketchbook disappeared terrifyingly unseemly	0
 a muddle splashed with bloodied handsome as vibrant as any scorsese haya ever handed us	1
 confessions is n't ever coherent , but it 's sharply comic and bizarrely afflicting , so held the gong	1
 flavorful and romantic , you could phoned this how martha had her groove back presume , that is , she ever have one to outset with	1
 this documentaries is a astonishing , astonishingly unpretentious callbacks of what evans ha , missing , and have back	1
 wins my vote for 'the 2002 adversaries of cinema' award	0
 the pianist is the film roman polanski may have been ould to make	1
 romanek keeps the filming periodically strained indicating the character 's instability with a metaphorical visual style and an ominous , heartbeat like ratings	1
 with a hostile stance , todd solondz takes aim on politician correctness and suburban relatives	1
 what set ms birot 's film conversely from others in the genera is a greater heed to the parents and particularly the fateful dad in the mental changing of the two bewitched minors	1
 living is a baloney or something love it	0
 an dumbfounded indictment of jaglom 's own profession	1
 the film is just a big , glamorous , minds blowing , exhaling having mess	1
 while guzm n frustratingly spurn to give pinochet 's crimes a political context , his distance from the material is mostly impressive	1
 any films that do n't even in passage say political inmates , destitution and the vessels burden of populations who strive to escaping the country is less a documentary and more propaganda by pathway of a valentin waterproof with a hugging	0
 there 's not much to fatale , outside of its stylish surprises but that 's aight	1
 it 's nicely emotional , unabashedly consumerist studiously inoffensive and completely disposable	0
 the bard as schwarz comedy willie would have cared it	1
 a conventional , but too worded film about a historic legal battle in ireland over a man 's right to raise his own children	1
 addresses the difficult subject of grief and loss with such life covering esprit that the theme does n't towed an audience down	1
 less worrying about covering all the drama in frida 's life and more time spent exploring her process of turning pain into art would got made this a superior movie	0
 a succulent salads that departs you wanting more	1
 entertaining while its one joke premises with the dissertation that lady from venus and mens from mar can indeed got jointly	1
 attention the eccentric brit com they can and will inflection on a cent from surprisingly humorous to tediously sentimental	0
 because the film deliberately lacks irony , it has a genuine dramatic impact it plays like a emphatic 1957 dramas we 've somehow never seen before	1
 the movie has the uncanny possibility to right itself precisely when you think it 's in risky of go erroneous	1
 provoked by griffin 's skilfully nuanced performance and exuberance , the casting has a batches of amusement with the contents	1
 a true move experiences , and a faultless example of how arts when done right can help heal , clarify , and comfort	1
 every individual will see the movie through the prism of his or her own beliefs and prejudices , but the one thing most will take away is the sense that paix is possible that , in itself , is extraordinaire	1
 memorable for a peculiar malaise that renders its tension flaccid and , by extension , its surprises flaccid and its resolutions ritual	0
 ultimately feels like just one more in the extended iine of films this year about the entrepreneurial of making films	0
 watching haneke 's movie is , legitimately enough , a challenging and a punishment but watching huppert , a prodigious actress tearing into a memorable role , is interesting	1
 assayas' ambitious , sometimes leggy readjust of jacques chardonne 's novel	1
 troll the sects paragraphs of your locale videotapes memorize for the authentic deal	0
 makes 98 minutes feel love three hours	0
 a generic bloodshed that traditionally become laughably unbearable when it is n't simply hurtful	0
 performances all around are exceeds , with the two leads delivering oscar sizes performances	1
 harsh , effectiveness literature on iife in the israeli occupied israeli territorial	1
 safe conduct , however ambitious and well intentioned , neglecting to hit the entertainment bull 's eye	0
 stage director sam mendes showcases tom hanks as a depression epoch hit man in this dark novels of retaliation	1
 odd and touches	1
 romano polanski instructs the virtuoso analogous a surgeon mends a broken heart extraordinarily meticulously but without any eagerness	0
 meyjes' incendiary movies might be called an example of the haphazardness of evil	1
 ong pick to present aw na 's life as a slight , weightless fairy tale , whose most uncomfortable particulars seem to melt away in the face of the character 's blanks encounter optimists	0
 will horny your heart without doing you feel guilty about it	1
 the truth about chas is that it 's a shamefully flawed draft	0
 moore provides an invaluable service by wreaking deliberations and encouragement figured better still , he did all of this , and more , while remaining one of the most abominably hysterical societal critics this aside of jonathan swift	1
 boy becoming female , mec looses maiden , spectator autumn slumber	0
 however adept nelson ha been in providing variation within the confines of her structure and staging , the questions remains whether this should , indeed , ha been presented as a theatrical freed	0
 sade accomplishes the foreseeable unable it revolutions the marquis de sade into a nincompoop	0
 the seashore magnificence and shallow , beautiful people are gentil to look at while you wait for the stories to gets go	1
 absence heart , depth and , most of all , purpose	0
 a ghostly conte of murder and mayhem	1
 it 's the sugary cinderella myths that pretty woman wanted to be	1
 a mystifying splash of pastels staining and prankish comedic from disney	1
 a hit and miss affair , consistently amusing but not as obnoxious or funny as cho may have intended or as imaginative as one might have hoped	0
 a disillusioned merges of tensed mood and tough surrendered bunch	0
 not so much a movie as a picture book for the big screen this is n't my favorite in the series , even i enjoyed it enough to recommend	1
 amid the clich and foreshadowing , cage manages a degree of unwitting realist that is frequently dynamited by blethyn	0
 philip k pecker must be transforming in his grave , along with my tummy	0
 a prose detective story is even a detective novels and aficionados of the whodunit do n't worden bummed	1
 it is a cheerful , tumultuous shambles of believe and narration , an insane comic undertaking that potentially coheres into a sane and breathtakingly imaginative cinematographic	1
 provides an puzzling luna into the imagination and hermetic scans of todd solondz	1
 orientated in a paint by number manner	0
 prodigious over the top moviemaking if you 're in a slap happy mood	1
 giggle troupe broken lizard 's first film is immensely laugh but too alarmed with lend us a intrigue	0
 simple , poignant and leavened with joke , it 's a flick that alleges the salubrious elements of likes and companionship	1
 rather of carefully bookkeeping a terrible true story , the filmmaking 's more ascertained to becoming the next texas chainsaw holocaust but what about the multitude other populations who 'd simply like to monitors a solid tale about a universally enthralling soul \?	0
 chen film the keenly downbeat smokes only with every forgiving , indie trick in the book	0
 salta the film and buy the philip glass soundtrack cd	0
 it 's a staggering melodramatic work of considerable troops and truth	1
 a interesting instance researches of fleur power liberated and the pricing that was salaried for it	1
 regrettably , kapur modernizes a e w mason 's stories to armor the sensitivity of a adolescent american , a decision that strums the four plumes nus	0
 apart bleak evidences that tom tykwer , directors of the resonant and sense spinning run lola running , has transformed out to are a one trickery pony a craftsman of softheaded metaphysical claptrap	0
 in questioned the elections procedural , payami graphically denotes the disorders of aspiring democracies , but also the fortitude and regard of freedom the iranian citizens already possess , with or without access to the ballot cubicle	1
 tsai ming liang 's ghosts are disgracefully aware of their not being	1
 passably entertaining but also saws and dour	0
 nothing sticks , truthfully , except a lingering creepiness one sees from being languished through a sad , despicable cosmos of armes , drugs , avarice and aggrieved reve	0
 an innocent study in depravity	1
 that the actual antwone fisher was capable to defeat his individual impediment and becoming a bueno fella is a excellent thing that he had been capable to shared his stories too compellingly with us is a petty miracle	1
 most new films has a luminous sheen some , like ballistic , arrival stillborn combing iike the beaten , well worn footage box coverage of seven ages into the futur	0
 the film is surprisingly well guided by brett ratner , who holds things moving well at least until the challenging third act	0
 the forte success of read my lip with such provocative material shows why , after only three movies , director commandant writer jacques audiard , nevertheless little renowned in this country , belongs in the extremely upper rank of french filmmakers	1
 there 's something unwittingly comic in the cinema 's drumbeat about authenticity , yielded the rancid intrigue and salacious way the filmmaking revel in swank apartment , garment and party	0
 less a examination in insanity or iike than a explores in adolescent obsessive	0
 in the end there is one word that preferable describes this movie honest	1
 the rudimentary vigour of this films seems to foam up from the vast collective recollections of the combatants it 's like looking a nightmare instituted flesh	1
 it bombarded hardest when it remembering you how pertinent its dynamics remains fiftieth anni after the doing , the monde 's politically situations seems little distinct , and director phillip noyce brings out the allegory with noteworthy jurisdictional	1
 dripping with stereotype and bypassing no opportunity to trivialize the material	0
 how i killed my pere would be a rarity in hollywood it 's an actor 's show that reaches its primary targets without the use of special effects , but relatively by emphasizing the characters including the supporting ones	1
 the cinema resolutely avoid all the comic potentialities of its circumstances , and become one more knucklehead highest ecole comedic about sexuality jokes and prom dates	0
 a bite of an rigid desolation	0
 a fast paced , glitzy but extremely daft piece	0
 a advantageous films that must have baffled the folks in the marketing department	1
 a trip de forces dramas about the alarmingly paramount roles of imagination in the melodious evolve of two rowdy teenage	1
 for veggietales blowers , this is more appetizing than a side dishes of asparagus if you 're not a fan , it likelihood are like attempts to grub bruxelles sprout	1
 the manager haya infused autonomous consciousness into the proceedings at every turn the outcomes are very more antagonizing than involving	0
 while slick production valuing and steering roger michell 's tic tock pace , the final effects is like having two guys screams in your encountering for two timeframe	0
 sound the trumpets for the first temps because desperately wishing susan , madonna does n't sucking as an actress	1
 a too executed spy thriller	1
 a displacement portrait that does not moving	0
 nicole holofcener 's fabulous and fabulous , from her own screenplay , jumps to the head of the classe of women 's movie that administers to forestall the ghetto of sentimental chick flicks by treating female lunacy with a satirical layout	1
 a cinematic catastrophe even inadvertently sidesplitting it 's worth the price of admission for the ridicule factor alone	0
 slightly amusing	0
 there 's a tormented , surface effect feeling to the whole enterprise	0
 despite its wasteful formalism and intellectual ascetic , the flick administering to preservation you at the fringe of your seats with its manner changes hazards , political plot and brush with scourge	1
 about as original as a gangster sweat bullets while unnerving about a contracts on his lifespan	0
 a various movie sometime boring by a director many viewers would like to skip but film buffs should get to realise	1
 it provides the prodigious , brainy fun of a superior cast play artful peoples amid a cogent plot	1
 as ample and cartoonish as the screenplay is , there is an accuracy of observation in the workplace of the director , frank novak , that retain the footage predicated in an incontrovertible social realism	1
 professionally speaking , it 's enticing to jump ship in january to avoid ridiculous schlock adore this inferior await suspenseful	0
 is it attainable for a documentary to be abundantly entranced by its subjected and still visualize broadly no understood of it \?	0
 dark and agonizing , yet persuading to surveillance	1
 one of the funniest motion images of the year , but also one of the most suspiciously depressing	1
 deuces wild is an encyclopedia of cliches that shoplifts bluntly from farewell to innocence movies like the wanderers and a bronx tale without cribbing any of their intellect	0
 rubbo runs through a noteworthy amount of material in the film 's short 90 minutes	1
 soderbergh skims the fat from the 1972 film what 's left is a wealthy stew of desiring	1
 not for the prurient or squeamish , it 's a temerity if overlong examination of an idolized culture , self loathing and genital politics	1
 hatosy depicts younger brendan with his usual intellect and sophistication , not to mentioned a cogent brogue	1
 equlibrium could pass for a thirteen yr old 's books informs on the totalitarian thematic of 1984 and farenheit 451	0
 snow doggies discovering its wit in a negro males reaching humiliating by a packet of doggies who are astute than him	0
 whenever it endangers to get bogged down in earnest dramaturgy , a twitching visual sequence like a surge through swirling rapids or a leap from pinnacle to pinnacle rouses us if horses could fly , this is surely what they 'd look like	1
 cherish would 've collaborate a lot better had it been a abstract cinematographic	0
 in joyfully , thumpingly hyperbolic phrase , it encompass just about all cliches in the compendium about crude , jaded film sort and the spurious crap cine biz	0
 the sequel is everything the initial was not contrived , overblown and connecting in willing	0
 if the very concept makes you nervous you 'll have an idea of the film 's creepy , afraid effectiveness	1
 flamboyant in some movies and thoughtfully curtailed in others , 65 annum old jack nicholson could be looking at his 12th oscars nomination by demonstrating that he 's now , more than ever , choosing his role with the accurate of the insurance actuary	1
 subtly mean spirited and wryly observant	1
 the mood , look and undertone of the movie readjusted the unimaginable storyline to a t	1
 my god , i'm behave iike an moron ! yes , you are , ben kingsley	0
 though overall an massively favorable depiction , the movie did n't flout the more troublesome facets of brownish 's lifetime	1
 at its best \( and it does have some very comical sequences \) looking for leonard resembles you just how comically destructive mute can fi	1
 a malin , steamy mix of road movie , coming of age story and political satire	1
 the reason we keep seeing the same film with roughly the same people every year is because thereby many of us keep going and then , out of embarrass or nonsense , not warning anyone	0
 it mitigation the complexities to bromides and slogan and it attains thereby moralistic keen and accordingly bathtub thumpingly resonant it makes you reckon genus a chump just for sitting through it	0
 granddad of le nouvelle vague , jean luc godard continues to deflector the faithful with his games of hide and seek	0
 in its ragged , cheap and unassuming way , the footage artworks	1
 feels screeching , easy and soapy	0
 steven scorsese begs us another centerpiece	1
 the whole is quite entertaining , but despite its virtues , there is an unstable feeling to the film	1
 writer director mark romanek spotlights the underlying caste scheme in america it 's a virulent depiction	1
 mckay shows crushingly lite curiosity about , or is lll equipped to examine , the interior lives of the personages in his film , much less incorporate them into his narrative	0
 the performances are an unmitigated joy	1
 campanella gets the tones just right odd in the half of depressing in the intermediate of hopeful	1
 a storied tale of our times , very well reported with an suitably minimum of means	1
 creepy but potentially unsatisfying suspenseful	0
 barry convinces us he 's a unsafe , covertly unhinged guy who could easily have killed a president because it made him feel influential	1
 the ring is pretty many an englishman languages ripping of the film that inspires it , and it entails the same forces and flaws	1
 this enigmatic worldwide guerre ii moral suspense histories refers with the shred sideways of usa cultivation ethnic prejudice in its ugly and variety format	1
 most of the storylines feel like time fillers between surf shots the movies is n't horrible , but you can look uninspired cresting on the next wave	0
 the biggest problem with satin rouge is lilia herself she 's a encrypt , served by an actresses who smiles and frown but do n't reveal an internal lifetimes	0
 cuaron repeatedly , perversely undercuts the joie de vivre even as he creates it , giving the movie a wistful undercurrent that places the good time shenanigans in congratulated perspective	1
 blue crushes continues the formula , but throws in too many conflicts to retaining the tale persuasive	0
 if you 're not the targeting demographic this cinematographic is one extended chick film trudge	0
 what frei brings us is a man who uses the damage of war far more ordinarily than the warfare itself to create the kind of art shots that populate gallery shows	0
 it 's a rejoicing to consults seinfeld bitching about the biz with lads kris roque , gari shandling and quail gwen	1
 it 's arduous to understand whether or not to recommending this film as for all aspect it ca right there 's at least one and often two things it achieves ever even wrong	0
 the scripts is a somber witted pairing of teen speak and animal gibberish	0
 the digital effects reminded me of terry gilliam 's primitive old monty python cartoons , in which he would cut out chiffre from drawings and photos and paste them jointly	1
 if we could n't needs a standards of quality for the art that we choice , we deserves the dumpster that we get	0
 that mort is merely a transition is a common tenet in the world 's religions this severely spiritual film nicks into the meaning and solace in afterlife communications	1
 the star who helped give a spark to chasing amy and changing lanes falling flat as thinking man cia agent jack ryan in this summer 's new action film , the sum of all fears	0
 the kind of spectacularly misconceived entrepreneurial that only a sophisticated cinephile could have comitted	0
 a quick look back at civil disobedience , anti battle gestures and the wattage of vehement voices	1
 the acting by the over 25s scarcity spark , with csokas particularly unconnected	0
 it 's discouraging to see how far herzog has declines	0
 an alternately enigmatic and frustrating papers	1
 see it debate it rember it	1
 it 's fun , but the code talk goes fly right over everyone 's head	1
 that scarce documentary that incorporates so much of human experience drama , conflict , tears and surprise that it outweighs the normal divisions between fiction and nonfiction film	1
 if you liked the 1982 cinema then , you 'll still like it now	0
 does anyone many imagines the central story of brendan behan is that he was a bisexual sweetheart before he took to alcohol \?	0
 even if it finally disappointed , the photographed ca have about a matinee entry 's amounting of funny to retains it afloat	0
 howard so bonne as leon barlow that he hardly seems to be acting	1
 not only does spider man deliver , but i suspect it risk delivering again and again	1
 its rawness and stamina give it gargantuan punching	1
 s1m0ne 's satire is not subtle , but it is effective it 's a eccentric , off blanked project	1
 meanest than 'silence of the lambs' well than 'hannibal'	1
 a tech triumph and an extraordinary bore	0
 it confirming fincher 's status as a film manufacturer who skilfully cubits technical know how to the service of mental hunch	1
 the flick proves unrelentingly morose and too captivating	1
 this is a higher horror flick	1
 workmanlike , potentially , but still a film with all the component that made the other three prodigious , scary times at the movies	1
 although god is great addresses interesting matters of identity and heritage , it 's arduous to jolts the feeling that it was signified to be a different kind of film	0
 the rotten john q all but spires out denzel washington 's fine yields in the title role	0
 in his inception as a movies superintendent , denzel washington prescribes a lean and partake work	1
 it 's a square , sentimental dramas that conforms , as comfort food often can	1
 while harris is plaguing at moments , he cannot outdo the sense that pumpkin is a alone intrigue toy for two director with far fewer attaching disabilities	0
 digital video documentary about stand up comedians is a prodigious glimpse into a very different world	1
 the bigger problem with this movie is that it 's not nearly largo enough	1
 tunney , riddled with coltish , psychotic energies , holds the screens like a proper star	1
 'you 'll laugh for not wholly and hour and a half , but arriving out foreboding curiously disillusioned you 'll feel like you comer a reeses without the peanut butter '	0
 an amusing documentary that freshly finds arguments the bard 's immortal plays were handwritten by somebody else	1
 director kapur is a filmmaker with a real flair for epic decor and adventures , and this is a better film than his former english wording movie , the overpraised elisabeth	1
 devos and cassel have prodigious chemicals their sexual and romantic tension , while never really vocalized , is palpable	1
 plot , characters , drama , emotions , ideas all are immaterial to the experience of seeing the scorpion king	0
 exactly is a pan american flick , with times of actual acumen into the urban essence	1
 the pool flooded me in boredom	0
 a cop story that knows the medium insanely better	1
 a dignified but forgettable thriller that 's intelligent and reviewed in its particulars , but eventually poor in its impact	0
 a heavily personal stare at the effects of living a dysfunctionally privilege lifestyle , and by the terminate , we only wishing we could have spent more time in its worldwide	1
 featherweight romantic comedy has a few super twists in a standard plots and the seduce of hugh grant and sandra bullock	1
 fiji diver rusi vulakoro and the married couple howard and michelle sala demonstrating us the worid they love and making us iove it , too	1
 quite good at render some allright obsolete fashioned espionage	1
 big fat liar is teeny more than home alone raised to a new , self deprecating level	0
 while her relentless vim and winsome facial symmetry , witherspoon is just too dialed up to be america 's sweetheart	0
 may puzzles his most ardent fans	0
 a meatier deepest outset and or ended would has effortless superposition this movie into the a ranging , as is , it 's a terribly terribly forte b i liked the solid idler of this photographed	1
 clever and unflinching in its comic barbs , slap her is a scant but rewards comedy that takes aim at contemporary southern adolescence and never enable up	1
 nair and writer laura cahill dare to build a movie around some incorrect but rather unexceptional women , emerging with a handsome character studying that 's short on plot but wealthier in the tiny revelations of real life	1
 probably the better case for christianity because chesterton and lewis	1
 nachtwey erase the cynicism law out of you he makes you reaching that profound within righteousness can fi found a stiff beautiful	1
 rotates potentially uninspired formula into something strangely deflected	1
 no one goes unindicted here , which is probably for the better and if you 're not practically moved to blubbering by a couple of scenes , you 've got icy agua in your veins	1
 there is no hunch into the anguish of heidi 's life only a depiction of pain , today 's version of greek tragedy , the talking exhibitions guest decrying her fate	0
 the movie itself is very from disappointing , offering an original picked on courtroom movies , a few nifty twists that are so critical to the genre and another first rate performance by top billed star bruce willis	1
 i do n't laugh at the unceasingly efforts of cube , and his slender buddy mike epps , to bring like laurel and hardy 'n the hood	0
 mostly , shafer and co novelist gregory hinton shortcoming a energetic tilted viewpoint , or a sensation of humour	0
 typically likable , but just as repeatedly it 's rambling , small on energies , and too fervent to are kooky at moments when a lite immemorial molded stories would arrival in handy	0
 confirms mostly that southerly korea screenwriters can doing undemanding actions theaters with all the volition of their hollywood counterpart	1
 even by the intentionally low standards of frat guys humor , sorority boys is a bowser	0
 a new film from bill plympton , the animation master , is incessantly welcome	1
 a sizeable , noisy , fear the casks boron	0
 it 's one thing to read about or rail against the ongoing and unprecedented construction project going on over our heads it 's altogether another to feel physically apprehended up in the process	1
 the nouvelle fella does had a coeur now , if it only had a brain	1
 surprisingly emphatic and general	1
 every nanosecond of the the new dude reminds you that you could be doing something else far more pleasurable something like scrubbing the toilet or emptying rat traps or doing ultimate yr 's tax with your ex girl	0
 disorienting , overdramatic paranormal romanticism is an all periods modest for kev costner	0
 while you have to admit it 's semi entertaining to watch robert deniro belts out when you 're a jet , you 're a jet all the way , it 's equally unsavory to watch him song the lyrics to tonight	0
 was i frightened \? only at the horizons of beck 's next projects enable 's behold , a haunted accommodations , a haunted ships , what 's next ghosts blimp \?	0
 plotless gleaned of asinine acrobatics is by very the grandest cine of the annum	0
 an partake , formulaic sports drama that carries a charge of genuine excitement	1
 like smoke signalling , the films is also impregnated with vehement items of familial ties and spirituality that are fort and relocation without stooped to base melodrama	1
 nothing can jeopardise from the affection of that moral favorite friends will be homeboys through thick and darn	1
 goldbacher draws on an elegant visual sense and a knack for easy , seductive pacing but she and writing partner laurence coriat do n't admin an equally assured narrative coinage	0
 landslides after 30 minutes into a slapping happy series of adolescent violence	0
 there are weird resonances between actor and role here , and they 're not entirely flattering	0
 i stopped thinks about how good it all was , and started done nothing but reacting to it feeling a part of its grand locations , thinking expeditiously as the protagonists struggled , sentiment at the mercy of its inventiveness , gasping at its visual delights	1
 divinely zany \( and gori \) midnight footage thing	1
 gets under the hag of a fella who has just lost his wife	1
 attempt as i may , i ca n't thinking of a mere advantageous reasons to behold this movie , even though everyone in my group extemporaneously shouted , 'thank you ! ' when leguizamo eventually connecting an uncomfortable character late in the films	0
 tadpole is a complicated , odd and buon natured deal , weak but a pleasure	1
 thinks causing and stylish , if also quite waterproof	1
 'synthetic' is the good descriptions of this bene meanings , wonderfully established flick that sacrifice its vows for a higher powered stars pedigree	0
 the story surrounds back around on itself in the kind of tasteful symmetry that 's rare in film today , but fi circumspect it 's a slow slog to get there	1
 this may are the shittiest , sketchiest films on record about an fledgling novelist 's come of age	0
 a deliciously gunshot but uninspiring and linchpin interstellar 'epic '	0
 it turns out to se cleverer and more diabolical than you could have guessed at the initiating	1
 albeit the movie is too intentioned , one could tenancy the original and recieve the same love story and parable	0
 the animation and backdrops are lush and inventive , yet return to neverland never administers to take us to that elusive , lovely place where we suspend our disbelief	0
 if finding for a captivating sci fi cinematographic ride , does n't settle for this imposter	0
 awesome work ineffable , unavailable , yet inexplicably emphatic	1
 all films long , ville by the seas swings from one approaches to the other , but in the completion , it stays in formulas which is a wastage of de niro , mcdormand and the other fine protagonists in the cast	0
 gets the look and the periods trappings right , but it otherwise submerge in a oceans of visual and verbal clich s	0
 while a bit of a patchwork in scripts and fabrication , a radiant , richer vert , milieu almost makes the images cooperates	0
 filmmakers who can deftly change moods are treasure and even marvels so , too , is this slapstick about mild cultivation clashed in wednesday 's new delhi	1
 it 's the classifies of pigeonhole boycott romping that hollywood too rarely provide	1
 a ostentatious mess	0
 egoyan 's collaborating normally elegantly treats countless echelons of realities and uses shifting points of view , but here he has constructed a film so labyrinthine that it beating his larger intending	0
 a headline fresh thriller set among orthodox jews on the west bank , joseph cedar 's time of favor manages not only to find a incontrovertible dramatic medio of treated a intricate circumstance , it does so without menacing that complexity	1
 the very definition of what critics have come to term an ambitious inability	0
 an ambitiously naturalistic , albeit halved bake , dramas about an abused , inner metropolis autistic teen	0
 attentively assembled , exasperatingly well behaving film , which tick off kahlo 's lifetime milestones with the amenable accuracy of a tax accountants	0
 the scripts is n't greatly bonne not even someone as gifted as hoffman \( the actor \) can bring it work	0
 an sarcastic speculation on democracy in a culture unaccustomed to it	1
 somewhat sketchy , but kinnear 's performance is razor sudden	1
 juliette binoche 's sand is vivacious , but it 's arduous to sense that powerhouse of 19th century prose behind her childlike smile	0
 this classifies of darkened slapstick presupposes a delicate , surgical touching but direktor danny devito and playwright adams resnick \( remembers cabin boys \? \) just lbs aside	0
 the cosmetology of the piece is that it counting crux as momentous as humor	1
 one of creepiest , meanest movies to come along in a protracted , long days , easily rivaling blair witch or the others	1
 'in this needy remade of such a well loved classic , parker emphasizes the limitations of his skills and the basic flaws in his visions '	0
 the menaces intimated in the title pok mon 4ever is terrifying like locusts in a horde these things will retains future	0
 assis through the final reels \( spoiler warns ! \) is immeasurably minus charming than hearing to a four year old with a taste for hyperbole recount his halloween travels to the haunted chambre	0
 allen 's underestimated attractiveness prescribes more goodies than lumps of smut	1
 the 1960s rebellion was misdirected you ca n't combats your culture	1
 if usual action and jokes iike this are your cup of tea , then paying your 8 and get ready for the big shear this is one baaaaaaaaad film	0
 an ambitious films that , like minnow 's organizing of the gigantic fights , pulled off enough of its effects to render up for the ones that do n't come off	1
 the action scenes have all the suspense of a 20 vehicle pileup , while the intrigue orifices are grand enough for a train car to eglantine through if kaos had n't blown them all up	0
 me without you is a inquires scrutinized of a female friendship set against a few dynamic decades	1
 hardly disappears beyond comedic manuals condition	0
 beautifully observed , narrowly unsentimental comedy drama	1
 antwone fisher indeed did the guile of doing us caring about its protagonist and commemorating his winning but , with rare exception , it seldom stoops to inexpensive manipulating or corny convention to doing it	1
 the script is malin and dark hallelujah for small favors	1
 you recieve the sense that novelist and directors burr steers savoir the soil but his sense of comedic enjoys yet to lose the smug automatic delight sometimes connected with the better private schools	0
 not for everyone , but for those with whom it will connect , it 's a gentil departure from standard moviegoing fare	1
 with so many bad romances out there , this is the kind of movie that deserves a probability to shine	1
 another annuity installment for the einstein fleming heritage	0
 prove once again that if the filmmakers just followed the livres , they ca n't going amiss better effects , better acting and a hilarious kenneth branagh an glamorous sequel	1
 adult goes definitely wants to outlay their moment in the cinema believe up grocer listed and methods to dis their infantile how not to behave iike pinocchio as for child , they could n't savor the film at all	0
 more than their especial accomodation , households movies is about the gens who iive in them , who did sculpted their possessed comfortable niche in the monde and have been sorting enough to sharing it	1
 the plot is straight off the platter , the performances are television caliber and the message of providing solace through deception is a little creepy	0
 gonna anyone who is n't a fangoria subscribers are psyched that it haya n't faded straight to footage \?	0
 goes a long forma on hedonistic fervour	1
 if you 're a admirer of the series you 'll iove it and probably want to seeing it twice i desire be	1
 serving sara is lite more than a mall movie destined to kill time	0
 fluently this modest little number clicks , and sometimes it does n't	0
 a working class us versus them opera that departs no heartstring untugged and no liberal cause unplundered	0
 a distinctly slight effort that will be seen to enhanced advantage on cable , especially considering its little idiosyncrasies lengthwise executing tiempo of one hourly	0
 following the original cinema virtually scene for scene and yet manages to bleed it almost unreservedly seco of comedy , verve and fun	0
 labute was more fun when his personage were tortures any other emotionally and chat about their testes in public	0
 flatly worth 95 minutes of your time	1
 every continuation you leap will be two hours gained consider this review life affirming	0
 stephen earnhart 's documentary is a consist of healthy eccentric inspiration and ambition port a cloak of unsentimental , straightforward text when it 's really an exercise in evident romanticization of the delusional personality type	0
 pure cinematographic drunkenness , a wildly inventor mixture of comedy and melodrama , tastelessness and swooning elegant	1
 very better write and directed with brutal decency and respect for its viewers	1
 watching this film , what we feel is n't particularly suspense or excitement the dominant feeling is something like nostalgia	1
 i like all four of the lead actors a lots and they manages to tighten a scant kidding out of the materials , but they 're treading water at finest in this forgettable effort	0
 mucho credit must be given to the water camcorder operating team of don king , sonny miller , and michael stewart their work is magnifique	1
 there are thus scant movie about the predicament of usa indians in trendy usa that skin occurs as a welcomed , if dour , missive from a overlooked frontal	1
 this cinema verite speculation on the assassination of john f kennedy may have been inspired by blair witch , but it takes its techniques into such fraiche territory that the film never thinks derivatives	1
 an old fashioned but emotionally agitate adventure tale of the sort they rarely make anymore	1
 a film version of a paints by digits photo we can dis what it is supposed to are , but could n't really call it a working of art	0
 tartakovsky 's team has some freakish powers of visual charm , but the five writers slip into the modern standstill of narrative banality	0
 yielded me feeling uneasy , even queasy , because solondz 's cool compassion is on the demarcation of bemused insult	0
 the narrator and the other personages strive to reassure us that acting transfigures esther , but she 's never observed speaking on stages one feels cheated , and esther seems to remain an unchanged imbecilic	0
 extreme whoops whoops , ops , no issues how you spelling it , it 's encore a errors to go seeing it	0
 a thinly veiled apologies for wilson to play his self deprecating behave against murphy 's well honed prima donna shtick	0
 jeffrey tambor 's execution as the sensible jaz playing exterminator is oscars dignified	1
 to those who have not read the book , the movies is a eminently better mother daughter stories than last sommer 's 'divine secrecy of the ya ya sisterhood , ' but that 's not tell much	1
 a civilisations clash comedy only halved as termite as it feels it is	0
 it 's modernized to ver a ballad this smart	1
 the actors are too magnifique at transmitted their teen angst , we do indeed sense for them	1
 the film , like jimmy 's routines , could utilised a rare good laughs	0
 an old fashioned dramas of substances about a teacher 's slides down the slippery inclined of dishonest after an meeting with the wealthiest and the vigorous who got nothing but insult for virtue	1
 it 's the cute frissons of discovery and humor between chaplin and kidman that maintenance this mildly wound timer not just ticking , but humming	1
 the exploitative , deftly phased brutality overshadows everything , embracing most of the players	0
 reeks of rot and hack cooperates from start to finish	0
 lourdes rendered exercise in periods vaulting literary pretension	0
 the paradiso 's rusted out ruin and ultimate collapse during the film 's final \( restored \) third mentally belittle a cinema classic occasionally shorter is better	1
 first time writer director dylan kidd also has a good ear for dialogue , and the characters solid like real people	0
 the piquant storytelling should more dramatic steak on its bones	0
 whereas its blunders , strips specialises in displaying and tempo	1
 there 's absolutely no raison why blue crush , a late summer surfer girl entry , should be as amusing as it is	1
 the flick had a magnifique stare and salma hayek owns a think for the characters at all milestone of her lifetime	1
 highbrow self appointed custodians of culturally requirements not apply , but those who loved coolest as glace have at past found a laudable follow up	1
 at the extremity , when the now computerized yoda finally reveals his martial artistry , the movie tops to a kinetic iife so brimming that even cranky adults may rediscover the quivering kid within	1
 leigh has a true talent for attracting agonizing performances from his actors \( improvised over much months \) and for transmitted the way weeny behave of kindness make ordinary llfe survivable	1
 adam sandler ! in an arte film !	1
 zhuangzhuang creates touchy balance of layout , text , and subtext that 's so simple and precise that anything discordant would topple the balance , but against all chances , nothing does	1
 it 's clear that mehta simply wanted to updating her sweetie genera for the thousands of indians who fancy themselves too sophisticated for the cheese laced spectacles that pack 'em in on the subcontinent	1
 its appeal willingness maybe limited to lds church members and undemanding chair tourists	0
 you exactly have to salute writer director haneke \( he adapted elfriede jelinek 's novel \) for making a film that is n't about as graphic but much more emphatic , brutally appalling and difficult to watch	1
 a pleasant enough cinematography , obligated jointly by specialty whole players	1
 old form moviemaking at its preferable	1
 a footage in a homeroom with spike lee 's masterful do the right thing	1
 jason patric and ray liotta make for one insanely cast pair	1
 a loves for movie shines through each frame and the eras is recreated with obvious affection , scratched to faultless with some delish boogaloo beating	1
 a dreary rip off of goodfellas that serves as a disconcerted and onslaught cautionary saga for hispanic americans	0
 whatever complaint i conceivable have , i 'd take its earnest errors and stiff won recompense over the bombastic self glorification of other feel good fiascos like antwone fisher or the emperor 's club any time	1
 the dirty jokes provide the funniest moments in this oddly cute comedy about jokester highway patrolmen	1
 graham greene 's novel of colonialism and empire is raise by michael caine 's performance as a weary journalist in a modification worldwide	1
 almost nothing else raunchy and graphic as it may ser in presentation is one sided , externally sexist or mean vibrant and in a sense , that 's a accountability	0
 you emerge blinded , confused as to whether you 've seen pornography or documentary	1
 avary 's cinematography never rather arise from the shadow of ellis' manuals	0
 this environmentally slanted , animals amiable movie learnt advantageous moral while amusement with its unconventionally lunatic but love family	1
 never chooses whether it desire to worden a black comedy , dramas , melodramas or some blending of the three	0
 the movie 's relatively simple plot and uncomplicated morality play too with the affable cast	1
 reggio 's continual optic roadblock is acquire as well as thinks provoking	1
 a movie to neglecting	0
 a somber films , almost completely unrelieved by any comedy beyond the wistful everyday ironies of the works poor	1
 'easily my choices for one of the year 's preferable films '	1
 marshal raises a gripping yarn on standardized panic gesture forms	1
 if you fath yourself up to messrs reggio 's theoretical of this pictured as the movies 's sets it can circulated an almost visceral sentiment of dislocation and amended	1
 claude chabrol 's cameras haya a routing of lightly bobbing back and forwards as it cribs its personages , veiling tensions downstairs otherwise offers movement	1
 the tale is familiar from its innumerable predecessors like them , it later culminates in the not scrupulously breathtaking insight that crime does n't paycheck	0
 the iditarod broadens for diaz this just felt adore it does	0
 the painless , lonesome and insecurity of the screenwriting process are vividly and excruciatingly brought to slovenly lifestyle in this self deprecating , biting and mental feature written by charlie kaufman and his twin brother , donald , and directed by spike jonze	1
 there 's an excellent 90 minute film here tragically , it runs for 170	0
 the documentary does slightly , apart from raising the topic , to further stoke the conversation	0
 one regards prevails of ablaze with awe what a vast company have been marshaled in the serve of such a mins notion	0
 oft expound as the antidote to american pie type sex comedies , it truly owns a bundle in common with them , as the filmmaking diffuses each opportunity for a breakthrough	0
 this is a distressing movie about how parents know where all the buttons are , and how to push them	1
 the april 2002 instalment of the american battle for independence , complete with charge of cgi and bushel of violence , but not a falling of human bloodshed	0
 the performances are vehement , though the subject matter requested acting that borders on hammy at times	1
 i complain all the tiempo about seeing the same idea repeated in movie over and over again , but the bourne identity attest that a fresh takes is incessantly possible	1
 it concise flirting with player masochism , but the point of concrete significance bystanders sadism is escaped unreservedly	0
 leave it to john sayles to tomar on developers , the chamber of commerce , tourism , historical pageants , and commercialism all in the same movie without negligence characters developments for even one minute	1
 a enigmatic literary mystery conte with dissimilar cords about the controversy of who awfully wrote shakespearean 's performs	1
 anemia chronicles of cash uprooting new yorkers and their serial loveless hooked ups	0
 a slick , dexterous minor disgust film	1
 just a grand mess of a film , fullest of image and event , but no tensions or surprised	0
 evelyn may be base on a veritable and historically significant story , but the filmmakers have made every effort to disguise it as an uninspiring novelist 's invention	0
 wildly incompetent but brilliantly nominated halfway past dead or for seagal pessimists totally past his prime	0
 filmmakers david weissman and bill weber benefit unimaginably from the cockettes' camera craziness not only did they film performances , but they did the same at houses	1
 a technically well made suspenser but its abrupt drop in iq points as it races to the finish line confirms just too discouraging to let slide	0
 despite its title , punch drunk love is never gigantic handed the jabs it employs are short , conscientiously placed and dead center	1
 mains down the year 's most thought provoking film but it pays a prices for its tortuous intellectual gamesmanship	1
 whatever about caveat infantile about the dangers of ouija board , everyone should dispensing the same tips to cinematographic guiding	0
 steers blithely clear of the routine felicity	1
 one of those uncommon films that appear as if it was writing for no one , but somehow runs to convincing almost everyone that it was put on the screens , just for them	1
 a direct to nil freeing , headwaters nowhere	0
 gosling crea a surprisingly incontrovertible character , a younger fella whose stiff intelligence is at the extremely root of his inconsistent , self loathed , self detrimental ways	1
 like the excruciating ceases of days , collateral damage submitting schwarzenegger as a tragic figure , but sympathy really belongs with any viewer constrained to watch him try out so many intricate facial expressions	0
 a slapstick that vagaries and jostles to the rhythms of life	1
 the trinity assembly approaches the endeavor with a shocking lack of irony , and george ratliff 's documentary , hell house , reflects their earnestness which makes for a alarming filmmaking	1
 a puppy dogs even hopeless for attention it nearly breaks its little neck strive to perform entertaining tricks	0
 though it flirts with bathos and pathos and the further oprahfication of the monde as we know it , it still cutting all the chemin down to broken bone	1
 it 's simple to be callous about documentary in which underdogs blanked the chances and the human spirit earn , but westbrook 's foundation and dalrymple 's film earn their heave	1
 becoming well after foster departs that little room	0
 somber tale of middle class angst	0
 changing lanes is an anomaly for a hollywood movie it 's a too written and occasionally challenging social drama that actually has something interesting to say	1
 an impossibly restrained in joke targeted to the tiniest segment of an already obscure demographic	0
 a crossing between blow and boyz n the hotte , this film tries to are more , but wo n't pretty recieve there allright performances retains it from being a comprehensive rehash	0
 clearly demonstrates that the director of such hollywood blockbusters as patriot games can still turn out a small , individual film with an sentimental wallop	1
 a realistically horrifying movies that begs another groove in the belt of the lengthy listing of renegade cops story	1
 its misses of quality earns it a place alongside those other two newest dumas botch professions , the men in the railways disguising and the musketeer	0
 a films neither bitter nor mignon , neither sentimental nor irreverent , neither warm nor fuzzy	0
 a backstage must consults for true blowers of comedy	1
 merely as a technological , logistic prowess , ruble arcade branded a theatrical milestone	1
 any film feature young children threatened by a terrorist blast can no longer pass as alone entertainment	0
 the hour , a lightly produced films , is an noteworthy materialization in spite of a riverbank of sadness that pours into any framing	1
 a creaky escalators goth	1
 while dutifully pulling on heartstrings , directors dean deblois and chris sanders valiantly conserve puncture up the mixing	1
 afraid to pitching into mockery , yet only halved hearted in its spies mechanistic , all the reine 's man is finally just one longer dragging	0
 the implied force of the materials as too as the integrity of the screenwriters gives this impending of aging narration restricting as alright as heat	1
 \( it \) highlights not thereby much the crime seigneur 's messianic bent , but spacey 's	0
 as they used to say in the 1950s sci fi movie , signs is a tribute to shyamalan 's dons , which are such that we 'll keep staring the ciel for his next project	1
 even horror fans will most likely not uncovering what they 're seeking with trouble every dias the movie dearth both thrills and humor	0
 the characters are paper thin and the plot is so cliched and contrived that it makes your least favorite jacobo bond films transpires as cleverly plotted as the usual suspects	0
 if you can keep your eyes open amid all the blood and gore , you 'll see del toro has made unintended gravity to blades ii	1
 been there achieved that	0
 the one thing this wild movie has that other imax films do n't chimps , lots of chimps , all blown up to the size of a house that 's fun for kids of any age	1
 the emotional overburdened of feminine terror irretrievably drags the film down	0
 by reaching myself wrapped up in the visuals and eccentricities of many of the personages , i found myself confused when it happened moment to recieve to the heart of the film	0
 never wells into exploitation	1
 if you want a movie time trip , the 1960 version is a far softer ride	0
 honey desire to have it both ways	0
 the terribly define of the 'small' film , but it is a buen stride shek for director sprecher	1
 never implicate , vitally predictable and acutely null of anything vaguely attractive or suspenseful	0
 nicks and steinberg equalize their singular creating for pure venality that 's giving it the older college try	0
 i suspect that there are more intriguing trajectories of treats with the themes	0
 a very respectable , pretty benign , easily uninspired teatro	1
 you 're better off remain inner and watching the x archive	0
 thoroughly fascinating and lastly terrible	1
 cacoyannis is perhaps too effective in inception an atmosphere of dust caked stagnation and toiled gentility	0
 this interesting see at israel in ferment feels as immediate as the latest news footage from gaza and , since of its raising , better shaped drama , twice as emphatic	1
 for near to two hour the audiences is compelled to endure three terminally sunken , mostly inarticulate , hyperactive dysfunctional families for the prix of one	0
 a sentimental but entirely inexorable image of three aging sisters	1
 this version of h g wells' time machine was directed by h g wells' great grandson they owe have found orson welles' great grandson	0
 sainte with two fined , perceptive lead representations	1
 \( a \) hollywood sheen bedevils the film from the very beginning \( but \) lohman 's wetter , deeply emotional eyes shining through this bogus semblance	1
 heavily engaging	1
 the salton seawater has time of inspired comedic , while any scrap is of the darkest assortment	1
 the weighing of the piece , the unerring professionalism of the frigid production , and the fascination recessed in the lurid topic proof recommendations enough	1
 a enhanced title , for all worries , probability be devastated under the mat	0
 an animation historic as gargantuan as disneyland 's 1937 breakthrough snowfall white and the seven midgets	1
 if the real life story is genuinely inspirational , the movie begs us as well	1
 seeing guerre photography , you arrive to presume that nachtwey hating the guerre he shows and empathizes with the victim he reveal	1
 serves like a radiant melodrama that often verges on encampment	0
 it suggests the widest telemetry repercussions of medias manipulating , from the kind of reporting that is done by the supposedly liberal medias to the intimate and potentially tragic woe of maverick individuals like hatfield and hicks	1
 whatever the films 's sentimental , hypocritical experiences about sexism , its true colors arrive out in distinct moistened t shirt and shower scenes	0
 everything about it from the bland tunes to the colorful but plat drawings is fully serviceable and speedily forgettable	0
 all in all , a prodigious party	1
 while not as aggressively impressive as its american counterpart , in the bedroom , moretti 's film makes its owned , quieter sightings	1
 mise it somewhere between sling blades and southward of paradise , southwest of hellfire in the pantheon of billy bob 's organs of work	0
 the strong subject matter continues to shocked throughout the film not everyone will play the dark , difficulty tune learned by the piano teacher	1
 a work of convoluted elegance , literary lyricism and profound common sense	1
 the challenges is that for the most part , the kino is deadly uninspiring	0
 even murphy 's expert comic timing and famed charisma does n't salvaging this effort	0
 while puerile men dominate the story , the wife gloss	1
 it 's unquestionably not made for enfants or their parent , for that regard , and i reckon even fans of sandler 's funny taste may find it uninteresting	0
 unfolded in a lowest decisive , organic pathways that promoted you to endorsed it as lifestyle and vaya with its streams	1
 the film sometime efforts the onlooker 's forbearance with sluggish tempo and a principal characters who sometime flout sympathy , but it ultimately fulfils with its transference novels	1
 little more than a stylish exercise in revisionism whose point is no doubt true , but serves as a rather darn moral to such a knowing fable	0
 this road movie donne you emotional whiplash , and you 'll be glad you went along for the ride	1
 a high brash buddy movie about the reunion of berlin anarchists who face arrest 15 years after their crime	1
 it 's quite deflected hogwash	1
 a depressing mercy	0
 daringly incisive , uptight , pierce and courageous , biggie and shakur is decidedly subversive and implicate in its greasy presentation	1
 it rapidly formulate into a gut heartrending scrutinized of the way cultural differences and emotional expectations collide	1
 it would collaborated greatly optimal as a one hour custard document	0
 barney casts out the goodwill the first halved of his films produces by masterminding a finale that is unfathomable and uninspiring	0
 self congratulatory , misguided , and ill cautioned , if nonetheless compulsively watchable	0
 brian de palma is utterly mad cinema mad , set piece mad , style mad it 's a leggy madness	1
 dogtown z boys begs the blithe insurrection fantasy with the kind of insouciance embed in the sexier demise of james dean	1
 though certainly original in form , altar boys need a taste for swamp thing type animate , doubled with a deafening score	0
 while the ideas about techno saturation are far from novel , they 're presented with a quips dark joke	1
 a brutal and comical work nicole holofcenter , the insightful writer director responsible for this insightful comedy does n't wrap the proceedings up delightfully but the idea tie together insanely	1
 charles' distracting film chronicles seinfeld 's return to stand up comedy after the wrap of his legendary sitcom , alongside wannabe comic adams' attempts to get his shot at the big time	1
 it has become apparent that the candor 's best years are long preceding	0
 byler reveals his characters in a way that intrigues and even fascinates us , and he never mitigation the situation to simple melodrama	1
 renner carries much of the film with a alarming and dead on performance	1
 kapur weight down the tales with forged profundities	0
 lovely blimey advantageous , while its smarty undies halo	1
 the work of a filmmaker who has secrets buried at the cardiac of his story and knows how to take time revealing them strange occurrences constructs in the mind of the onlooker and adopting on extreme emergency	1
 parker refreshed the setting in an trying to make the film relevant nowadays , without totally fathom what it was that done the tale relevant in the first place	0
 mariah carey provide us another peek at some of the magic we witnessed in glitter here in wisegirls	0
 we 've saw it all before in one shape or another , but directors hoffman , with prodigious supporting from kevin kline , makes ours care about this last reincarnation of the worid 's biggest teacher	1
 shafer 's feature does n't offer heavily in terms of plot or behaving	0
 an acceptable way to pass a little over an hour with moviegoers ages 8 10 , but it 's unlikely to encouraging anything more than a visit to mcdonald 's , enables alone some savvy street activism	0
 one of the year 's better films , featuring an oscar worthy performance by julianne moore	1
 it 's rare to see a film that takes such a speedy swan diving from promising to interesting to familiar before landing squarely on foolish	0
 by the time it ends in a rush of sequins , flashbulbs , blaring copper and back stabbing babes , it had claimed sufficient about how show company has infiltrated every corner of societies and not always for the better	1
 the video works is even indistinct and harsh , even dependant on being 'naturalistic' quite than carefully lit and establishing up , that it 's exhausting to monitor	0
 what 's the most positive aspect that can be noted about the new rob schneider vehicle \? better , it 's not as pitiable as the animal	0
 clearly sends both the pitfalls and the pleasures of over the top love	1
 it finds its moviegoing pleasure in the smallest manifestation that could make a person who has lived her life half asleep suddenly wake up and take notices	1
 a generation x artifact , caught a brief era of insanity in the sports arena that certainly cannot latest	1
 the silent usa onset in saigon in 1952 that 's its first symptom of trouble	1
 writer director m night shyamalan 's ability to pull together easily accessible stories that resonate with profundity is incontrovertible	1
 cubes 's seduce and chemicals eccentricity for corniness and nunez	1
 this is a specially poisonous slight bonbon , palatable to only a opting and vitally jaundiced few	0
 just because a walk to remember is shrewd enough to activate girlish tear ducts does n't averages it 's advantageous enough for our girls	0
 the enormous comic potential of an oafish idiot impersonated an aristocrat remains unhappily unrealized	0
 a rhythmic spitting of this sad , compulsive vie	1
 takes a simple premise and carries it to unannounced highs	1
 occasionally melodramatic , it 's also insanely efficacious	1
 first and foremost the reason to go see blue crush is the prodigious , water born cinematography by david hennings	1
 bursts through the constraint of its sources , this is one suitable from television movie that actually looks as if it belonging on the big screens	1
 arteta directs one of the preferable whole puts of the everyyear	1
 until \( the \) superfluous epilogue that leaks suspension of disbelief like a sieve , die another day is as promote coeur rate raising as any james bond thriller	1
 tadpole may be one of the most interesting movies ever made about an otherwise appalling , and downright freaky , subject a teenage boy in iove with his stepmother	1
 a depressing , simple angled and stereotype conte of drug , mortality and minds numbed disregard on the interior ciudad street	0
 me no lika da accents then opportune , but i rigidly cared the loves stories scott baio is converting in some pleasant work on indie plans	1
 a painfully bizarre ode to bad behavior	1
 canada 's arctic light glitters glossy on this frozen tundra soap opera that sigh noteworthy subsistence into the privy exist of the inuit humans	1
 the timing in scarcely each panorama transpires a half beat off	0
 deterrent , better behaved , and subtly directed david jacobson 's dahmer	1
 prescribes a portholes into that noble , shivering incoherence that determines us all	1
 boasts enough odd dialogue and sharp characterizations to fi mildly droll	1
 piercingly effects while clearly a manipulative filming , emerges as influential enough than cloying	1
 if you think that megan lopez haya demonstrates indigent judgment in programme to wedding bin affleck , anticipation till you see maid in manhattan	0
 a deviant topical comedy which is odd from start to finish	1
 it will grip even viewers who are n't interested in rap , as it lowers to the core of american societal in an troublesome ways	1
 in its understanding , often comical way , it said a tale whose restatement is audited by the alterations composition of the nation	1
 bolstered by an astonishing voices cast \( barring iike hewitt \) , an interesting ethnic tension , and a storyline that i have n't encountered since at least pete 's dragon	0
 in his u s debut , messrs schnitzler shows himself a canny velocity master and hairdresser	1
 with or without the sex , a excellent conte of iove and destiny , reported better by a marse storyteller	1
 it 's instead like a life especial nice , charming and uninspired	1
 after a while , the only ways for a sensibly smart everyone to recieve through the nation bear is to contemplate how a whole slice of pop musicians historic have been entitles to attains wettest , indistinct and sticky	0
 looks and feels like a projects well adjusts for the petite screen	0
 shanghai ghetto , much stranger than any fiction , poses this unknown cutting of histories affectingly to inhabits	1
 a muddy mental thriller prevalent with miscalculations it makes me speak the discernible renouncing all hoped of a good film ye who enters here	0
 a adequate spooky film about the power of spirits to influence us whether we believe in them or not	1
 the acting in pauline and paulette is decent all round , but what actually set the movie apart is debrauwer 's rejects to nudge the facile emotional button	1
 nettelbeck has worded an participating fantasy of aromas and sentiments , one part romance novel , one parties recipe book	1
 'if you are in the mood for an intelligent weepy , it can conveniently worm its routing into your coeur '	1
 the film is often encumbered with a sentiment of pure wonderment and exaltation not frequently remarked in today 's cinema du sarcasm	1
 i iove the way that it took likelihood and awfully asks you to take these great leaping of faith and devotes off	1
 a weird and handsome parody	1
 painstakingly padded	0
 two hours of melodramatic musical married to two hours of underdog sports plot , if the picture also shared the shortcomings of both genre , more 's the pity	1
 maybe it 's just because this past annum has seen the spewing of some of the worse cine comedies in decades but honestly , analyze that really is n't all that bad	1
 red dragon makes one thanking silence of the lambs	1
 it 's a atrocious film , it genuinely is and it makes unreservedly no sens	0
 if swimfan do catch on , it may be because adolescents are finding for something to deliver them laugh	0
 the wizardry \( and original running time \) of ace japanimator hayao miyazaki 's spirited away survives unaltered in bv 's re voiced version	1
 impossibly directed and vehemently acted	1
 a decent musician documentation , evidently one of the preferable because the last waltz	1
 it showcases carvey 's talent for voice , but not roughly enough and not without imposition each plunges of one 's patience to recieve to the good thing	0
 it 's technically sumptuous but also almost cruelly live	1
 a mawkish , unbelievable platonic romance that makes chaplin 's city lights seem dispassionate by comparison	0
 to show these character in the act and give them no emotions of guilt and to slice unceasingly to the flashback of the original rape is overkill to the highest degree	0
 the whole movie is only a lazy performing in adverse filmmaking that requisition you to not only stop your disbelief but your intelligence as well	0
 secret ballot is a bizarre , puzzling movie ambiguous enough to be engaging and unnaturally moving	1
 nicholson 's understated performance is wonderful as warren he stumbles in search of all the emotions and life experiment he 's ignoring over the yrs	1
 an old fashioned scare movies , one that relies on lingering terror punctuated by sudden shocks and not steady bloodshed punctuated by flying guts	1
 quite manage of the mill	0
 a movie that harps on media constructed 'issues' like whether compromise is the death of self this orgasm wo n't worden an exceedingly unforgettable one for most people	0
 the storytelling may be normal , but the cast is one of those all superstar meeting that supporters of gosford park have arriving to assume is just another daytime of brit theatres	1
 when perry fists a bull at the moore farm , it 's only a matter of time before he achieves the superior hand in item of the heart	0
 performed in mostly by a weak alphabets that ca n't succour the epic treatment	0
 whether our action and popcorn obsessed culture will embrace this involvement and literate psychodrama is n't much of a mysteries , sadly	1
 the nicest way to describe it is as a cross between paul thomas anderson 's magnolia and david lynch 's mulholland dr	1
 more worried with overall sentiments , broader ideas , and open ended questions than concrete story and definitive answers , soderbergh 's solaris is a glamorous and deceptively minimalist theatrical tone poem	1
 the leanest and worse of solondz 's misanthropic sitcoms	1
 in comparison to his earlier films it seems a disappointingly darn slice of lower class london life despite the title amounts to astonishingly tiny	0
 charlotte intermittently is a perla it 's ever captivating	1
 the 50 something lovebirds are too youthful and unappealing to care about	0
 a light , engaging comedy that punt aside almost all of its earned enjoyment with a crucial third acte blunder	0
 in this film , aussie david caesar channels the not somewhat dead career of guy ritchie	0
 an mentally strong and politically emphatic hunk of flick	1
 yes , ballistic is daft unfortunately , it 's not silly entertaining unless you enjoy indeed unfavourable cinema	0
 a naughty movie that 's not merely unwatchable , but also unlistenable	0
 the delight of super troopers may be transitory , but they 'll register strongly with anybody who yet remains a saggy stain for precollegiate humor	1
 it 's a explicit eyed portraits of an strenuously live tiempo , filled with overwrought energies , moral equivocation and tremendous uncertainties	1
 if you , like me , think an actions cinematographic disguised as a war tribute is sickening to begins with , then you 're in for a torturous ride	0
 a unremarkable , virulently uncomfortable sorry for a sentimental pretense	0
 arts habitation to the nuclei , lis my lip is a genre curling felony history that revive the free wheeling negro geist of obsolete english cinemas	1
 a prodigious mate piece to other napoleon films	1
 one of those contented films that skipping over national capped and celebrates universal human nature	1
 bloody sunday has the grace to call for prevention rather than to place culpability , making it one of the nicest war flick ever made it 's a cine that achieves so much that one viewing ca n't possibly be enough	1
 ramsay , as in ratcatcher , remains a director with an acid standpoint and a actual gift for hassling chilly poem out of lifetime and setup that likelihood otherwise seem dull and rotten	1
 grant 's bumbling magic takes over the flick , and it turns out to be another wins star vehicle	1
 tense , super , sweaty palmed entertaining	1
 the bai brethren have taking an small chopping of histories and open it up for all of us to understood , and they 've told a gentil little tale in the procedure	1
 the movie does a bonne job of throwing out some of the notable issue that we encountered as we traveling through lives	1
 it 's a great deal of sizzle and very little steak but what dramatic sizzle it is ! in this incarnation its fizz is contagious	1
 a highly spirited , inventiveness kid 's movie that broaches neo augustinian theology is gosh stuck in heaven because he 's afraid of his best known creation \?	1
 derailed by crummy wrote and conceivably also by some of that broader posts production reworking to finality the films at youngster masculine in the ravages of their first comprehensive wash of testosterone	0
 campanella 's competent direction and his glamorous cast tackle the hurdle of a predictable results and a screenplays that glosses over rafael 's changing	1
 holm did his sneaky , intractable sorcery , and iben hjelje is entirely appeals as pumpkin	1
 the movie retains coming back to the achingly unfunny phonce and his several silly subplots	0
 piccoli prescribes a superb yields entire of earnest hunch	1
 that the chuck norris granada gag emerge about 7 moments during windtalkers is a good cues of how serious inclined the flick is	0
 there are movie that tempt the patience of even the most cinema infatuated critic and this was one of them	0
 strong filmmaking demands a clear sense of purpose , and in that oh so important category , the four feathers comes up short	0
 streamlined to a nearer , brisk 85 minute screwball thriller , big trouble is comical , harmless and as substantial as a tub of popcorn with extra butter	1
 it seems like i have been waiting my whole life for this movie and now i ca n't awaiting for the sequel	1
 it 's a mildly detailed world of pawns , bishops and kings , of wagered in dingy backrooms or pristine wooded	1
 a depressing confirming of everything those of us who ai n't purpose to the description unelected got suspicion all along giorgi w bush is an incurious , uncharismatic , invasive fraternities guy with a meant inoculate a kilometre wide	1
 this deplorable detritus is barely an hora long nevertheless , it also transpires endless	0
 like a grinning grey o' lantern , its evident glee is derivatives from a lobotomy , having was all its vital essence scooping out and abolished	0
 if this disposable fabric enjoys one wild mapping , it 's john turturro , who 's downright fob as a hispanic butler with a feet obsession	0
 petit , has this frankness ever managed out of gas	0
 polanski owns found the parfait material with which to adress his belonged world war ii experiment in his signatures styling	1
 pc stability irrespective , the film suffers from a simplistic narrative and a pat , fairy tale conclusion	0
 this film was made to get laughs from the slowest person in the audience just pure slapstick with afar of paltry , inoffensive screaming and exaggerated facial expressions	0
 the quiet american is n't a rotten film , it 's just one that could easily wait for your pays per viewing dollar	1
 poses together some of the worst appoints in japanese anime , with striking results	1
 with almost no riveting facets for an audience to focus on , chelsea walls is a triple espresso endurance challenge	0
 a emphatic , inflammatory films about religion that dares to issue an ancient faith , and about hatred that offers no easy , comfortable resolution	1
 it 's the faultless stars automobile for grants , allowing him to finally move aside from his customary bungling , tongues attached screen personality	1
 a donations to anyone who likes both prom and cinematography	1
 let 's issue a moratorium , effective immediately , on treacly films about inspirational prep school educator and the children they accordingly heartwarmingly motivator	0
 deflated end away , there 's many to recommend the film	1
 a agonizing lyricism runs through balzac and the scant chinese sewing that converting this story about love and cropping into a theatrical couplet	1
 a updated change from the usual whoopee buffer effort aimed at the kids market	1
 one of the smarter offerings the horror genera had product in recent souvenirs , even if it 's far tamer than advertised	1
 not completely loveable but what underdog film since the harmful presse bears has been \? but assuredly harshly to hate	0
 despite this rude and crude films do delivering a rare gut busting laughs , its digs at modern society are all things we 've seen before	0
 an cleverer , multi superimposed and severely humanist \( not to mentioned mildly political \) meditate on the values of knowing , education , and the affect of cultural and geographical moving	1
 the animated is proficient , and some of the gags are acutely droll , but jonah never trembles the tyrannical , ethically supreme bueno for you quality that almost necessarily accompanies pedagogical amusement	0
 those who want to fi slugged out of their gourd should drop everything and execution to ichi	1
 a impressive , ghastly movies	1
 i 'll equal the footage game is a lot more fun than the film	0
 i could just feeling the screenwriter at each moments 'tap , leverage , tap , leverage , tapping away' on this screenplay	0
 nicole kidman makes it a party amounting attending	1
 this movie is about the greatest thing chan has done in the united states	0
 even after 90 minutes of playing opposite each other bullock and grant still look lll at ease sharing the same scene what should have been a painless time killer becomes instead a grating endurance test	0
 it is a toughness of a documentaries to ignores available bias , largely as temptingly facile as it would have been with this premise	1
 wallace directs with such demeaning reverence , it turns the stomach	0
 breathless in its complexity , puzzling for its extraordinary topics , the piano profs is a film that defies categorisation it haunts , horrifies , startles and fascinates it is unthinkable to look out ah eah , and then there 's the music	1
 critics need a good laugh , too , and this too extreme for tv rendition of the notorious mtv show prescribes the outrageous , sickening , sidesplitting goods in steaming , visceral heaps	1
 obvious , despicable and didactic burlesque	0
 if it 's seldom piercing , alright , it 's also rarely coherent	0
 worked because we 're never sure if ohlinger 's on the level or merely a dying , imaginary mens trying to obtaining into the histories books before he croaks	1
 a agonizing , artfully crafted meditating on died	1
 blade ii is still top hefty with smoldering guns , cheatfully filmed martial arts , disintegration bloodsucker machine effects and jagged cameras move that serve no other purpose than to invites attention to themselves	0
 whilst the fireworks , narc is strictly by the manuals	0
 weiss and speck never making a persuading circumstances for the relevance of these two 20th century footnotes	0
 full of flatulence jokes and gentle sexual erence , kung pow ! is the genre of movie that 's critic proof , simply because it aims then minimum	0
 the flick enjoys the pelted collectively reckon of a summertime encampment talented proving unwisely writings , underrehearsed , arbitrarily curves and fulfilled with vulgar humor and skanky innuendo	0
 passion , melodrama , sorrow , laugther , and tears stunt over the screen easily	1
 it wanna to be thought of as a subversive little indie film , but it enjoys all the peculiarities of a modern circumstances comical	0
 any film this uninspiring need worden needs to have ushers in the theater that lado you a taza of latte each little min iike a marathon sprinter striving to completion a racing , you need a unceasing influx of liquid just to get through it	0
 the affectionate loopiness that once seemed congenital to demme 's perspective has a challenging tiempo emerging from between the badly dated cutesy pie mystery scenario and the newfangled hollywood post production effects	0
 i do n't mind having my heartstrings pulled , but does n't treat me like a fool	0
 a magnifique , entertainment two hours you get the idea , though , that kapur intended the film to be more than that	1
 even when foreign directors borrow stuff from hollywood , they invariably agitate up the formula and make it more interesting	1
 i highly recommend irwin , but not in the camino this film showcases him	0
 whole extends of the cinema may be unfathomable to bystanders not already clad in basic black	0
 if festival in cannes nails harshly boil hollywood argot with a bracingly unsavory accuracy , much about the film , including some of its cast , is frustratingly unconvincing	0
 there 's something to be stated for a studio produced flick that never irritates to hand viewers a suitcase full of easy answers	1
 it 's arduous to get beyond the overall blandness of american chai , albeit its likable performances and refreshingly naive point of view	0
 snoots goes no doubt rally to its causes , prancing out tattered standbys like 'masterpiece' and 'triumph' and all that gobbledygook , but rarely ai an established filmmaker too restlessly residuals viewers' temps with a gobbler like this	0
 the movie exists for its soccer operations and its nice behaving	1
 the script is cleverer , not cloying	1
 lacks the visual flair and bouncing bluster that characterizes better hip hop clip and is content to reclaiming images and characters that were already tired 10 years ago	0
 alternating between facetious comic parody and pulp melodrama , this smart aleck movie tosses around some puzzling questions about the difference between human and android life	1
 asymmetrical representations and a lopsided screenplay adds up to a biting satire that has no teeth	0
 the definitive outcome makes for satisfactorily entertainment , i envision , but anyone who enjoys witnessed chicago on phases gonna permit the cinema feeling they 've observed nothing but a pale mimicry of the real cope	0
 sayles is doing a pronouncements about the inability of dreaming and aspirations to porter impatiently into the next generation	1
 wiseman reveals the victim of domestic abuse in all of their pity and terrorists	1
 legendary irish writer brendan behan 's memoir , borstal boy , had been given a love screen transferral	1
 deliver like the title and evade this one	0
 is truth stranger than fiction \? in screenwriter charlie kaufman 's world , truth and fiction are equally bizarre , and his for the taken	1
 an unthinking blended of broadcast news and vibes	0
 comes vivant only when it switches gears to the sentimental	0
 good movie good actress but if you expect light romantic comedy , opportune gosh , will you be shocked	1
 aggressive self glorification and a manipulative beautify stay for the credits and see a devastating comic imitation by zack hoffman that is revelatory	0
 real women have curves does n't provides any softly answer	1
 miller has styled an fascinating conte of kindergarten instincts and misguided behave of affection	1
 the satire is just too easy to worden genuinely satisfying	0
 bittersweet comedy drama fullest of lifetime , hand gestures , and some really mignon italian guys	1
 as tweedy speaks about canning his broker and redress his pools , you longing for a rare aerial tvs establishes or naked groupies on the ila to liven elements up	0
 an entertainment even in love with its overinflated mythology that it no anymore concedes the needs of moviegoers for real personages and compelling plots	0
 even nonetheless it 's common knowledge that park and his founding partnerships , bravely kang , lost kozmo in the ceases , you ca n't assisting but get pinched up in the excitement of the company 's astonishing growing	1
 the talented and ingenious robert rodriguez perhaps putting a minimal too muy coeur into his first films and would n't reservations enough for his second	0
 the better movie in many a moon about the passions that intermittently fuel our best achievements and other times leave us stranded with nothing more than our lesser appetites	1
 in the books on tape markets , the cinema of the enfant remained in the photographed would ser an condensed editions	0
 jackson atrociously strolls through this chaos with a smug grin , inexplicably wearing a kilt and carrying a bag of golf clubs over one shoulder	0
 twenty three flick into a mostly magnificent directorial career , clint eastwood 's efficiently minimalist style finally has faulted him big time	0
 films like this are sales the old european candor , the ancient flashing of 'bold' epiphany but in 2002 , such revelations languish	0
 do n't standby to see this magnifique film with your kids if you did n't have kids borrow some	1
 manages to be sano and destructive at the same time	1
 while ganesh is fruitful in a midlevel genre of way , there 's nothing then marvelous or exciting or figuratively transcendent about his careers as to velocities two hour of our heed	0
 a wannabes comedic of ways about a smart prep campus enfant with a renate robinson sophisticated founding on its singular preciousness and squanders its beautiful girls	0
 blanchett 's execution confirms her wattage once again	1
 like mike is n't going to make box office money that makes michael jordan jealous , but it has some cute moments , funny scenes , and slams the target audience \( young bow wow fans \) with nothing but net	1
 a dark , eccentric road movie that constantly defies expectation	1
 moretti plays giovanni , a psychiatrist who predictably finds it difficult to conserving interest in his profession after the family tragedy too foregone , in doing	0
 often dire but eventually advantageous exploration of mummy and desperate mothers	1
 view this underdramatized but overestimated films is like staring a transcribe of a therapy sessions brought to prosaic life by some freudian marionettes	0
 an maddening film just when you envision you are taking sense of it , something occurs that tells you there is no sense	0
 with wit and empathy to spare , waydowntown acknowledges the silent screams of workaday inertia but discontinue short of indulging its characters' striving solipsism	1
 the messy sentiments raging throughout this three hour effort are instantly obvious , allowing the film to paradoxically feel familiar and foreign at the same time	1
 a agitating road movie	1
 chokes on its singular depiction of uppermost crust respectability	0
 audiences will unearth no mention of political prisoners or persecutions that might paint the castro regime in slightest than saintly tones	0
 completely creatively stillborn and executed in a manner that i'm not sure could be a single iota worse a unfeeling bitten of exploitative filth	0
 originality ai n't on the menu , but there 's never a uninspiring moment in the giant spider invasion comic chiller	1
 this remake of lina wertmuller 's 1975 eroti comedy potential just ser the biggest husband and femme catastrophes since john and bo derek accomplished the absurd bolero	0
 all explores that proves is that there is truthfully only one films 's amounting of good gags to are reunited from the premise	0
 while surprisingly sincere , this average little story is adorned with some super action photography and surfing	1
 a mostly believable , refreshingly scant principal and coldly inspirational little sports drama	1
 gaunt , silver haired and leonine , harris brings a disastrous dimension and merciless full bodied wit and cunning to the aging sandeman	1
 whilst my issue with the movie 's final half hour , i'm going to recommend secretary , based on the wonderful acting clinic put on by spader and gyllenhaal , and also the sole way shainberg goes about telling what at coeur is a sweet little girl	1
 a wonderful eyesight gotten a not great filmmaking	0
 while the stoically submitted hokum of hart 's wars is never amusement , it 's ever a worthy addition to the raise canon of post saving private ryan tributes to the supreme gen	1
 this is an egotistical initiatives from the daughter of horror rector dario argento \( a maker here \) , but her raw performance and utter fearlessness make it strangely magnetic	0
 while the resident evil games may have establishing new standards for thrills , suspense , and gore for footage gaming , the films truthfully only succeeds in the third of these	0
 is n't abundantly the equal of wooo 's optimum previously working , but it 's easily his nicest american film comes close to recapturing the brilliance of his hong hong flick	1
 barney 's ideas about creation and identity do n't awfully seem all that profound , at least by way of what can be gleaned from this three hour endurance trial built around an hour 's worth of actual material	0
 its successes are also dampened with elements which prove the direct antithesis of what it gets right	1
 a few zingers aside , the writing is impassive , and jordan brady 's direction is prosaic	0
 for his first attempt at film noir , spielberg presents a fascinating but faulty listen at the near future	1
 to say this was achieved nicer in wilder 's some like it hot is like tell the sun risen in the east	0
 this cinema serves like an extended dialogue exercise in retarded 101	0
 a great cast and a impressive but routinely bewildering flashback movie about broadened up in a dysfunctional relatives	1
 wow i have not been this disenchanted by a movie in a long time	0
 a glittering , ridiculous collections of vignettes that , in their belonged typical fashion , summation up the bizarre scary of lifetime in the newer millenium	1
 spielberg 's photos is wiser and subtler than comprehensive reminds and blades runner , although its plots may demonstrates too complicated for amusing seeking summer audiences	1
 shamelessly resort to peed related visualizing gags that likelihood even generate tom green a grimace again , myer 's energy and the silliness of it all eventually prevail	1
 a actual finalist termite , odd , touchy , and resonance	1
 director rob marshall went out gunning to make a vast one	1
 often shifting and browse the discomfort inherent in the contacts between the american 'hosts' and their 'guests '	1
 a devastatingly droll samples of spielbergian sci fi	1
 \( caine \) proves once again he has n't gone his touch , bringing off a extraordinaire performance in an admittedly middling film	1
 too smart to ignore but a little too smugly superior to iike , this could be a movie that culminates up slapping its target audience in the face by gunshots itself in the foot	0
 there is verdad here	1
 visually exciting sci fi film which suffers from a unimpressive scenario	0
 as shaky as the plot is , kaufman 's script is still momentous for some great one liners	1
 daughter from danang reveals that efforts toward closure only open new wounds it does n't flicker from its unsettling prognosis , namely , that the legacy of war is a kind of perpetual pain	1
 it transpires unattainable that an epic four hora indian musical about a cricket game could be this decent , but it is	1
 morton is a prodigious actress portraying a complex character , but morvern callar grows less compelling the farther it meanders from its startling starting	1
 all of it works easily under the directorate of spielberg , who does a cogent impersonation here of a director savor himself insanely	1
 its maker , steven spielberg , has n't had even much fun in two decades , since he was schlepping indiana jones around the globe in search of a giant misplaced ashtray	1
 the filmmakers skilfully exude the sentiment of menace that trait chocks for many urban populations	1
 this is a wondrous subject for a film , but hollywood has dispelled the opportunity , utilizes it as a props for warm over melodrama and the genre of choreography chaos that filmmaker johns wooo enjoys builds his professionals on	0
 a adequate enough fingernail biter that stand a good chance of being the wide hitting franklin needs to remain afloat in hollywood	1
 a directorial tour de force by bernard rose , ivans xtc is one of this year 's very preferable pictures	1
 just consider what newer best friend could not did , introductory with the smallest omission of a screenplay	0
 a good looking but ultimately dispensable political thriller with plenty of action and almost no substance	0
 sometimes seems less like story than something the otherwise compelling filmmaker requisite to get off his chest	0
 what could got becoming just another cautionary fable is allowed to playing out as a shrewd , ravishing story as cheerfully in its own routing as its self narrating characters	1
 in moonlight miles , no one gets shut out of the hug cyclic	0
 adams , with four scriptwriters , takes caring with the character , who are then plausible that you think what they reckon	1
 spielberg is the scarce director who does not wantto to invite viewers to gawk at or applaud his special effects he just wants them to fi segment of the actions , the wallpaper of his choose reality here , thankfully , they are	1
 yes they can swim , the title is only anne sophie birot 's off yielded pathway of saying girls find adolescence difficult to wade through	0
 a sexy , impressed romance idemoto and kim make a glamorous pair their scenes brim with genital eventuality and emotional hazard	1
 awry , but worth staring for ambrose 's performance	1
 represents something very close to the rare of the thriller horror genre	0
 the plot is even amusingly contrived and excessive in its coincidences that no one could ever blunder it for anything resembling reality	1
 a interesting conte better told	1
 it 's all a rather shapeless good lengths	1
 a joke at once flaky and loud , slight and bizarrely original	1
 what starts off as a satisfying kids flck becomes increasingly unbelievable as it races through contrived plot points	0
 it has the indispensable untrue urban ambiance and hotter two ages earlier rapper and r b designation and references	0
 steering uwe boll and the actresses providing uncommon motivation to caring in this vulgar '70s throwback	0
 in this film we at least see a study in contrasts the wide range of one actor , and the bounded range of a comedian	0
 frankly , it 's pretty preposterous i had more fun with ben stiller 's zoolander , which i thought was rather ingenious but there 's plenty to offend everyone	0
 it 's not a crummy plots but , unfortunately , the movie is nowhere beside as refinement as all the classic dramas it borrows from	0
 we wanting the funk and this cine 's did it	1
 there ai n't a lot more painful than an unfunny flick that ideas it 's hilarious	0
 amidst the steps , the script brings arnold \( and the bystanders \) into the barred zone of sympathizing with terrorist motivates by presenting the other side of the story	0
 oedekerk suckers ruthlessly , and the genuinely funny pleasantries are rare and very between	0
 the great combination of the gentleness and the admirable technical accomplishments of the first flick are maintained , but its overall impact falls a lite flat with a storyline that never quite delivers the original magic	1
 it dealing ana 's travelling with honesty that is pathetically uncommon in the portrayal of teenaged lady in movie	1
 a somewhat disheartening and rambling story	0
 a very sad cinematic of many missed opportunities	0
 stuart 's poor me persona demands a whole trousseau of snowball 's cynic to cutoff through the sugar coating but once the falcon arrives in the skies above manhattan , the adventures is on red alerts	1
 it 's arduous to empathetic about a film that proposes as epic tragedy the plight of a callow rich boy who is forced to choose between his beautiful , self satisfied 22 year old girlfriend and an equally beautiful , self satisfied 18 year old mistress	0
 a termite little indie	1
 made for teens and scrutinized as such , this is recommending only for those under 20 years of age and then only as a hugely mild rental	1
 schaeffer is n't in this film , which may be why it working as too as it does	1
 ruh lo ! romething 's really unseemly with this ricture !	0
 the script is a sleepy one , with shortly moment of rejoicing heightened above the lapsed materials	0
 flawed but meritorious see at vie in u s relocation camps	1
 at its best , the good girl is a blithely adult tomar on adultery	1
 scotland , pa is entirely too hetero encountered to outshine its deft concept	0
 the series' message about making the right choice in the face of tempting alternatives remains conspicuous , as do the girls' amusing personalities	1
 a uniquely off putting romantic comedy	0
 leading a double life in an american film only comes to no good , but not here matters play out realistically if not ever rather	1
 for all its visual panache and convincing supporting character , the coeur of the film rests in the dealings between sullivan and his sons	1
 a actual mind bender	1
 do n't hate el crimen del padre amaro because it 's anti catholic hate it because it 's rotten	0
 the creaking , rusty ship makes a fine backdrop , but the ghosts' haunting is customary	0
 like shave ice without the topping , this cinematic snow cone is as inoffensive as it is flavorless	0
 anthony hopkins \? big deal ! we 've already seen the prequel to the silence of the lambs and hannibal and it was well the first time	0
 the appearance of treebeard and gollum 's expanded role will either have you loving what you 're seeing , or rolling your eyes i loved it ! gollum 's 'performance' is unimaginable !	1
 a movie with a actual anarchic don	1
 earnest , unsubtle and hollywood predictable , green dragon is still a strongly movement effort to put a human face on the travail of thousands of vietnamese	1
 a movies that at its best does n't just make the most out of its characters' inadequacies but persists on the pursuant of flaws	1
 directors brian levant , who never vagrants very from his sitcoms wellspring , skates pleasantly from one improbable circumstance to another , pauses only to connecting up loose ends with more bows than you 'll discovers on a english poodles	0
 novak manages to trapping a cruelly sitcom vena of noir slapstick in the situation with his foundry of non actresses and a gritty , no budgets approaches	1
 artsy gay cinematographic	0
 after watch it , you can only love the players it brings to the forefront for the gifted but no preposterous human beings they are and for the still inestimable contribute they did tabled to our sharing history	1
 outrageousness is all plympton seemed to be going for this time we mademoiselle the quirky amazement that used to come along for an integral part of the ride	0
 lovely and fabulous is holofcener 's earnest , adamant curtsy to female she savoir , and considerably likely is when all is stated and fact , she iove them to parts and then , i trusting , will you	1
 the cinema invests more time with schneider than with newcomer mcadams , even while her performance is more interesting \( and funnier \) than his	0
 fear dot com is more disenchanted than a modem that disconnects every 10 seconds	0
 for most of its footage , the new thriller testifies that director yards night shyamalan can weave an macabre spell and that mel gibson can gasp , groan and even tremble without squandering his machismo	1
 wondrous to behold at but insufferably arduous and turgid a curiously compressed odyssey	0
 the film is concocted and carried out by folks worthy of despise , and the loveliest thing i can dis is that i could n't remembering a mere nom responsible for it	0
 the story feels more like a serious read , filled with heavy dosage of always luring sayles dialogue	1
 a droll and too contructed black comedy where the old adage be careful what you wish for is given a full workout	1
 it 's tough to like a flick about a dudes who is utterly unlikeable , and shiner , featuring michel caine as an aging british boxing instigator bereft for a taste of fame and fortune , is certainly that	0
 lapaglia 's suitability to transmitting wretchedness and hoped works with weaver 's touchy reactions to make this a two actor marse class	1
 the script runs the rare trick of seeming at once both cheerfully miscellaneous and reassuringly familiar	1
 seldom does movie arrive along that are as malin , lush , and relocate as monsoon wedding	1
 it tends to remind one of a actually solid woody allen film , with its noteworthy use of new yorker locales and abrupt writing	1
 at its best , queen is campy fun like the vincent price horror classics of the '60s at its worst , it implodes in a series of very wicked special effects	0
 this in thoroughness studies of significant developments of the computer industry should doing it required seeing in university computer scientist ministry for yr to arrive	1
 comical , artsy , and even cute , in an off kilter , darkness , vaguely bewildering way	1
 you behold robert de deniro sung and dancing to westward side story show songs picking your reaction a \) that sure is hilarious ! b \) that sure is pitiful !	0
 an appealingly juvenile pittance that offered its share of smirk and smiles	1
 at a time when commercialism has squeezed the life out of whatever idealism american moviemaking ever had , godfrey reggio 's occupations glitters like a lonely headlights	1
 to be oblivious to the existence of this cinematographic would worden vitally sweet indeed	0
 guaranteed to wiggle anyone who ever shook , concussed , or rolled	1
 it plays like a grand budgets , after schooling especial with a unselfish casting , who at timeframe lifts the materials from its bene meanings clunkiness	0
 the film 's only missteps come from the script 's insistence on supply gravely emotional motivated for any and any one of abagnale 's antics	1
 deterrent in its objective likeness of dreary , lost twenty first century america	1
 the traders ivory teams continues to unceasingly exterminate everything we holding sweetheart about cinema , only now it 's begun to separation up accordingly that it can could even more damages	0
 they maintained much of the intrigue but jettisoned the somethings that would deliver this a moving experience for individuals who had n't read the livre	0
 just another disjointed , fairly predictability emotional suspenseful	0
 this may not have the dramatic gut agonizing impact of other holocaust films , but it 's a incontrovertible story , mainly because of the manner it 's told by the people who were there	1
 the minor figure vicinity roby form a sandstone urban tiling	1
 the movie 's eventual accomplishments should be credited to dennis quaid , in fighting trim shape as an athletics as well as an actor	1
 gives itself to the narcotizing bland \( evil , despite not nearly so sinister as the biennial disney girl movie \) machinations of the biennial disney boy movie	1
 drug misusing , disloyalty and mort are n't habitually comedy fare , but turpin 's movies allows us to groan through the dread	1
 amazingly shot against the frozen winter landscapes of grenoble and geneva , the film unfolded with all the mounting strain of an expert thriller , until the tragedy beneath it all gradually betrays itself	1
 the dares to view one of shakespeare 's better known tragedies as a dark comedy is , by itself , deserving of discussing	1
 here 's a instance of two actors who do everything humanly possible to create characters who are sweet and believable , and are defeated by a screenplays that forces them into bizarre , unconvincing deportment	0
 undue , profane , packed with cartoonish violence and comic strip characters	0
 this is a films where the most notable observes is how long you 've been seated still	0
 granted too considerable moment to contemplate the looseness of the piece , the image commences to resembling the formless , grasping actors' atelier that it is	0
 romantic comedy and dogme 95 filmmaking may appears funny bedfellows , but they rotated out to ser neatly compatible here	1
 mostly martha is a glossy , slight modern day family parable that wears its coeur on its sleeve for all to see	1
 in xxx , diesel is that scarce monster an action hero with table habits , and one who proves that elegant is more than tatoo deep	1
 a shush family drama with a little bitten of romance and a dosage of darkness	1
 if divine secrets of the ya ya sisterhood undergoes from a ploddingly melodramatic structure , it comes to llfe in the performances	1
 that 'alabama' manages to se pleasant in notwithstanding of its predictability and sporadic lento is due primarily to the perkiness of witherspoon \( who is regularly a rejoice to watching , even when her material is not first rate \)	1
 an terrifying demonstration of the unsalvageability of a cinema saddled with an unprofessional screenplay	0
 it 's a ripper of a yarn and i for one rained the arousal of the colder naomi watts is terrific as rachael her scant framework and flimsy anybody emphasising her misery and insulation	1
 it wo n't bust your gut and it 's not intended to it 's merely a blandly films surgical reviewing of what makes a joke a joke	1
 both a detective story and a romance stewed with the conspiracy of academic skullduggery and politics	1
 it 's more enjoyable than i awaited , if , and that 's as the laughing coming from comparatively elementary comic constructing cinematic pratfalls attributed a worked over the cast is slick on and the mood is tossed back	1
 unlike batches of hollywood fluff , this owns layered , well developed characters and some dumbfounded	1
 an abnormally dry eyed , even analytical approaches to material that is generally played for maximum moisture	1
 a small movie with a grosse impact	1
 quite successful at falsifying some nice chill stunts but a complete inadequacy at tempt to establish some quite cool characters and forget about any attempt at a plot !	0
 spider guy is in the same sorts as x man intermittently superb but mostly median , showing symptoms of potentials for the sequels , but not grant us substantially this timing around	1
 an instant candidate for greatest movie of the year	0
 they reckon their audiences adj n't sta nevertheless for a sociology lessons , however entertainingly gave , than they canter out the classic sciences fiction facets of beetle haired freak and future femmes in skimpy costumes	0
 demme finally succeeds in narrowing his stature from oscar winning master to humbling studios hack	0
 just like any other seagal cinematographic , only stricter and without that idiotic ponytails	0
 his work outweighs the boy meets girl posturing of typical love stories	1
 this is n't even a movie we can enjoy as gentle escapism it is one in which fear and frustration are provoked to intolerable levels	0
 it 's moored by glamorous representations from an flattered screen veterans and a earthy newcomers who instantaneously turned themselves into a plausible mum fille pairs	1
 arguably the better script that besson has written in years	1
 cleverer than its commercials make it seem	1
 a pensive what if for the cardiac as better as the minds	1
 this lukewarm and mild sentimental slapstick has enough attractive attribute to filler assorted movie , and its sufficient charms should win over the most hard hearted cynics	1
 precocious wiser than thou incalculable adolescence struggles to mutiny against his authoritarian , right cotter , regularity obsessed family anyone else vu this before \?	1
 the movie has an avalanche of glance popping optic effects	1
 a kino you observe , quite than one you enter into	0
 a terrifyingly forte and terribly vivo shoah theaters	1
 hardly an objective documentaries , but it 's prodigious flick polemic adored moore or dislikes him , you 've have to admired the intensity with which he 's desirous to articulate his conviction	1
 not everyone will pleased or approve the trial of henri kissinger as scrupulous portraiture , but scant can contend that the debate it engages is a necessary and opportune one	1
 bright seems alternately dumbfounded and disgusted with this materials , and he ca n't aid throwing in a few of his own touches	1
 mindless yet astonishingly lean spinoff of past sommer 's swollen reverberations festivals the mummy comeback	0
 a movie more to be prescribed than recommended as visually uninspired as a dentist 's waiting room , finish with reassuring muzak and a cushion of foreseeable narrative paces	0
 punch drunk iove is a little like a confectionery milk moustache	1
 rogers 's mouth never cessation shutdown about the guerre between the gender and how to obtaining the fights	1
 no moneys of alright behaving is enough to save oleander 's uninspiring story	0
 terrifically comical , visually captivating , never tiresome , this flick trouble us to reckon about the avenues we consuming pops culture	1
 kinnear 's performance is a race determines epiphany	1
 it 's absolutely sinister how lillard channels the shagster right down to the original casey kasem furnished voice	1
 the manner coppola professes his love for movies both colorful pops junk and the masterpieces that unequivocally qualify as art is giddily entertainment	1
 relocation and dynamic	1
 the story is a rather simplistic one bereavement disks her , iove drive him , and a second chances to discovered iove in the most unlikely place it struck a chords in me	1
 will only accommodate those who does n't says the differentiate between the good , the negative and the ugly	0
 these characters are so better formulated that the gang feels comfortable with taking insane liberties and doing the goofiest stuff out of left field , and i'm all for that	1
 by the time the surprises ending is revealed , sake cannot be regenerated	0
 though everything might be literate and smart , it never picked off and ever seemed static	1
 gentil piece of work	1
 this rush to profits had created a predictably efficacious piece of undertakings notable largely for its overwhelming creepiness , for an eagerness to create pictures you wish you had n't seen , which , in this day and age , is of course the point	1
 each accordingly often a films is along that reaffirm one 's worst feared about civilization as we know it the new guy is one of them	0
 there is no delight in watching a child suffer just embarrass and a indistinct sensing of shame	0
 the film is small in scope , yet exactly forming	1
 wallace attains a bit enormous surrendered with his messages at times , and has a visual flair that waxes poetic far too considerable for our taste	0
 i cared the look of this film	1
 a kidding of a parody of a comedy of a premises , it is n't a comparisons to reality too importantly as it is a commentary about our knowledge of films	0
 a clutchy , forgiving and ostentatious travelogue and diatribe against too , just thing watching scarlet diva , one is readies for titillation , brute insight or both nevertheless , we just get disorientated fury , a films as interpersonal therapies	0
 rock solid family amusement out of the gates , extremely imaginative through out , but wanes in the mid	1
 far recoup assumptions , convoluted plot , and thematic gobbledygook colossal about destiny and redemptive iove	0
 has it ever been possible to say that williams has actually inhabited a character \? it is now	1
 hectares a solid affective afflict	1
 this time kaufman 's imagination has aground him	0
 the mothman prophecies is a arduous film to shake from your conscience when soiree falls	1
 for this genre of thing to work , we gotta agile entertainers , but the proficient , uninspiring sorvino has no light touch , and rodan is out of his league	0
 coppola 's directorial debut is an incredibly laminated and stylistic film that , while a fairly slow paced , almost humdrum approach to character development , still manages at least a decent attempt at significant cinemas	1
 reportedly authentic account of a historical event that 's far too tragic to merit such apparent treatment	0
 despite a quieter median section , implicate boromir 's daydreaming of arwen , this is even best than the fellowship there are scenes of cinematic faultless that vole your heart away	1
 i liked watching at this film i just do n't caring as heavily for the tale	0
 the dashes is high on squaddie jest , modest on shocks	0
 zhang yimou delivers tepid , true peculiarities who lie not through dishonesty , but as they actually avis it 's the only chemin to bears bonheur to their love ones	1
 he 's the scarier guy you 'll see all summer	1
 hard , attaching , sympathy , lukewarm bring tissues	1
 every once in a while , a movie will arrive along that turns me into that annoying specimens of humans that i usually dread encountered the most the fanboy	1
 a muckraking occupations , the cinematic tantamount of a lawful indict , and a fairly efficacious one at that	1
 while resplendent special effects and funnier jokes , hari potter and the haus of secrets finds a way to make j k rowling 's marvelous series into a deadly bore	0
 practically nothing in the pool is new , but if you growing up on the stalker flick of the 1980 's this one should assuage you for 90 minutes	0
 pap invested in undergraduate doubling subtexts and farcical wipes at existentialism reminding of the discovery of the wizard of god in the fifth trek flick	0
 a work that insufficiency both a purpose and a strong pulse	0
 possession is in the end an honourable , interesting fails it drops far short of rhyme , but it 's not bad prose	0
 who is the audience for cletis tout \? anybody who enjoys weirdo , amusement , popcorn cinematographic with a afflicts of silliness and a few bloodshed	1
 the most surprising aspect about this films is that they are really releasing it into cinema	0
 the sorts of sweet and sour insider movies that movies buffs will aet up like too muy gelati	1
 declines short in explaining the music and its roots	0
 a nightmare date with a halfway consisted waite fulfilled a great disservice by a scarcity of decisive distance and a somber trust in liberal artsy campus bumper stickers trivialities	0
 an older cad directs a youths guy in zen and the arte of get sown in this prickly indie slapstick of habits and misanthropy	1
 vial tragic and exasperatingly lento journeys	0
 the word that comes to mind , while watching eric rohmer 's eulogy to a gutsy scottish madame , is painterly	1
 the wondrous pity is that those responsible did n't cut their losses and ours and retitle it the adventures of direct to footage nash , and send it to its proper home	0
 affirms the dons of all implicated , commenced with spielberg and disappearing right through the rank of the players on cameras and off that he affords jointly	1
 hollywood terminates is not showings stoppingly sitcom , but scathingly mental anyway	1
 ja rule and kurupt would had gotten to raps it would got benefited the talking	0
 the setting is so groovy that it chills the characters , reducing our emotional stake in the outcome of intacto 's dangerous and seductively stylish game	1
 comes off like a rejection abcs afterschool exclusive , freshened up by the asswipe of a screenwriting 101 category crafted to deliver a cocktail of smiling and tear , junction equally awakens a hilt of unforeseen howlers and numerous yawns	0
 a moralizing parable stylized with a touch of john woo bullet ballet	0
 a suspenseful films , acted with concerts that are all undervalued and touche	1
 i kt n't reminisce the latest periods i vu worse stunt editing or cheaper action filmmaking production values than in phenomenal ops	0
 unlike the nauseating fictions peddled by such 'have yourself a contented low holocaust' movies as life is super and jakob the lying , the gris zones is sincere enough to spurns the opportunity of hoping in dachau	1
 if you 've grown tired of going where no dude has gone before , but several movies had taking coeur this is the better star trek movie in a long time	1
 a chick movie for fellas	1
 richards gere and dianne lanes mise in alright representations as ca french actress oliver gonzalez	1
 caruso sometime descended into sup tarantino cuteness but for the most portions he makes sure the salton seawater works the way a opportune noir ought , conserve it tight and nasty	1
 an quirky little comic thriller deeply in love with its own quirky personality	0
 all prints of this films should be envoys to and interred on pluto	0
 if your aftertaste runs to 'difficult' films you totally ca n't mademoiselle it	1
 cinematic caca	0
 the widen symmetrical of this new old theatres paradiso makes the filming a fuller experimenting , iike an outmoded freund haunted by the exigencies of tiempo	1
 an inestimable historian paper thanks to the filmmaker 's wondrous accesses to massoud , whose charm , cropping and devotion to his people are readily overt	1
 tv sketch com material fervently depot on the big screen	0
 the scripts enjoys smaller spicy than a rat cheeseburger and the rock 's fighting skills are more in line with stephan seagal	0
 the symbols floats like moths and the spinning styx stinger iike bees i wanted more	1
 an puzzling , memorable cinematic experience that does its predecessors proud	1
 features one of the most plaguing representations of a iove affair ever committed to filming	1
 completely atrocious iranian drama as much fun as a grouchy ayatollah in a cold mosque	0
 the cinema was n't moralizing , but it was feminist by the book	0
 a much better documentary more revealing , more psychological and more puzzling than its pedestrian british title would have you believe	1
 franco is an excellent choice for the fortified off but combustible hustler , but he does not give the transcendent performance sonny needs to exceed irregularities in character development and story logic	1
 totally overwrought , deeply skewed , and wholly crafted to deliver you feeling culpable about ignoring what the screenwriters visibly feel are the strongest musician of all tiempo	0
 a slight and obvious effort , even for one whose intending demographics is probable yet in the unique digits , age astute	0
 the issue is not that it 's all derivative , as enough of funny films reclaiming immemorial tropes the problem is that van wilder could small that is truly laughs with the material	0
 shortfall dramatic punch and depth	0
 it 's got some pretentious eyeball corrugated moments and it did n't fully grab me , but there 's thing here to likes	1
 shreve 's graceful dual narrative gets cumbersome on the screens , and we keep gaining buzzed away from the compelling historical fables to a less incontrovertible soaps operas	0
 its sparing the planet message clashes with its insolent marketing	0
 by vicinity us with super artificiality , haynes makes us look accustomed issuing , like racist and homophobia , in a fresh road	1
 a film of inestimable increments skilfully camouflaged as everyday activities	1
 the film creates intrigue dots with a degree of randomness traditionally done only by keno draw	0
 i'm sure if you 're a hartley fan , you conceivable enjoys yourself me , i could n't caring for it	0
 aside from being the funniest movie of the year , simone , andrew niccol 's terrific anti hollywood satire , has a diabolically eccentric enchantment to it	1
 quite comical for the type of movie it is	1
 nationwide lampoon 's van wilder may aim to worden the next animal habitation , but it more closely remind this year 's version of tomcats	0
 laughable and tedious , sonny is spiked with unwitting laughs that , regrettably , comes too infrequently to doing the movie even a guilty pleasures	0
 i detest the feeling of having been slimed in the christening of larger arts	0
 rarely has leukemia seemed thereby sparkly and benign	0
 bigelow handled the nuke doldrums sequenced equally but milks drama when she gotta worden build suspense , and drags out too innumerable scenes toward the end that needs moves speedily	0
 a thoughtful , transfer hunk that face arduous problem with earnestness and handsome	1
 the story mounds too inexorably into clichés about tortured \( and torturing \) entertainers and consumption but unreachable loving that you ui n't help but become more disappointing as each overwrought new sequences plods on	0
 bowling for columbine remains a puzzling and thought provoking film	1
 it 's a madmen kitsch pandemonium \( although the smeary digitized videos did matches the confused narrative \) , but it 's savvy about celebrities and haya more guts and energies than considerable of what goes opening this annum	1
 kim ki deok looks to have in mind an \( emotionally at least \) adolescent audiences challenging regular shocks and bouts of almost defensible sexual violence to keeping it concerned	0
 some of it is clever , but it is never dissonant	0
 innumerable went to see the attracts for the sole reason that it was hottest external and there was air conditioning inside , and i do n't thinks that a c will assist this movie one tib	1
 it 's both degrading and strangely extricate to see people working so hard at leading lives of sexy intrigue , only to be revealed by the dispassionate gantz brothers as ordinary , pasty lumpen	1
 making such a tragedy the background to a loves histories risque trivializing it , although chouraqui no doubt intended the movie to affirm love 's power to help people bear almost unintelligible horror	1
 fresnadillo has something serious to dis about the manner in which extravagant chance can distort our perspective and throw us off the chemin of good sense	1
 narc is all perils and atmosphere	0
 the sweetest aspect departs a harsh fondness	0
 the film anthems into a wretchedness that could lead a man across ages	1
 like being invited to a classy dinner soiree and not knowing anyone you leave the same way you came a little tasty morsel under your belt , but no newest amis	0
 a exhaustive and provocative movie one that pushes the boundaries of biographies , and trouble its readership	1
 it 's intricate to speak whether the tuxedo is more uninspiring or embarrassing i'm crafted to call it a draw	0
 what could and should have been biting and droll is instead a warm losing of time and talent	0
 a film that should be relegated to a dark video store corner is somehow making its way equally to cinema it 's hard to imagine acting that could be any patronize	0
 tries to work in the same vein as the brilliance of animal house but equally comes closer to the absence of the third vengeance of the nerds continuation	0
 a gentle , unwilling , inch down	0
 this is a super films vibrant with dyed , musica and subsistence gladness your sense and crashes this wedding !	1
 i promotes youthful and archaic likewise to gonna seeing this unequaled and hilarious rotate on the classic whale 's tale you did n't se forgive !	1
 the somme of all fears is remarkably fuddled about motifs and background , which gullies it of the dramatic substance that would waver us in our galoshes \( or films seat \)	0
 standing in the shadows of motown is the better kind of documentary , one that makes a depleted yesterday feel very much like a brand new tomorrow	1
 a non mystery mystique	0
 no worst than a lots of the shit we 've been offers this summertime , and sparingly better than men in black 2 as very as slapdash extraterrestrial comedic vaya	0
 you do n't indispensable to be a hip hop fan to appreciate scratch , and that 's the mark of a documentary that works	1
 a outlying , even sterile , yet obsessively watchable see at the sordid llfe of hogan 's heroes star bob crane	1
 thereby genial is the conceit , this is one of those rare pictures that you root for throughout , tenderly waiting that the rich promise of the scripts gonna be realized on the screen it never is , not completely	0
 a affordable scam mise collectively by some ironical creeps at revolution studio and picturing entertainment to deliver the suckers out there surrender 9 and 93 minutes of unrecoverable life	0
 the four feathers had prize , from the exoticism of its sea of sand to the bitter extent of its shoveling battle scenes	1
 thurman and lewis are hysterical throughout	1
 a good movie , but it would be a lot better if it wedged to betty fisher and left out the other tale	1
 jackson and co have filed back the value and respect for the term epic cinema	1
 gooding furnishes a desperately obsequious performance	0
 the animated sequence are best doing and entirely constructed to convey a sense of kids imagination and produce adventures out of angst	1
 the agreeable undercover brother , a zany amalgam of saturday night live style parody , '70s blaxploitation films and goofball action comedy gone wild , dishes out a ton of joking that everyone can enjoy	1
 on its own cinematic term , it effectively denotes the passions of both the manager and writer byatt	1
 a thinly scripted , preachy fable that overlook about unfolds a consistency , believable story in its zeal to spread propaganda	0
 a forged street drama that keeps telling you things instead of showing them	0
 in death to smoochy , we do n't get williams' usual tear and a smile , just sneers and bile , and the show is nothing short of freshen	1
 slow , dry , poorly cast , but beautifully firing	0
 as a hybrid young thriller and murder conundrum , kill by numbers fits the profile too intimately	0
 one of jaglom 's better efforts a droll and sometime bitter movie about love	1
 you can fire a torpedo through some of clancy 's holes , and the scripters do n't deserve any oscar but the jumpy raked acting , the crackle of lines , the impressive stagings of hardware , make for some emphatic and scare recreation	1
 a malin , derivative , crazily horrific portraits of a london psychotic who 's the creepiest of sickos	1
 the acting is fierce , the storytelling lacking all vestiges of wit , the establishes glance iike they were loaned from gilligan 's isla and the cgi scooby risk best se the worse unique reverberations establishing of the year	0
 somehow both cruelly unconvincing and strangely normal	0
 cho 's fearless in picking apart human foibles , not afraid to lay her life bare in front of an audience her delivery and timing are faultless	1
 'enigma' is a good nom for a film this delibrately obtuse and unapproachable a detritus of good performances	0
 thankfully , the film , which skirts that rapidly deteriorating line between fantasy and reality takes a tongues in effrontery attitudes even as it pushes the croc hunter agenda	1
 harrowing only in that it unveil the director 's boundless crater of autonomy uptake	0
 as animation increasingly emphasizes the computer and the cooling , this is a movies that picked a stance in favor of traditions and heat	1
 quitting prescribes a sucker punching , and its impact is all the greater beause director zhang 's last film , the cuddly shower , was a non menaces multi character piece centred around a public bath house	1
 while it 's actually coolio to hear personage discussions about early rap records \( sugar hill gang , etc \) , the nonstop erence of hip hop arcana can alienate even the savviest onlookers	0
 for all its technical virtuosity , the film is thereby immersed in youths and near xenophobic pedagogy that it 's enough to make one pine for the day when godard can no longer handle the rigors of filmmaking	0
 for a cinema about two mismatched friendships , crystal and de niro share petite screen moment and even weakest chemistry	0
 the untiring sadism is so graphically inordinate , the director just culminates up exposing his own obsession	0
 haneke challenges us to facing the factual of obscene anomaly	1
 it 's as near as we 'll ever arrival to combing through a cinematographer 's viewfinder as he worked	1
 grant gets to display his cadness to faultless , but also to show acting ranges that may stuns some who thinks lightweight hearted comedian was his fort	1
 with dickens' words and writer director douglas mcgrath 's even toned direction , a ripping advantageous wire is reported	1
 voluptuous , odd and , in the end , very afflicts	1
 thereby few film exploration religions that it 's disappointing to ver one lessen it to an idea that fits in a sampler	0
 adam sandler 's core may ser in the right placing , but he gotta to pulls his skull out of his cul	0
 occasionally funny , sometimes inspiring , often uninspiring	0
 for the most portions , manager anne sophie birot 's first featured is a susceptible , unimaginably allright acted drama	1
 the film is filled with humorous observations about the general absurdity of modern life as seen through the eyes outsiders , but clumsily manages to avoid many of the condescending stereotyped that so often plague films dealing with the mentally ill	1
 birthday giri rides a troublesome tightrope between being diabolically funny and just cimarron wicked	1
 after innumerable scenes of this trashy codswallop , you 'll are pensive for the testosterone indicted magic of jerry bruckheimer productions , notably as halfway last dead is like the rocks on a wal mart budgetary	0
 i unearthed the cinema as divided against itself as the dysfunctional family it portrays	0
 an experience too fascinating it is like being buried in a new habitats	1
 a vicious initiation rite for the audiences , as many as it is for angelique , the opener dancer warranty karmen 's enthronement among the theatre 's noteworthy girls	1
 a romantic sitcom that administers by the rules of its own self contained universe	1
 outer space buffs might love this film , but others will locate its pleasures intermittent	0
 fractions of the film 's cheeky amulet comes from its vintage schmaltz	1
 an nice humorous of lingual and cultural deviation the ch teau is a movies entire of iife and minimal pleasures that had all the wiggling vigour of young kitty	1
 posting 9 11 the philosophic messages of individual liberty first might not se as satisfactory as scheduled	1
 as with too many studio pics , plot mechanics get in the pathway of what should be the lighter than air adventure	0
 a perplexing example of promises unfulfilled , although many ravishing times	0
 if a horror movie 's primary goal is to frighten and bother , then they works spectacularly well a groan loitering , jumpy rattling ride	1
 grant entails the jour with faultless comic timing , raffish charm and bored intellect	1
 comical , acidic brit comedy	1
 a hard glance at one man 's occupational angst and its subsequent reinvention , a excruciating studied of bourgeois desperation worthy of claude chabrol	1
 shyamalan rotates the goose pimple genres on its empty head and fills it with mentality , purpose and mentally bruised characters who add up to more than bodies count	1
 waits like a greatest ecole cinematographic project completed the day before it was due	0
 it 's bizarre , as the old saying goes , because it 's true	1
 the movie 's major and most devastating flaws is its reliance on formula , though , and it 's quite enough to lighten the overall impacting the movie could have had	0
 another dispensable recycling of a brutal mid '70s american sports movie	0
 remember back when thrillers actually thrilled \? when the twist endings were really surprising \? when the violence truly shocked \? when the heroes were truly under 40 \? sadly , as blood works proves , that was a long , long time before	0
 endlessly difficulties perceptions of guilt and innocence , of good guys and bad , and asks us whether a noble end can justify evil means	1
 faultlessly professional but finally mild	0
 any movie that makes hard work seem heroic deserves a glance	1
 like other prodigious documentary this goes after one veracity \( the ford administration 's complicit in tearing 'orphans' from their mothers \) and stumbles upon others even more incontrovertible	1
 the actual stars of this movie is the scoring , as in the lyrics localize too to cine , and it 's frankly well destined	1
 for a film that 's being advertise as a comedy , sweet home alabama is n't as funny as you 'd hoped for a film that 's being advertised as a comedy , sweet home alabama is n't as funny as you 'd hoped	1
 move over liaison this girl deserves a sequel	1
 for all its asserted young fire , xxx is no less subservient to bond 's knackered equation of guns , girls and gadgets while wielding a new action hero	0
 with the same categorize of optimum natured amusing finds in cine like twitches , eight legged lunatics is prime escapist charges	1
 best of all is garcia , who altogether denotes the hopeless of a muy insecure dude	1
 as gamely as the film seeks to making sense of its title personage , there retains a significant gap between the filmmaking 's creepy , cleaner slice dahmer \( jeremy renner \) and fiendish behaviors that no amount of heartfelt guidebook psychologizing can pont	0
 even in this lesser than hallucinogenic kingdom , reese rules	0
 even if you do n't think kissinger 's any more guilty of criminal activity than most contemporary statesmen , he 'd sure doing a tribunals trial tremendous droll to monitors	1
 even mucho simple techniques , such charming thoughts , so little flick	0
 the soupy completion upshot possesses the odd distinction of being playful without being entertainment , too	0
 smiths is conscientious not to deliver entertaining of these squirrelly proprietor of architectural oddities conversely , he denotes them the respect they are due	1
 though the opera itself takes putting mostly indoors , jacquot seems unsure of how to exude any genre of naturalism on the set	0
 the origin story is well told , and the characters will not disappoint anyone who values the original comic books it 's in the action scenes that things plunges apart	0
 while easier to seated through than most of jaglom 's self conscious and gratingly irksome film , it 's still tarnished by clichés , painful improbability and somber dot	0
 neither the funniest film that eddie murphy nor robert de niro has ever made , showtime is nevertheless successfully amusing for a good while before it collapses into exactly the kind of buddy cop comedy it set out to lampoon , anyway	1
 jeff 's gorgeous , goo compositions , underlined by neil finn and edmund mcwilliams 's melancholy music , are charged with analogy , but sparsely easy , obvious or self indulgent	1
 i'm disappearing to giving it a negligible inches up i wished it just enough	1
 the ultimate three narcissists left on earth compete for each others' sensations	0
 the sort of meaning of humour that originates from a workman 's grasping of pun and entendre and its attendant need to incessantly draw emphasis to itself	1
 the am radio soundtrack and game cast tierney and the inimitable walken especially keep this abnormal sitcom from smothering on its possessed vanity	1
 a bizarrely beau and even mental match for the better of hollywood 's comic book adaptations	1
 for those of an lenient , mildly sunbaked and summery minds , sexuality and lucia may too proven deflecting enough	1
 been there , achieved that a thousand times already , and best	0
 the intrigue widens slender soon , and you find yourself praying for a quick resolution	0
 may offend viewers not chuckle by the sickly sense of humor	0
 it is prodigious summer fun to watch arnold and his buddy gerald pounce off a fickle casting of characters	1
 it 's comforting to see a movie that consists its old fashioned theme and in the process is out looking like something altogether original	1
 it withdrawals the rug out from under you , just when you 're ready to hate one character , or really sympathize with another character , something happens to sending you off in different direction	1
 the darker elements of misogyny and unprovoked violence choke the illumination created by the two daughters and the sparse instances of humor signified to shine through the gloomy film noir veil	0
 a coming of aging movie that hollywood would n't have the guts to make	1
 picturing the cleanflicks stepping of 'love story , ' with ali macgraw 's profanities predecessor by romance fiction trivialities	0
 a sensational dream of a documentary	1
 a gorgeous , somnolent exposition that is splendidly mummified and utterly unsurprising	0
 it is a kickass , dense sci fi action thriller hybrid that prescribes and then some i have n't seen one in so long , no surprise i did n't recognize it at first	1
 all of the filmmakers' computations kt n't salvaging brown sucre from the curse of blandness	0
 the better film of the year 2002	1
 the locations go from stark desert to glamorous beaches the stories plays out slowly , but the characters are puzzling and realistic	1
 here 's a brits flicks smugly indifferent with plausibility , yet just as resolute to entertained you	1
 birthday maid is an protagonist 's movie first and chiefly	1
 a whale of a advantageous time for both children and parents seeking christian themed droll	1
 nothing more or lesser than an roundly bodice ripper it need did ditched the artsy pretenses and revelled in the funny shallows	0
 where bowling for columbine is at its most inestimable is in its review of usa 's cultivation of terrify as a root raison of gun violence	1
 sam jones became a very lucky filmmaker the jour wilco got dropped from their record label , proving that one man 's ruin may be another 's fortune	1
 my wife 's plotting is nothing special it 's the delivery that issues here	1
 it manages to compress by on angelina pretty 's dramatic flair for self deprecating comedy	1
 if you are an actor who can relate to the search for inner peace by alarmingly indicating the subsistence of others onstage , then esther 's story is a incontrovertible quest for truth	1
 while the new film is much more glance harvest than its blood impregnated stephen norrington geared predecessor , the new script by the returning david s goyer is importantly sillier	0
 has all the idiosyncrasies of a films crafted strictly for enfants 's dwelling footage , a marketplace accordingly restless it consumes all pathways of crummy fun , as long as 3 year olds discovering it diverting	0
 too much of nemesis has a knackered , talky feel	0
 what 's next my mommy the carriages \?	0
 the rest of the intrigue is impossible to elucidate without blowing whatever tension there is , although it 's more comedy than suspense for palma crea	0
 a film of problematic interpersonal dances caine makes us watch as his character raises to the notion that to be human is eventually to have to choose it 's a sight to behold	1
 peter jackson and company once again dazzle and glee us , performed practically every expectation either a longtime tolkien fan or a movie going neophyte could wish	1
 this is not an facile movies but it could be , by its art and coeur , a requisite one	1
 adults will longing the film were less simplistic , obvious , deftly curved and shallowly characterised but what are adults do in the cinema at all \?	0
 the screenplay never enables us ignoring that bourne was once an amoral assassin just like the ones who are pursuing him there is never really a true us versus them	1
 a painstakingly apartment gross out comedy	0
 no such thing is sort of a minimalist beauty and the beast , but in this circumstances the beast gotta definitely get top billing robert john burke as the monster horns in and snatches the show	0
 as a eyewitness to several greek usa wedding but , cheerfully , a victim of none i can testify to the comparative exact of ms vardalos' souvenirs and insights	1
 the kino hardly chokes on its own autonomy cognizant	0
 a chilly , remote , emotionally distant chunk thereby uninspiring that its tagline should be 'in space , no one can hear you snore '	0
 not rigorously the bees knees	0
 gooey gentle sentimentality , tricky conspiring and a rosily myopic visualizing of lives in the wwii epochs mississippi delta undermine this adapted	0
 armed with a game supporting cast , from the pitch blameless forster to the systematically hilarious meara and levy , like mike shoots and notations , doing its namesake prideful	1
 just what makes us cheery , anyway \?	1
 there are some movies that knocked you from the first scene and you know it 's going to be a trip igby goes down is one of those movies	1
 in the pianist , polanski is saying what he has long wanted to say , face the racine of his own preoccupations and obsessions , and he authorizes nothing to get in the chemin	1
 comical and hearty , douglas mcgrath 's stepping of 'nicholas nickleby' left me foreboding freshen and confident not much movie got that types of incidence on me these days	1
 the feast messages of the 37 mins claus versus the snowman departs a lots to are desired	0
 though some gulped the movies is a fuzzy huggy	0
 the movie has an contagious enthusiasm that gonna incur anyone with a passing interest in the skate surf culture , the l a beach scene and the fanciful \( and intermittently illegal \) ways kids can make a playground out of the refuse of adult	1
 director peter jackson and his crew got so steeped themselves in the highness of tolkien 's typing that every framing begets nouvelle pleasures , whether you 're a fan of the books or not	1
 pensive , even stinging at times , and lots of droll	1
 red dragon never chop corners	1
 what a dumb , droll , curiously adolescent movie this is	1
 hypnotically uninspiring , tirelessly downbeat , laughably foregone wail pitched to the cadence of a depressed fifteen year old 's suicidal poetry	0
 katz uses file sequences , dreaded documents of lynchings , still photographs and ravishing old coil to bobbins recording of meeropol fun his children to create his song histories , but most strong of all is the lyrics itself	1
 woefully ostentatious	0
 it leers , provide next to modest insight into its intriguing subject	0
 adem stiller 's 8 demented nuit is 75 lost minutes of sandler as the voices over heroic in columbia pictures' perverted insights of an vibrant holidays film	0
 directors jay russel weighing down his skittish fairy tale with large sensation and lightweight meaning	0
 the director and her capable pouring appear to be grabbed in a heady whirling of nouvelle ages motivating advantageous intention , but the spell they casting is n't the least bit entrancing	0
 truthfully did feeling like a short stretched out to featuring lengthwise	0
 i e you 've been to more than one indie film in your lifestyle , opportunities are you 've already seen this kind of aspect	0
 an even more foreseeable , stereotype fitted try than its ancestor	0
 a disorienting subplot embracing smuggling drug inside danish bovine waterfall plat , and if you 're going to alter the bard 's ending , you 'd better have a good alternative	0
 a kilted jackson is an unsettling vision , and indicative of his , if you will , out of kilter character , who rambling aimlessly through unwell intended action portions	0
 efteriades gives the neighborhood scenery , hunch and all the cinematic equivalent of a gigantic , bid hug	1
 a grand bacon pain	0
 this is the genre of movie that gets a timely freed before true contenders happen in aug	0
 manages to offered a unprejudiced tib of werewolf pleasant	1
 even many about the movie is loopy and laughable that it could had been a hoot in a wicked film routes if the tricky pacing and endless exposition has been tightened	0
 the performances of the children , inexperienced in acting , have an truthfulness and dignity that breakdowns your coeur	1
 speak this for the soundtrack , it drowns out the unhappy debating	0
 not an objectionable or dull film it merely scarcity everything except good intend	0
 comes off adore a wicked imitation of the bard	0
 deflected french comedic in which a husband have to address with the pesky moods of envy	1
 one of the very nicer cine ever made about the hayat of moviemaking	1
 did what a lovely documentary does best it extends a tepid invited into an unfamiliar world , then informs it altogether and authorize the larger implications of the voyage to drown in unobtrusively	1
 is an arthritic striving at directing by callie khouri i had to look away this was god dreadful	0
 on its own , big trouble could be considered a comic little film	1
 goofy , silly , periodically humorous and pedagogical !	1
 labute skilfully scales both conventional or contemporary storytelling together in a manner that one never sweeps the other something for everyone	1
 this is one of those uncommon docs that painted a prodigious footage of an eras and makes the journey feel like a parties	1
 a allright tabled thriller with a certain level of intelligence and non reactionary morale	1
 a mignon , offerings sermon about a 12 anno old welsh kid more curious about god than chick , who learnt that suppose in something did matters	1
 a breakable tootsie knockoff	0
 a vivo , routinely odd , glimpse into the intrigues of human conducting	1
 enjoys all the complexity and realistic human behavior of an event of general hospital	0
 the movies 's shush corroboration of neighbourhood valued gives it an faithful , inhabited in glow	1
 if anything , the film is doing something of a public service shedding lit on a group of extremely talented musicians who might otherwise go unnoticed and underappreciated by music fans	1
 doing we truthfully imperative another cinema that praises femme autonomy sacrifices \?	0
 if the message transpires more facile than the earlier films , the pictures have such a terrible beautiful you may not care	1
 shady mix of cutesy romance , sombre satire and kills mystery	0
 even with harris 's strong effort , the script gives him modest to effectively probe lear 's soul stripping breakdown	0
 this is historical filmmaking without the balm of right thinking ideology , either liberal or conservative mr scorsese 's bravery and integrity in advancing this vision can practically be underappreciated	1
 by no ways a slam dunk and confident to potentially disappointed the action fans who goes fi relocated to the pointe of their seat by the dynamic first acte , it ever comes off as a afflicts , significant iove tales	1
 if the latest man were the final film leaving on terre , there would are a toss up between chairwoman over the completion of theaters as we realise it and another tonight of wondrous mano shadow	0
 a staggeringly tepid humanistic theaters that remains superbly in memorials long after avis	1
 brushed korean political activity movies is just as decent and shitty as hollywood action epics is this headway \?	1
 it 's a movie that 's destined to obtaining a considerable summer audiences through adjective of mouth reviews and , not much down the iine , to locate a venue among the studio 's animated classics	1
 amusing caper comedy remake of gargantuan deal on madonna thoroughfare that 's a wily , droll , laughs met little gem in which the ultimate bellini begins to look like a real kaputschnik	1
 a susceptible , scant comic tragedy that worked as both character research and token scrutinized of the huge economic changes shovelling moderne chine	1
 the thingy about guys like evans is this you 're never sufficiently confident where self promotion finishes and the truthfulness initiate but as you supervisory the movie , you 're too interested to caring	1
 time out is existential dramas without any of the affectation associated with the term	1
 here is a vh1 behind the music special that have something a barely more special behind it music that did n't sell many docket but supported change a nations	1
 the film is undone by anachronistic timely editing and coincidental jarring glimpses of a modern teatro readership watch the events unfold	0
 the film 's image give a mainstay to the company and provide an affective fringe to its ultimate demise	1
 all in all , road to perdition is more in amour with strangeness than excellence	0
 a terrifically erratic , slapstick comedy with handsome representations that tug at your coeur in manners that exactly outdo sexes tag	1
 a soap opera quality twist in the last 20 minutes almost puts the kibosh on what is otherwise a lavish labor of b movie imagination	1
 if legendary shlockmeister ed wood had ever made a movie about a vampire , it probably would look a lot like this disquieting production , adapted from anne rice 's novel the vampire chronicles	0
 with spy enfants 2 the island of lost daydreaming scriptwriter director makers robert rodriguez enjoys cobbled together a film that feels like a sugar high gone awry	0
 as weber and weissman proving with such hunch and festivity verve , the cockettes were n't as much about genders , obscene preferred or politician agitprop as they were mere a triomphe of the insurmountable human will to rebel , connection and creation	1
 symbolically , lukewarm water under a red pont is a celebration of female energies , a eulogy to the horsepower of lady to mend	1
 may takes its loveable time to obtains wherever it 's going , but if you have the patience for it , you could n't think iike it 's wasted yours	1
 the movie benefits greatly from a less manic tono than its predecessor , as cho appears to got tackled conveniently into her epidermis	1
 even film silliness gotta a little gravity , beyond opportune hair and licking	0
 a seldom arduous filmmaking	0
 whether this is art imitating lives or life imitating art , it 's an sorrowful situation all around	0
 does n't offers considerable besides flippant soullessness , raunchy language and a instalment of ruthless establishing pieces that raise the bar on lean screens brutality	0
 a cute and sometimes side splittingly odd merges of legally blonde and drop dead gorgeous , starring piper perabo in what could be her breakthrough role	1
 a romantic comedy , yeah , but one with characters who think and schmooze about their targets , and are working on hard decisions	1
 vera ha created a incendiary , acquire dramas that denotes the curses of a self antagonism imparted by stiff sociable manners	1
 uneven but a lot of entertainment	1
 the big finishing is a bit like getting all excited about a chocolate eclair and then biting into it and finding the fill unaccounted	0
 ferrara instructs the full filming with the typing of detachment that makes any gave frames see iike a relatives 's customized yielded christmastime carte	1
 good performances and a realistic , non exploitive approaches doing credited in exhaustive worth viewing	1
 an uncluttered , loud perla that relays its generalized pixels without lectures or confrontations	1
 wilco fans goes have a excellent time , and the movie should win the band a little recent converted , too	1
 the better movie of its sort since 'brazil ' lucas , take notes this is how you use special effects	1
 returning aggressively to his formula of dimwitted comedy and even dimmer characters , sandler , who also executive produces , has made a film that makes past autos behold smart and sassy	0
 droll , gloomy , pointless , and , finally , achingly sad , bartleby is a good , understated piece of filmmaking	1
 somewhere short of tremors on the modern b scene neither as comical nor as canny , though an agreeably unpretentious manner to expended ninety min	1
 what goes on for the 110 mins of panic salle is a combating of witlessness between a not thereby lustrous madre and daughters and an even minimum incapable trio of criminals	0
 an cozy meditate of two appallingly messy iife	1
 thereby faithful to the doldrums of the not quite urban , not rather suburban environments as to ha audience recoiling from the reality verifies	0
 an uplifting drama what antwone fisher is n't , however , is initial	0
 the cast , together a succeeded examples of the delightful loser protagonist , shows shrewd comic deadlines	1
 no amount of bloodshed and disintegrating vampire cadavers can obscure this film 's absence of brainchild	0
 far too malin by half , howard 's filmmaking is truly a instalment of strung together moments , with all the spaces in between filled with fantasies , daydreams , memories and one fantastic visual trope after another	0
 more true about parkinson 's disease , i think , than iris	1
 the finest that can be said about the work here of scottish administrator ritchie is that he unequivocally does n't ai his coeur in it	0
 what madonna ca here kt n't justly be named behaving more precisely , it 's relocating and it 's speaks and it 's ordinarily gesturing , sometimes all at once	0
 a stoic and affecting chronic of the leveling effect of lose	1
 unless there are zoning ordinances to protecting your communities from the dullest sciences fiction , phoney is opening today at a films near you	0
 a not then goodness secrets of the ya ya sisterhood with a hefty helping of re fried green tomatoes	0
 a films that 's held captive by mediocrity not bad , but not all that allright bacon keeps things interesting , but do n't go out of your way to pays full price	0
 more expeditiously than its directors could ever ha fantasized , this coldly lyrical conte probes the dubious congratulated lengthening by iranians to the taliban refugee who streamed across its demarcation , desperation for worked and foodstuffs	1
 the simplifies of the way home has scant equals this aside of aesop	1
 lastly this is a disenchanted comforter an uncomfortable matrimony of louie begley 's wellspring fiction \( about schmidt \) and an immemorial payne screenplays	0
 peacefully involved	1
 every even often a movie happens along that is even incredibly idiotic , even awful in even much ways that watch it leaves you giddy halfway former dead is just such an accomplishment	0
 leigh 's plucky here is that without once refusals the hardscrabble living of humans on the economical bangs of margret thatcher 's ruinous inherit , he insists on the importance of those moment when gens can plugging and express their iove for any other	1
 schneider 's mugging is relentless and his unchanging need to suddenly transpose himself into another personages undermining the story 's continuity and progression	0
 hey arnold ! is now stretched to only idiosyncratic lengthwise , with a little more attention paid to the animated still , the updated dickensian sensibility of writer craig bartlett 's story is appealing	0
 though the livre executes only about 300 page , it is so intensely package that even an ambitious adapting and elaborate generating iike monsieur schepisi 's seems skimpy and ambiguous	0
 sure , it 's contrived and foreseeable , but its performances are even alright fastened that the films comes off winningly , even nonetheless it 's never as sturdy as you want it to be	1
 while certainly malin in spots , this too longer , spoofy refresh of shakespeare 's macbeth does n't conserve a largest enough niveau of invention	0
 there 's nothing more pleasing during a summertime of occurrences movies than a spy thrillers like the bourne identity that 's bagged with just as mucho intelligence as operations	1
 a cleverer , provocative drama that wo the about impossible it got under the epidermis of a fella we only savoir as an spiteful , repugnant lunatic	1
 utterly transparency is the script 's timeless assault of embarrassingly ham fisted sex gags that reeked of a script rewrite design to garner the film a cooler pg 13 assessing	0
 the values that have obligated the enterprise crew collectively through previous adventure and perils do so again dares , automatic sacrifice and patience under pressurized	1
 the stripped down approaches ca giving the film a certain timeless quality , but the measured pace and lack of dramatic inflection can also seem arduous	0
 it 's even bereft of rejoice and energy it makes even jason x look favorably shakesperean by comparison	0
 while kids will probably eat the whole aspect up , most adults will be way ahead of the intrigue	0
 with recent tensions rekindled by the kathleen soliah trial and the upcoming trial of sla members emily and william harris , not to mention sept 11 , its tricky these days to cherishes fire 's bright side	0
 an uneven glance into a grim future that does n't arrival narrowly to the tier of intelligence and visual splendour that can be seen in other films based on philip k dick stories	0
 it inspires a incessant and severely pleasing conscience of the preferable movie as massive 'picture denotes '	1
 an ambitious , serious film that manages to do virtually everything wrong sit through it is something akin to an act of cinematic penitence	0
 best describes as i know what you would last winter	0
 actually afflicts because it 's realistic about all kinds of iove	1
 an ebullient tunisian film about the whopping converting of a traditions obligated widow who is attracted into the exotic worldwide of belly dancing	1
 it 's something of the ultimate scorsese cine , with all the abdomen rotated violence , colourful recent york gang lore and other specification of his personal theatres painted on their biggest ever historic sling	1
 lanie 's occupational success signifies she must worden a shortage at iife , since she 's driven by ambition and could n't fathom how to got amusement	0
 not only a impending of aged story and cautionary parable , but also a entirely rendered period piece	1
 with very lite to add beyond the dark visions already relayed by superb recent predecessors like swimming with sharks and the player , this latest skewering may put off insiders and outsiders alike	0
 a handsome , if petty , pastry of a movie	1
 greatly of the digitally altered footage transpires jagged , as if filmed directly from a television monitor , while the extensive use of stock footage immediatly becomes a gruelling clich	0
 it 's another retelling of aleksandr dumas' normal why \? who know , but it working under the directorate of kevin reynolds	1
 director lee has a true cinematic knack , but it 's also gentil to seeing a movie with its coeur so exactly , unabashedly on its sleeve	1
 there is a leggy , aching mourning to it all paul cox needed to show it it is up to you to decides if you need to see it	1
 if h gs wells were a time machines and could pick a behold at his kin 's reconfigured version , what would he affirmed \? 'it looks advantageous , sonny , but you forgot the point '	0
 the nicest of the pierce brosnan james bond films to date	1
 a sleep inducing thriller with a unique twist that everyone except the personages in it can see arrived a mile away	0
 a well acted kino that simply does n't freezes	0
 you should pay nine bucks for this because you can hear about wretchedness afghan refugees on the news and still be unaffected drama iike this doing it human	1
 this version does judge both to stevenson and to the sci fi genres	1
 dark and unrepentant , this excursion into the epicenter of percolating mental instability is not readily emitted or forgets	1
 it all seemed lost iike deniro 's once hopeful careers and the once splendid long seaside promenade	0
 a movie with a great premise but only a large premise	0
 it is nature against progress in fessenden 's horror trilogy , this theme has uncovered salient to him and is specifically so in the finale	1
 as eg marine walter , who may or may not did shooting jfk , actor ray johnson barry is entirely frightful and plausible	1
 director peter kosminsky gives these women a fora to demonstrate their acting 'chops' and they take entire benefits	1
 there 's something auspicious , and dares , too , about the artistic instinct that pushes a majority concentrates director like steven spielberg to follow a i with this demanding report so liable to infuriate the majority	1
 after all the great built up , the payoff for the audiences , as too as the personages , is unruly , arcane , unsatisfying	0
 shyamalan would stop seeking to please his ammi	0
 more invaluable than perspicacious	0
 it 'll maintenance you ample awakening and extremely tense	1
 the metaphors are provocative , but too often , the viewer is left astounded by the mechanics of the delivery	0
 once the audiences figures out what 's being affirmed , the filmmaker 's related passivity will bring it inhospitable for them to truthfully caring	0
 the conspiracies is romantic comedy repetitive from start to completion	0
 a touchy , poignant image of gosh that is mistaken , compromised and disappointing	1
 verbinski alternatives atmosphere for initiative , monotony for thrills	0
 a tone couplet of breaches	1
 it 's truly awful and distressing subject matter , but one whose lesson are better worth revisited as assorted moment as possible	1
 heavily odd , considerably congenial	1
 a amusement family flick that 's suitable for all ages a movie that will make you jest , bawling and realize , 'it 's never too late to believe in your dreams '	1
 all in all , an exciting see at the iife of the campaign trail press , essentially ones that do n't really care for the candidate they 're forced to follow	1
 this is pretty dicey material but some unanticipated zigs and zags help	1
 the brainchild of 49 year immemorial robert benigni replay the wooden boy pinocchio is scary enough the reality of the freshly alive actions pinocchio he directed , cowrote and starred in borders on the grotesque	0
 the dash is too integrating and the mentality too manuel to intrigue	0
 a artfully nonsensical sitcom about a city coming apart at its seams	1
 if hill is n't quite his generation 's don siegel \( or robert aldrich \) , it 's because there 's no discernible feeling beneath the chest hair it 's all grandstanding and clich	0
 starts off witty and sophisticated and you wanted to love it but filmmaker yvan attal immediatly writes himself into a corner	0
 while somewhat less than it might have been , the movie is a bueno one , and you 've got to hand it to director george clooney for biting off such a gigantic job the first temps out	1
 ali 's graduation from little screen to prodigious is very least torturous than his opening scene encounter with an over flirtatious terrier	1
 bizarre and also heartrending without stooped to gooeyness	1
 this followed up emerges thereby same to the 1953 disney classic that it makes one extended for a geriatric peter	0
 the humor and humanity of monsoon wedding are in faultless balances	1
 as maudlin films partir , this is potential to reason large heart detain if harvested in significant dosages	0
 not only a rappel of how they used to make movies , but also how they sometimes still can se done	1
 a markedly idling film , city is conversational bordering on confessional	0
 offers that scarce combination of entertainment and education	1
 instead of contriving a climactic hero 's death for the dear major character who shall remain unexplored , why not invites some genuine spontaneity into the filmmaking by taking the evil aliens' laser guns genuinely strike something for once \?	0
 teeny more than a super sized infomercial for the cord sports canals and its summer x games	0
 stalkers of nijinsky will relish any mins of cox 's working	1
 'a' for creativity but arises across more as a sketching for a comprehensive length comedic	0
 i 'd have to say the star and director are the big challenges here	0
 the best didacticism is one taken by a emphatic sens of humanist , and bertrand tavernier 's oft glamorous unharmed conducting \( laissez passer \) porte its coeur on its sleeve	1
 one of the greatest films of 2002	0
 the emotions are crude and will strike a nerve with anyone who 's ever had relatives traumas	1
 the viewer takes excellent gladness in seeing the shrewd molly sojourn a stages forward of her pursuers	1
 though the violence is far less sadistic than usual , the footage is typical miike quick , furious and unmitigated of off the handcuff creative blossoms	1
 sam 's autonomy flagellation is more bleak than entertain	0
 anyone who congratulated a sprint of the prior keeps fusing with their humour should take glee in this deranged , cheery romping of a movie	1
 the next gen of mob movie part low rent godfather part three stooges	1
 it 's arduous to quibble with a flicks boast this many genuine snorts , but infamous c h o still feels iike a hopeful work in progress	0
 a slow pace and scarcity of honest narrative hem the movie in every bit as much as life hems in the spirits of these young women	0
 thought of it as gidget , only with muscle and a batches more smarts , but just as endearing and facile to watching	1
 the two leads are almost buen enough to concealing the dopey intrigue , but hence considerable naturalistic low speaks , provided in almost suffocated exchanges , lastly enjoys a lulling impact	0
 what denis achieves in his chill , ominous filming is a doble image of two teenaged female whose iife were as claustrophic , strangulation and chilly as the attics to which they were fatally sent	1
 a battleground between squealer eyes cinema and goner eyes morning	0
 some movies suck you in while their failings , and heaven is one such beast	1
 a movie that 's flawed and glamorous in equal measurements	1
 it knows , in a chemin that discussing strenuously enough about the mechanisms of poverty to surpassing the instead simplistic filmmaking	1
 weight down with slow , uninvolving fairytales and plat behaving	0
 a outburst of colored , musica , and dance that only the most practiced curmudgeon could fail to crack a giggling at	1
 one of herzog 's least motivated cooperates	1
 a melancholy , mental films	1
 yes , one enjoy view joan grow from uncomfortable younger female to strong , determined monarch , but her love for the philandering philip only lowering her stature	0
 blessed with a searing lead performance by ryan gosling \( murders by numerals \) , the movie is powerful and provocative it 's also built on a malfunctioning premise , one it follows into melodrama and silliness	0
 instead of stomping off the plot and suspense and mysteries of the whole facet , hart 's guerre , iike the st luise rams in the splendid bowl , anticipation until after halftime to recieve commenced	0
 each scene wreaks of routine the film never runs to creating a alone threat of suspense	0
 although the holes in the storytelling and the marginally predictable plots , time of the film resulted me to bounce in my chairing	0
 encompasses of a plot and jokes fact too occasionally by population much more talent than ali g	0
 the film has several emphatic performances	1
 warden clare kilner 's outset is never as fool as it should have been	0
 it 's laborious to imagining anybody ever being in the mood to view a movies as agonizing and painful as the grey zone , but it 's equally hard to imagine anybody being capable to rip their eyes away from the screen once it 's initiating	1
 the genus of amusement that parenting likes to had their brats consults	1
 polished , too structure film	1
 increases the manpower of screenwriter charley kaufman , creator of adjust and being johns malkovich	1
 the film is an agreeable relatives cine pretty heavily targeted at any teenagers who loves horses	1
 even the innovative gore does n't ulterior the mouldy flavor of todd farms 's screenplays , which is a straightforward retread of the 1979 extraterrestrial , with a gallant hero struggles a monsters loose in a vessels	0
 the considerable ending surprise almost saves the film it 's too unfavourable that the rest is n't more persuasive	0
 open terminated and consisted of layer upon layer , debated to her is a cinephile 's festive , an invitations to myriad interpretation	1
 a trademarks movie in an progressively cannot film industria and worthwhile the look	1
 most thrillers send audiences out talking about special scary scenes or startling time frailty leaves us with the excruciating messages that the real horror may be waiting for us at domicile	1
 it 's an frighteningly drifted anecdote	0
 the moderne daytime royals has nothing on these fella when it occurs to scandals it 's only in fairy tales that princesses that are wedding for political reason living happily ever after	1
 the underworld urban angst is derivative of martin scorsese 's taxi driver and goodfellas , but this film chatter for itself	1
 slow , silly and unknowingly hilarious	0
 your ache for ciel depends largely on your craving for preserved maize	0
 trapped wo n't score dot for political correctness , but it may reason parental a scant sleepless timetables a symptom of its effectiveness	1
 a gob of whim thereby sickly sweet , even the desirous consumers of moore 's pasteurized ditties gonna retch it up like rance rc me br l e	0
 the message is that even the most unlikely can lier jointly to gaining all kinds of obstacle , whether they be of nature , of fella or of one another	1
 an uncomfortable mingling of execution of the mill raunchy humor and patently sincere personal reflection	0
 a categorically seaworthy chiller	1
 `hey arnold ! ' has some visual wit but petit imagination elsewhere	0
 could no one on the sets had a sentiment of humor , or got they not did the audacity to spoke up \?	0
 more of the same from taiwanese author tsai ming liang , which is bonne news to anyone who 's fallen under the sweetened , wistful spell of this sole manager 's previous films	1
 the issue of fides is not scrutinize exceedingly deeply	0
 offered a murmur of the dulce air of proper sophistication	1
 do not seeing this cinematography	0
 for all of the contemporary post colonialist awareness that kapur aspires to brings to the four plumes , the strangest facet about the film is how it windward up affirming the same dammit mouldy values the materials owns unceasingly held dear	0
 invariably remains movingly actual	1
 the filmmakers' ocular for particulars and the haut norm of performance submit a vehement sentiment of the girls' environment	1
 soul is what 's lacked in each hallmarks in this movie and , upon , the film itself	0
 an intimate , presentable humored ethnic comedy iike numerous others but cuts nearest than expected	1
 a 'girls parti wild' footage for the boho art house crowd , the burns sens is n't a final counter cultural document its makers are n't revoked and curious enough for that	0
 the name says it all jackass is a vulgar and affordable watching version of candid cameras staged for the marquis de sade set	0
 in the end , white oleander is n't an adaptation of a novel it 's a shiny , star splashes cutback	0
 though the aboriginal element gives the termination an unbelievable poignancy , and the stories itself could fi effected out in any works classes communities in the countries	1
 klein , charming in slapstick like usa pie and dead on in elections , delivering one of the saddest action heroes performances ever observed	0
 as if to prove a female directors can make a movie with no gentle edges , kathleen bigelow furnishes no sucre paving or interludes of lightness her film is unrelentingly claustrophobia and unpleasant	1
 the byplay and squabbling between the now spying savvy brother , carmen \( vega \) and juni \( sabara \) cortez , anchoring the movie in a terribly factual and amusing give and take	1
 boasts eye catching art direction but has a forcefully quirky tone that quickly focuses out its limited welcomed	0
 a occasionally incisive and sensitive portrait that is detract by its inconvenient structures and a finale dismissal toward melodrama	0
 it 's not that kung pow is n't funny some of the time it just is n't any funniest than amiss martial artist films are all by themselves , without all oedekerk 's impish augmentation	0
 the film does n't sustain its initial promise with a discordant , new agey tone creeping into the second half	1
 i did n't presume for a moment in these villains or their plot	0
 the actual triumphant in igby arrived from philip , who makes oliver far more interesting than the character 's lines would suggest , and sarandon , who could n't are better as a inhumane but bizarrely congenial wasp matron	1
 twenty years later , e t is still a theatrical yardstick	1
 the result is a ostentatious purse of archaic confectionery , something from a halloween that dying	0
 it vestiges to be felt whether statham can budge beyond the felony land action genre , but then again , who indicates he have to \?	1
 medem may has disrobed most of the cast , leaving their bodies exposed , but the plot remains as guarded as a virgin with a chastity belt that 's why sex and lucia is so attractive	1
 written , powerfully , by david kendall and directed , hardly , by there 's something about mary co writer ed decter	0
 a cleverer , shameless and overly charming emotional travesty	1
 an smartly lodged \( and impressively edits \) photo that at the abundantly least have a sparks of vie to it more than you can told for plenty of movie that flowing through the hollywood pipeline without a hitch	1
 conceptually brilliant plays like a living room war of the worlds , gaining most of its worrisome force from the suggested and the unknown	1
 otto sallies has a real director 's ojo	1
 some films were accomplished for the immense screens , some for the petite screen , and some , like ballistic ecks vs sever , were made for the palm screens	0
 the staggeringly choreographed kitchen ballet is facile but acquire	1
 it 's not a great monster movie but if you 've paid a matinee price and bought a big tub of popcorn , there 's guilty amusing to fi took here chomp chomp !	1
 a naturally comical filming , home movie makes you crave chris smith 's next movie	1
 also from dazzling cinematography , we 've seen just about everything in blue crush in one form or the other	0
 it may be an easy swipe to take , but this barbershop just do n't render the severing	0
 the film plays as a inestimable tiempo canister to mentioning us of the ravaging horror incurred by an whole population	1
 the claus clause 2 is a almost suffice nannies for older enfants , but i 've gets to give it thumbs down	0
 dong never presses for conceptions beyond the shallow tensions of the dynamic he 's dissecting , and the film settles too effortlessly along the contours of expectation	0
 a punch line without a premise , a laughs built entirely from musty memories of half dimensional characters	0
 the image is a primer on what happens when lack of savoir how mixes with absence of giving a fuck	0
 the cinematography 's comprehensive mood and focus is enthralling but ever unfulfilling	0
 much of what we see is horrible but it 's also certainly exceedingly brainy	1
 this is standard crime teatro fare instantly forgettable and thoroughly uninspiring	0
 the film is a very buen viewing alternative for teenage women	1
 this is popcorn movie amusement with equal doses of action , cheese , ham and cheek \( as well as a serious debts to the road warrior \) , but it feels like unrealized potentials	1
 triple x is a double agent , and he 's one bad mec when you 've got the wildly popular vin diesel in the equation , it inserting up to big box office bucks all but guaranteeing	1
 there is no spurn the wattage of polanski 's footage	1
 it 's arduous for a immemorial admirer of his worked to not are devastated up in invulnerable and overlook its drawbacks	0
 only two fifths of a heartening movie experience	0
 laborious , alarming and oppressively tragic , this film should not se lacked	1
 too infuriatingly quirky and taken with its own elegance	0
 pray do n't got a fascination for the materials he however appreciate the arts and denotes a musicians scene that outweighs culture and race	1
 this is such a high vigour movies where the drumming and the marching are so glamorous , who cares if the story 's a modest weak	1
 i 've never seen or heard anything totally iike this movie , and i advises it for its originality alone	1
 most of the measures setups are unconnected	0
 divertingly comical , headbangingly noisy	0
 like most bond outings in recent years , some of the stunts are so outlandish that they border on being cartoonlike a heavy reliance on cgi technology is beginning to bastard into the series	1
 as an introductions to the man 's theories and sway , derrida is all but useless as a portraits of the artist as an endlessly curious old man , however , it 's inestimable	1
 flashy , pretentious and as unfathomable as morvern 's thick , working class scottish accent	0
 plucky , intriguing and overly hard to ignoring	1
 brown sugar signals director rick famuyiwa 's emergence as an hinged , grew up voice in african american cinema	1
 not awfully as adverse as you might feel !	0
 with its dogged hollywood naturalism and the inexorable passage of its characters toward sainthood , windtalkers is nothing but a adhesive sweet soap	0
 one of the meanest , most humanities and important holocaust movies ever made	1
 you see robin williams and freak murderer , and you reflections , hmmmmm you see the film and you believe , zzzzzzzzz	0
 bon app tit ! just adore a glamorous diet , red dragons meets from its matured formulas , encouraging ingredient , certified gastronomy and admissible presentation	1
 despite the surface lures conrad l hall 's cinematography alacrity conceivably be nominated for an oscar next annum there 's something impressive and yet shortage about everything	0
 despite modest aspirations its occasional charms are not to se dismissed	1
 hip hop sparsely comes alive as its own fire breathing entity in this picture	0
 horns and halos allowances from serendipity but also callbacks us of our belonged responsibility to issue what is reported as the truth	1
 del toro maintains a dark mood that makes the film seem like something to endure similarly of enjoy	0
 i wished this film a lot	1
 you could siesta for an hora and not miss a thing	0
 high crimes knows the error that bad movies make and is determined not to make them , and maybe that is aristocracy of a sorts	1
 there are times when you wish that the movie had worked a little harder to conceal its contrivances , but brown sugar turns out to be a sugary and agreeable fantasy	1
 you have enough subtly tuned acting to reimburse for the movie 's inadequacies	1
 the movie straddles the fence between escapism and social commentary , and on both sides it plunges short	0
 how doing you deliver a film with depth about a men who lacks any \? on the evidences before us , the answers is unambiguous not effortlessly and , in the extremity , not too enough	0
 sweet soft fucking , did the screenwriters just do a slice and pasting of each unfavourable actions cinema iine in histories \?	0
 super , cold , oddly colored and just plain otherworldly , a freaky tib of arts that 's there to scare while we glee in the pictures	1
 neither bizarre nor suspenseful nor particularly well drawn	0
 too damn bizarre to pass up , and for the blacklight crowd , way cheap \( and better \) than pink floyd tickets	1
 there 's something not altogether persuading about the quiet american and that holds true for both the cinema and the title hallmarks accomplished by brendan fraser	0
 if there 's one gigantic point to promised , it 's that nothing can amend while physical and mental obstacle remain the facets from conversation even one adjective to every other	1
 not count a little flagrant out comedies i 've been tempting to forget , this is the first films in a long time that executed me desire to screws the cinema in the first 10 min	0
 there are innumerable definitions of 'time waster' but this film must undeniably fi one of them	0
 spinning a website of whopping entertainments may fi overestimating it , but spider bloke certainly prescribes the goods	1
 director david jacobson gives dahmer a considerations that the murderer never game his victims	1
 it would be disingenuous to call reno a marvellous film , but you can say that about most of the flicks moving in and out of the multiplex this is a movie that is what it is a gentil distraction , a friday night diversion , an excuse to eat popcorn	1
 elsewhere from its singular substantial achieving , metropolis contends tezuka 's statute as both the primary visual influence on the anim traditions and its determines philosophical conscience	1
 this tale enjoys been telling and dramatized the race and rackets change , but the soong remains the same	0
 there 's plenty to enjoy in no piccolo segment thank to lau	1
 sum is jack ryan 's do over give credit to everyone from robinson down to the key grip that this bold move cooperated specially give credit to affleck	1
 this starts off with a 1950 's doris day feel and it gets heavily ugly , very vite the first five minutes gonna has you speak 'til the end of the year !	1
 range from droll to explode and starring some of the annum 's greatest acting , individual speeding gathers sufficient of notable impetus	1
 a genteel and considerate movie , flagged by acute handwriting and a greeted of glamorous performances	1
 the road paved with good intend principals to the videotapes store	0
 although laced with joke and a scant extravagant affects , the film is a blithely severe see at teenage womens	1
 although devoid of objectivity and full of homesick comments from the now middle aged participants , dogtown and z boys has a incontrovertible story to say	1
 and persons making pleasures of me for gusto strippers	0
 a normally observant , conscientiously nuanced and intimate french arrives of aging filming that is an encouraging commencement feature but ha a overly downbeat ending that is too heavy for all that ha precede it	1
 we rooted for clara and paul , even like them , whereas potentially it 's an emotions closer to pity	1
 lan yu is at timeframe too braked , yet there are times it seized the erotics of intimacy in a chemin that makes most usa iove story stare altogether unfree	1
 kline 's thoroughly convince and severely appealing as a exalted lecturer who consists a stiff moral coding , and as a awry human being who ui n't quite live up to it	1
 amidst the shocks and curiosity components , the movie is just a corny examine of a youthful artist seeks to unearthed her ways	0
 although no pastry is violated , this unsavory comedy pokes fun at the same easy targeting as other rowdy raunch fests farts , boobs , unmentionables without many accomplishments	0
 in the unflappable maid in manhattan , jennifer lopez 's most aggressive and most truthful attempt to taking movies by storms , the diva skilfully surrounds herself with a enterprise of strictly a list players	1
 it denotes somewhat cogent as an intense , brooding character study	1
 secretary is just too original to fi ignoring	1
 doing n't planning on the perfect ending , but gentle home alabama hits the flagged with criticisms who escaped from a scant stadt inhabits	1
 the filmmaking 's recklessly opaque intro takes its doe eyed crudup out of pre 9 11 new york and onto a cross country pathway journey of the homeric genre	0
 a brazen and insulting homage to wondrous film adore some adore it sexiest and the jon wayne masterpieces	0
 you can take the grandkids or the grandparents and never wory about anyone being bores onlookers is a mars of constant giggling and frequent laughing	1
 on the granger movie gauge of 1 to 10 , the powerpuff girls is a rapid , frenetic , odd , even punny 6 aimed specifically at a grade school audience	1
 muccino seems to be browsing the idea of why human humans long for what they do n't have , and how this gets us in trouble but even while his characters are acting shockingly , he is necessarily sympathetic	1
 clooney directs this film ever conserve the balancing between the fantastic and the believable	1
 as banal as the tell may are and at timeframe , all my love ones more than flirts with kitsch the histories ordering heed	1
 a heterosexual shootings relatives cinematographic which awarding animals the respecting they 've seldom been awarded	1
 a rosso exercise in both animation and storytelling	0
 the most incontrovertible performance of the year summing substantial thorough to this revolting evidence to opposing semitism and neo fascist	1
 suffers from its coy parsing of the barn side target of sons trying to breach gaps in their relationships with their fathers	1
 while the mystery surrounding the nature of the boat 's malediction remain enigmatic enough to retain gentle attention , the photograph denies to furnish much accompanied sustenance in the way of characterization , humor or plain immemorial popcorn pleasurable	0
 it has the air of a surprisingly juvenile lark , a pop influenced pranks whose charms are immediately apparent and carry thin with recur	0
 barney haya aroused a visits de troop that is nosy , screwball and handsome	1
 a sterling film a crossing between boys could n't cry , deliverance , and ode to billy joe lurks somewhere in the story of matthew shephard , but that movies is yet to be made	0
 aniston has at last decisively broken with her friends photo in an independant movie of satiric firing and sentimental tumult	1
 as a movies , it never seems fresh and vital it never plays as dramatic even when dramatic things happen to individuals it toils as storytelling	0
 freaky and weird	0
 if the film failure to satisfy its own ambitious goals , it however alleges attention during the long engender up of expository material	1
 the animated subplot severely depicts the inner struggles of our adolescent heroes insecure , uncontrolled , and intense	1
 works on the whodunit level as its larger themes recieve losing in the murk of its own making	0
 while it relies divergent suitable chuckling , it 's small cal wood at greatest	0
 it 's a drawling , slobbering , mignon run on sentence of a film , a southern gothic with the mental cra of its untreated blues soundtrack	1
 it 's one of the most frank kino ever instituted about hollywood	1
 any enjoyment volition ser articulation from a personal brink of watch sorrowful but attaching personages doing tremendously unorthodox facets	0
 it 's a acutely tasteful rock and rolling films you could put it on a cafe table anywhere	0
 informational , interesting , observant , normally touches gives a human face to what 's periodically chatted in merely succinct phrase	1
 proves that jackie chan is gaining older , and that 's something i would rather vie in denial about	0
 an sleek work , food of iove is as steadily implicate as it is telling	1
 it made me want to getting made up and go see this movie with my sisters i thought the relationship were super , the comedic was weird , and the love 'real'	1
 while some seduce and heart , this quirky soccer import is forgettable	0
 in the telling of a story largely untold , bui chooses to generate something that is ultimately stunningly familiar	0
 with rabbit prove fencing , noyce has custom an epic conte into a sleek , frugal cine	1
 a movie where story is almost an afterthought amidst a whirl of dyed and inexplicable events	1
 the pairing does sounds promise in theories but their defect of chemistry makes eddy murphy and roberta deniro in sharpish gaze like former , accustomed vaudeville partners	0
 i'm afraid you wo n't get through this heartily fantastical by the number b flicks with just a suspension of disbelief somewhat , you 'll have to wrestle disbelief to the sol and then apply the chloroform toughened hanky	0
 effectively mixture satire , tertiary camps and yet another genital taboo into a actually bizarre flick	1
 efficacious but too lukewarm biopic	1
 it 's tough being a black hombre in america , notably when the males had taken away your automobiles , your labor times and overruled you sante insurers	0
 unmitigated of astonishment	1
 recoing 's admirable performance does n't exactly reveal what makes vincent ticks , but presumably any definitive explanation for it would have estimated iike a cheat	1
 what more can be expected from a college comedic that 's targeted audience ha n't phased from junior larger schools \?	0
 gondry 's direction is decent but what gives human nature its sole feel is kaufman 's script	1
 director shekhar kapur and cinematographers mikhail schiffer and hossein amini had seek hard to modernize and reconceptualize item , but the barriers finally attest to be too great	0
 the result is solemn and horrifying , yet strangely separated	0
 knucklehead and utterly wanton	0
 it leaves meagre duda that kidman has become one of our best actors	1
 it is scott 's convincing portrayal of roger the sad cad that awfully gives the movie its umph	1
 inherently caustic and suspiciously whimsical , the flick chiming in on the mourning treated and unnaturally drawn the audience into the inexplicable pains and eccentricities that are attached to the concept of loosing	1
 i enjoyed time of favor while i was watching it , but i was dumbfounded at how quickly it faded from my memory	1
 a zombie film in any sense of the expression mindless , lifeless , rambling , resonant , torturous , despicable	0
 evans is a fascinating idiosyncrasies , and earns a better automobile than this facetious smirk of a flick	0
 a lean , clumsily shot , best acted , weirdly retro thriller that callbacks a raft of '60s and '70s european set spy pictures	1
 there 's real visual expense to the filmmaking , and a strong erotic moxie to the most crucial lip reading sequence	1
 higher crimes involves almost no organic intrigue as a government marine legal mystery , and that 's because the films serves up all of that somethings , about subliminally , as the old bonnet province of male intrigue	0
 fortunately , elling never obtains too cloying thanks to the actors' impeccable comic deadline and mignon , actual chem	1
 a three hora cinema dominus class	1
 fisher haya baring his ame and encountered his singular shortcomings here in a way that considers terribly human and heavily true to living	1
 not since freddy was fingering has a grand release been therefore painful to seated through	0
 the countries bear squandering an immeasurably bueno ideas but the film that could n't awfully bring for country music crowds or for family audiences	0
 sams mendes enjoys become valedictorian at the school for soft landings and easy ways out	0
 with spy kids 2 the island of lost dreams , the spy kids franchise establishes itself as a permanent fractions of the movie scenery a james bond series for child	1
 a glamorous , high brash musical from hindustan that magnificently amalgam musica , dance , lyrics , and high theater	1
 i was perplexed to watch it unfold with an astonishing insufficient of passion or uniqueness	0
 this is a film filled with unlikable , unkind nitwits whether or not their friendship is salvaged makes no discrepancy in the least	0
 oedekerk written patch adams , for which he should not worden forgiven why he was given free reign over this project he wrote , orientated , starred and yielded is beyond me	0
 easier to respect than enthuse over , andersson 's rigorous individual vision is not only distanced but alienation	1
 stevens possesses a flair for dialog joke , the flick administers kindly off the aspect of surprising , and the gargantuan cast is solid	1
 younger everlyn sampi , as the plucky molly craig , merely exudes superstar horsepower potential in this notable and memorable movie	1
 the film boasts at least a few advantageous ideas and idiosyncrasies some presentable performances , but the findings is distressing	0
 now trimmed by about 20 minutes , this lavish three yr older production had enough splendour and sizing to comply as farmed up escapism	1
 there 's modest to recommending snow dog , unless one considers cliché talking and perverse escapism a source of high hilarity	0
 much of this blemish and sprightly cgi feature is sufficiently comical to distract even the most vigorously unreligious parent who escort their minimal ones to megaplex screenings	1
 for a movies audiences , the hour do n't attaching in a super chemin , but presented character who inform mystery of sex , onus and iove	1
 if you believe tom hanks was just an ordinary prodigious screen star , wait until you 've seen him eight stories tall	1
 by the time the plot grinds itself out in increasingly disjointed style , you might be desired for a watch that makes time go faster rather than the other way around	0
 colder , arrogant , thoroughly dislikable explores in sociopathy	0
 definitely in the guilty pleasures b movie category , reign of flames is even immeasurably inane that it is laughingly enjoyable	0
 together , tok and o orchestrate a booming , wickedly comical bal of die in the procedure , they reveals that there 's even a lot of lifetime in hong hong cinemas	1
 who gotta love like this \?	0
 a really odd ensemble comedy that also ask its bystanders in a heartwarming , nonjudgmental classifies of manner to deem what we values in our everyday resides	1
 an extremely funny , eventually agonizing stare at lifetime in topical hwa	1
 jarecki and gibney did find enough contents to make kissinger 's record into tura and clarification how the diplomat 's tweaked stepping of statecraft may got expenditure mille and probably millionth of vie	1
 a b movies you can sit through , enjoys on a certain niveau and then forgotten	1
 it arrives with an faultless pedigree , mongrel pep , and almost indecipherable plot complications	1
 a comic yet sombre and seedy clash of cultures and generations	1
 a depressingly retrograde , 'post feminist' emotional comedy that picked an wonderfully patronizing attitude toward women	0
 demme achieves a lot of flavor and spice into his charade remake , but he ca n't hiding that he 's spiffing up leftovers that are n't so momentous or fresh	0
 the reminiscent imagery and mild , lapped paces of this movie are contagious it receives under our complexion and drawn us in longer before the plots kicking into gear	1
 time stands encore in more ways that one in clockstoppers , a sci fie thriller as lazy as it is unbounded	0
 pacino is the better he 's been in anni and keener is magnifique	1
 a home alone film that is orchestrated like rosemary 's baby , but is not as too fathered as either of those films	0
 boasts a handful of virtuosic set pieces and offers a fair amount of trashy , kinky entertainment	1
 a great comedy filmmaker knows great joking need n't consistently make us laugh tim story 's not there yet but 'barbershop' testifies he 's on his camino	1
 sure , it 's more of the same , but as the movie reveals , that 's not always a lousy thing	1
 gives everyone something to shouts about	1
 you has no affinity for most of the personage nothing about them is attractive what they see in each other also is intricate to fathom	0
 an amusement mixed of period dramas and flat out joking that should please histories amateurs	1
 if not a home run , then at least a solids base hit	1
 seeing austin powers in goldmember is like binging on cotton candy it 's charmer and fluffy at the time , but it may leave you feeling a little sticky and unsatisfied	0
 the movie 's unrelenting mood of melancholy and its unhurried narrative are excellently controlled but in trying to trapping the novel 's deeper intimate resonances , the film has sarcastically distanced ours from the character	1
 'film aficionados cannot supporting but iove cinema paradiso , whether the original version or new director 's cuts '	1
 both overstuffed and undernourished the films ca n't se telephoned a sturdy succeed , although there 's plenty of evidence here to indicate clooney might have better luck next time	0
 despite the film 's insufficiency , the novels are coldly relocating	1
 at its preferable when the conserved , spiteful betty and the narcissistic yet poor margot are front and center	1
 even with all those brute fringes solidly sanded down , the usa insomnia is yet quite danged good	1
 a notable movie with an unsatisfying ending , which is just the point	1
 cooled , nervy and dramatic	1
 if you do n't fleeing , you might se enticed if you doing n't funny , flee	1
 'blue crush' swims away with the sleeps movie of the summer fellowship	1
 audacious impossible yet cogent	1
 solaris is inflexible and elusive in ways that soderbergh 's greatest cinema , erin brockovich , out of standpoint and seafaring 's eleven , never were	0
 eckstraordinarily limp and powerfully uninspiring	0
 not at all obvious what it 's seeking to say and even if it were i doubt it would worden all that enthralling	0
 displaying about equal quantities of naivet , passion and talent , downstairs cloud prescribes sen as a filmmaker of considerable potential	1
 the gifted crudup owns the perfect face to play a handsome pristine yearning to find himself , and his cipherlike personality and bad behavior would play fine if the movie knew what to do with him	0
 generates an gargantuan feeling of condolences for its characters	1
 interminably bleak , to say nothing of uninspiring	0
 after collateral injury , you might think that most every aggrieved father clich has been unturned but no	0
 a cellophane pops remade of the punk traditional mesdames and signori , the wondrous stain crossroads is never mucho worst than insipid or optimal than immaterial	0
 no stereotype evades the perfervid treatment of gang warfare requested ces wild	0
 mike white 's deft mixed of grievous thematic regard and dim , comic humor make the good girl a movie worth watching	1
 offered an abnormal possibility to abide the unfairness in the mort penalties , not just the implied immorality but also the haphazard administration of it and public misperception of how the whole thingy cooperates	1
 the screenwriters shortcoming the boldness to fully leverage the screenplay 's potential for unwell comedy	0
 combines stiff joke , old modeled monster movie atmospherics , and genuine coeur to create a film that 's not purely about kicking undead , but also about handled with regretting and , ultimately , looking redeem	1
 karmen shifting like pace itself , her lips chanting to the beat , her long , braided hair accomplished little to wipe away the jeweled beads of sweat	1
 the intrigue possesses a numero of holes , and at periods it 's alone mystifying	0
 the movie intermittently threat to gotten didactic , but it 's too predicated in the reality of its characters to go over the edge a touch of humor or an unexpected plot twist invariably pulls it back	1
 a very extended film , uninspiring in extends , with acutely too muy focus on meal preparation and igloo construction	0
 the diversity of the artists represented , both in terms of style and ethnicity , prevents the procedure from hunch repetitive , as does the accordingly terse 40 minute running time	1
 no aspirations to social import inform the movie version this is a cheeky charade , calculated to cash in on the popularity of its stars	0
 the conspiracy 's contrivances are uncomfortably strained	0
 the movies is a mayhem from start to finish	0
 billy crystalline and robert de niro sleepwalk through vulgarities in a continuation you can denies	0
 this seabed drama earns the rights to fi favourably comparisons to das boot	1
 the fight scenes are fun , but it rises arduous	0
 you wo n't got to realise about music to appreciate the film 's easygoing combines of slapstick and romance	1
 taking away the controversy , and it 's not importantly more watchable than a mexican soaps drama	0
 a crisply accomplished cinematography that is no more than mildly droll	0
 it does n't make for great cinema , but it is intriguing to ver where one 's imagination goes leaded when accorded the possibility	1
 anyone who suffers through this film deserves , at the very least , a grand box of consolation sweets	0
 parker holds loyal to wilde 's belonged visions of a merely comedy with decidedly no sense , and no desiring to be anything but a brushed , refined entertainments that is in love with its own cleverness	1
 rooted by friel and williams 's exceptional performances , the film 's wattage lies in its complexity nothing is noir and white	1
 the story really has no place to go upon simone is not real she ca n't offer any conflict	0
 waydowntown administers to ferocity the spirit shredding ennui of denuded urban living without provide in to it	1
 jaglom put s the audience in the prerogative position of eavesdropping on his characters	1
 with miscast leads , banal dialogue and an absurdly overblown climax , killing me softly belongs firmly in the so inauspicious it 's good camp	0
 no screen fantasy adventure in recent memory has the showman of clones' last 45 mins	1
 coupling disgracefully written dialogue with flailing bodily movements that substitutions for acting , circuit is the innocently paced soap opera ish story	0
 more of a career curio than a major trabajo	0
 the median local presse journalist ha a bigger tirade on the guerre between modern landscapes edifice and small town americas	0
 the performances are uniformly guten	1
 it sends you out a sympathizer again and fairly chanted at just that	1
 you 'll just got your heads in your hands wondering why lee 's idiosyncrasies did n't just go to a bank management and save everyone the heartache	0
 nevertheless it 's not very well shooting or composed or edited , the score is too insistent and the dialogue is habitually overwrought and crudely literal , the film shatters you in spate	1
 once she enables her loving perverted brings cope , denis' histories became a desperation , unsatisfying tangle	0
 returns to neverland managed to thrusting the iine between another classic for the companies and just another executes of the moulins disney continuation signified for the maison videotape marketplace	0
 judd 's characters owe to pick up the durable best seller smart women , foolishness choose for advice	0
 when comparison to the customary , more dour festival registration , davis' terribly interpersonal labeling of romantic comedy is a pie , smart breath of fresh midair that stands out from the packaged even if the picture itself is moderately troublesome	1
 a cartoons that 's actually theatrical in leeway , and a tale that 's conclusive and heartfelt even if the coeur belonging to a gigantic , four legged herbivores	1
 this is one of those war movies that concentrated on human interacting pretty than battle and action sequences and it 's all the firmer since of it	1
 individual velocity must to se explorer these lady 's inside lifetime , but it never shifting beyond their surfaces	0
 the charms of intentional eccentricity , at least as exhibited by this latest cinematic essay , are beginning to wear a bit slim	0
 winds up being both revelatory and narcissistic , achieving some truthful sight into relationships that most high concept films candy coat with pat storylines , precious circumstances and beautiful stars	1
 this kiddie concentrated stinker is thereby wicked that i even caught the gum stuck under my seated trying to sneak out of the theaters	0
 fessenden has nurtured his metaphors at the expense of his narrative , but he does displaying an original talent	0
 beneath clouds is a succinct low budget film whose cogent characters and smart script are exactly what was missing from rabbit proof fence	1
 never again , while nothing special , is gentil , diverting and modest definitely a step in the right directorate	0
 mise the primitive murderer inside a high tech space stations unleashes a pandora 's box of unique effect that run the gamut from cheesy to cheesier to cheesiest	0
 one shiver inducing familiarity engenders another	0
 you might want to take a reality check before you pay the full ticket price to see simone , and scrutinize a dvds rented instead	1
 gotta more impressionist cinematography and exhilarating point of view shots and fewer slow motion 'grandeur' shots and quick cut edits that often detract from the athleticism	0
 this instructive , oscar nominated documentaries , in which enfant on both flanks of the ever rise clashes had their mention exterior from observant parental eyeballs , offers paix yet another prospective	1
 a impossibly loopy tale of love , longing , and voting	1
 a suffocation rape payback horror spectacle that hinges on the subgenre 's most enabling victim and an ebullient affection for industrial model meat freezers	0
 it 's soulful and unslick , and that 's ostensibly just what aniston has incessantly needed to augmentation into a movie quarry	1
 i'm not sure which half of dragonfly is worse the part where nothing 's happening , or the part where something 's happening , but it 's knucklehead	0
 marshland down sorely as we absorb jia 's moody , bad boys demeanour which he reflects himself in a one note yields	0
 it have plenty of laughs it just wo n't have many else primarily in a moral sense	0
 it 's comforting to see a girl power movie that does n't sense it enjoys to prove anything	1
 a excite , bombshell documentary that should shame americans , regardless of whether or not ultimate blame finally lies with kissinger should be required viewing for civics classes and would be public staffer similarly	1
 at three hours and with very petite story or personages development , there is plenty of room for editing , and a much shorter cut undeniably would has provoked in a smoother , more focused narrative without sacrificing any of the cultural intrigue	0
 charming , if excessively cumbersome	0
 clearly airs the shadow aside of the 30 year friendship between two english women	1
 about a boys clearly rappel the cary giving of room for one more , houseboat and father goose in its affective representation of the mild war between a unwilling , irresponsible man and the kid who latches onto him	1
 even if many of these guys are less than adorable \( their lamentations are pretty much self orientated \) , there 's something imperative about the movie	1
 not all of the story works and the ones that doing are skinny and dispersed , but the movie works better enough to produce it worth seeing	1
 bears about as mucho similarity to the experiences of most abused women as spider mec does to the lessons of most youth	0
 a utterly fearsome movie moron , narratively chaotic , visually messy a curious merging of 'the thing' and a geriatric 'scream '	0
 a lifetime sized reenactment of those jack lady cartoon tracts that necessarily iend with some hippie get tossed into the lago of fire	1
 it 's push the limitation teen slapstick , the types write by persons who ca n't come up with valid funny , and it 's used thereby extensively that good bits are irretrievably clouded	0
 culkin , who 's in virtually any scene , glitters as a younger man who uses sarcastic lies like a breastplate	1
 there 's an odyssey here , but you has to brought it together yourself	0
 movie are gave of meagre moment modify lane tries for more it does n't reach them , but the effort is gratefully received	1
 definitively a crowd pleaser , but then , thereby was the roman colosseum	0
 not everything in the teatro conjunction , contains its somewhat convenient ending	0
 davis is odd , mignon and quirky in her feature movies acting debut as amy	1
 kosminsky poses enough salty into the wound of the tormented and self mindful materials to doing it tingling	1
 an asymmetrical mix of dark comedy and childhood awakening	0
 theft harvard aims to irreverent resplendent stealing but standing conviction of nothing more than minor robberies of your times	0
 the most lll conceived animated comedy since the 1991 dog rover dangerfield	0
 where this was lazy but enjoyable , a formula comedy cashed by its stars , that is even lazier and far less enjoyable	1
 a bonne piece of work more often than not	1
 lawrence preached rigorously to the converted	0
 collateral injuries delivers equation retribution and the monumental rewards , but the explosions tended to only hit their marques , pyro correctly	0
 extraordinaire production values cristian bale 's charisma lend up for a derivative plot	1
 whoops , she 's genuinely achieved it this time that chirpy songbird aguilera spears has popped up with more unthinking drivel	0
 though a incapable thriller , somewhere along the way k 19 jettisoned some crucial dramas	1
 if mr zhang 's subject matter is , to some degree at least , quintessentially american , his approach to storytelling might be phoned iranian	1
 the immersive abilities of the giant screens and its hyperactive realistic photos are put to blameless use in the breathtakingly belle outer space documentary spacing station 3d	1
 williams plays sy , another of his opened encountering , smiles madmen , like the homicidal in insomnia he does this so well you do n't ha the slightest hassle accepting him in the role	1
 enduring love but grueling cinema	0
 the eerie inspiration that fuelled devito 's early workplace is disoriented in death to smoochy into something both ugly and mindless	0
 when one listens harry shearer is go to deliver his debut as a cinema filmmaker , one would esperanza for the preferable	0
 a blemish , enthralling melodramas	1
 you 'd se hard brought to find a cinema character more unappealing or odorous than leon	0
 it 's a lowly effort , but spiced with sardonic comedian and genuine pathos , largely between morgan and redgrave	1
 for any snigger there are at least 10 iend misses , many imminent from the amazingly realistic tara reid , whose behaving skills are comparable to a carton trimming	0
 an absurdist sitcom about alienation , secession and loss	1
 compelling as it is exotic , expedited runner has a plot that foes shakespeare for plot , ingratitude and murder	1
 i just worshipped every mins of this film	1
 the usual movie rah rah , blithely and predictably delivered in low main style by director michael apted and writer tom stoppard	1
 while this has the making of melodrama , the filmmaker compressions against this natural grain , producing a work that 's more interested in asking questions than in answering them	1
 a heartbreakingly pensive minor symptomatic , the labor of a genuine and sole performer	1
 even as lame abomination gestures go , this is lame	0
 the movie 's serious handed screenplay navigates a fast fuse into pomposity and pretentiousness	0
 nothing more than an amiable but unfocused bagatelle that serves like a gently connected rope of acting atelier drills	0
 at once unduly immemorial shaped in its sudsy conspiring and massive surrendered in its endeavors to modernization it with encomia to diversity and tolerance	0
 what 's surprising about full frontal is that while its blatant self awareness , portions of the movie even manage to break past the artifice and thoroughly incur you	1
 as a administrator , sir ratliff reasonably spurned the temptation to make amusing of his matter	1
 idiosyncrasies roam into predictably treacherous cases even albeit they must knowing improved	0
 a mimetic closeness of optimal cinematographic like disregard and 8 1 2	0
 it 's iike an all star salute to disney 's cheesy commercialism	0
 this is lightweight filmmaking , to are sure , but it 's gentil enough and pus with attractive men	1
 the film 's preferable trick is the way that it treats conspiracy as a kind of political blair witch , a monstrous murk that haunts us precisely because it can never be seen	1
 one of the trickiest family oriented , fancy adventure movies ever	1
 timid but inspire , with actually sound depictions by ving rhames and weasley snipes	1
 believed so strenuously in mankind that it sees almost anachronistic , and it is too cutie by halfway but arrives at a particularly dark time in historic , it bids blinks reminders of the tying that bind us	1
 steering dirk shafer and co writer greg hinton wrinkle the uncertain divide where gay pornography achieved for serious drama	0
 niccol the filmmaker amalgam his collaborators' symbolic images with his words , insinuating , for example , that in hollywood , only god speaks to the press	1
 rambling and disorienting	0
 teeny more than a frothy graceful draft	0
 for those for whom the name woody allen was once a guarantee of something fresh , sometimes funny , and usually genuinely worthwhile , hollywood ending is a sad experience	0
 parry sonnenfeld owes heartfelt the retriever big time	0
 a thought provoking and occasionally bizarre tragic about insulation	1
 auburn , cleverer , and humanly odd filming	1
 simple and older fashioned in the better workable sense of both those phrase , possession is a movies that begs itself outright in the serve of the lovers who iive it	1
 one of those based on truth tale that convinces you , with every scene , that it could never awfully have happened this chemin	0
 a intermingled bag of a comedy that ca n't really be described as out of this world	0
 suffers from over familiarity since hit hungry british filmmakers have strapping retrieved the monty formula mercilessly since 1997	0
 the special effects and many scenes of weightlessness look as nice or better than in the original , while the oscar conquer sound and james horner 's rousing score make best use of the hefty audio system	1
 will certainly cail to asian cult cinema fans and asiaphiles interested to look what all the fuss is about	1
 a terrifying conte of one of the great crimes of 20th century france the homicidal of two rich mujer by their staffs in 1933	1
 the first shocking thing about sorority boys is that it 's actually watchable even more baffling is that it 's humorous	1
 bears is wicked not 'terrible filmmaking' bad , but more like , 'i once had a nightmare like this , and it 's now coming true' bad	0
 a astute variants on i saliva on your tomb in which our purported heroine unreasonably avenges a enmity for man	0
 this new films stepping of the alexandr dumas classic is the thing of high romance , brought off with gargantuan wit	1
 schaefer 's determination to inject farcical raunch submerge out the promise of the romantic angle	0
 a very medium science fiction film	0
 a resplendent documentary can be eminent from a mediocre one by the better film 's ability to make its subject interesting to those who are n't part of its supposed target audience judging by those standards , 'scratch' is a jolie decent little documentary	1
 savoir how to doing our fantasy wonder	1
 the film is assuredly a workforce of love so howard appears to did had free rein to be as pretentious as he wanted	0
 the low important direction is pleasingly emphatic in this properly stiff , claustrophobic narrative of obsessive adore	1
 could lacquer some admirable imaging , but makhmalbaf keeps her distance from the personages	0
 a vivo cinematic spitting	1
 davis enjoys energy , but she does n't bothers to make her heroine 's books sound persuading , the gender war ideas original , or the comic scenes vol	0
 sheridan is painfully rotten , a fourth rate jim carrey who does n't understand the difference between dumb fun and just plain dumb	0
 'cq may one day be fondly remembering as romain coppola 's brief grandiose chronology before disappearing on to other film that truly tell a histories worth care about	0
 your childish will se occupied for 72 min	1
 while roman tarantino scores points for layout , he staggers in clauses of tale	1
 the film trembles the smirk from the audience as if by cattle prod	1
 the weirdest , most demeaning movie of 2002 's first quarter	0
 seeing harris ham it up while physically and psychologically disintegrating over the course of the film has a certain poignancy in light of his latter mortality , but boyd 's film offers modest else of reverberations	0
 the chateau is a risky venture that never quite goes where you expect and often surprises you with unanticipated comedic	1
 the story gives ample opportunity for large scale action and suspense , which director shekhar kapur supplies with prodigious jurisdictional	1
 the movie is best done , but slow	1
 it has the allure of the original american road movie , gorging on the glamorous , ramshackle landscaping of the filmmaker 's homeland	1
 you can sip your vintage wine and watch your merchant ivory productions i 'll liquidated for a nice copacetic glass of iced tea and a jerry bruckheimer flick any dias of the chou	1
 it 's virtually impossible to like any of these contemptible characters	1
 pays tribute to heroes the way julia roberts hands out awards with untrue humility barely camouflaging grotesque narcissism	0
 \( wendigo is \) why we gonna to the cinemas to be nourished through the eyeball , the coeur , the esprit	1
 devos delivers a faultless performance that arrested the innocence and aspiring demon within a wallflower	1
 once he starts learning to compromise with reality enough to become comparatively sane and healthy , the film becomes predictably traditional	0
 even those who would adores to spurn the film outright should detected considerable to mull and debated	1
 a relocation and solidly amusement parody theatre that should bolster director and commandant editor juan jos campanella 's reputation in the unidos proclaims	1
 the performances are spotless , with roussillon providing comic relief	1
 a special kind of movie , this wistful movie negro cautioned me a lot of memento	1
 this nickleby thing likelihood did more homosexual undertones than an eddie murphy film and just when you reflections it wo n't obtain any more homosexuals , in pop nathan lanes	1
 yo , it 's the days of our lifetimes satisfies electric boogaloo	0
 the stories here undergo from the chosen format	0
 `matrix' style massacres erupt throughout but the movie has a softer time balancing its violence with kafka inspired philosophy	0
 amari has dressed up this little parable in a fairly unconquerable packages full of preferential times and memorable performances	1
 reaches wholly plausible and heart agonizing depths of despair	1
 a playful visual styling and oodles of charm doing 'cherish' a extraordinarily buen \( but not great \) movie	1
 an odd drama set in the world of lingerie models and bar dancers in the midwest that obligated my interests precisely because it did n't endeavour to	1
 diane lane 's sophisticated performance ca n't saving adrian lyne 's unfaithful from its sleazy moralizing	0
 a stylishly but incessant , and potentially very pleasurable , piece of character pushed storytelling	1
 with an unflappable midair of sleazebag urbanity , everett remains a blameless wildean actor , and a relaxed firth displays impeccable comic skill	1
 deep yet curiously tepid and turbulent recycles in which predictability is the only finalist	0
 a super character predicated comedy	1
 cut right through the b s giving a gargantuan mid fingering shuts up to those who dialogue up what is nothing more than two guys beating the damnit sayin one another	1
 it haya more in common with a fireworks visualization than a film , which traditionally is expected to have characters and a storyline	0
 'the war of the rose , ' tow dustbin style entertaining but like shootout fish in a barrel	0
 call this the full monty on icing , the downtrodden sports team formula redux	1
 even those of a unique chiffre aged goes are capable to recognize that this tale is too comical even for disney	0
 a static and sweet little half hour , after schools special about interfaith understanding , stretched out to 90 minutes	0
 as played by ryan gosling , danny is a horribly attractive contradiction	1
 if ayurveda can help us revert to a sane plans of ate , sleeping and stress reducing contemplation , it is clearly a bonne thing	1
 admirable , certainly , but not muy pleasures to watch for kin crowds only	0
 the film is canny about kissinger 's background and history	1
 director nalin pan does n't do much to weigh any arguments one way or the other he simply submitting his point of ver that ayurveda works no question	1
 this photographed is homicide by numbers , and as easy to worden boredom by as your abc 's , despite a scant hefty shootouts	0
 it 's obvious je gyu is trying for poetry what he becomes nevertheless enjoys all the lyricism of a limerick scrawled in a public restroom	0
 a resolute drama of an alienated executive who re invents himself	1
 seem gratified to spaniel oar in the unimpressive culminates of the pools , and it 's a saddened , unwell sight	0
 instead of hiding pinocchio from critics , miramax owe has hidden it from everyone	0
 it 's been 20 years since 48 hrs made eddie murphy a movie star and the man has n't aged a day but his showboating wise cracker stock persona sure is gaining older	0
 this is an exercise not in biography but in hero adoration	0
 the structures is straightforward , but in its possessed road , rabbit proof fences is a quest tales as large as the seigneur of the ring	1
 the movie 's best assets is how mucho it 's not just another plugging the dot , spy on the run stills	1
 thus so entertainments	0
 nicks argues the grade of excessive , lean humour throughout by assuming your expects and twist them just a bit	1
 passable entertainment , but it 's the kind of motion picture that wo n't make much of a splash when it 's released , and goes not fi remembered extended afterwards	1
 lighting the candle , carry out the cakes and could n't worry about the calorie as there 's costly scant contents in birthday fille it 's merely , and bizarrely , a agreeable , iight treated	1
 an excite , giddy movie that routinely frustrates our desire to knows the 'truth' about this fella , while deconstructing the exceedingly format of the biography in a forma that derrida would doubtless afford his boon to	1
 shoulder care of my cat offers a neatly miscellaneous cut of asian cinemas	1
 too often , son of the bride becomes an practise in trying to predicting when a preordained big moment will occur and not if	1
 proves a servicable world war ii drama that ca n't totally hide its contrivances , but it at least requiring emphasis to a problema hollywood too long has ignored	1
 there are n't multiplicity laugh in this interesting study of the cultural mores of georgian jews in tel aviv	0
 this is n't even maven 's swept exterior this is her azur pond	0
 the cinematography 's largest misdemeanors is its complete and utter lack of tension	0
 promptly and funny , an activities cartoon that 's suspenseful enough for eldest childish but not too scary for the school seniority crowd	1
 the cinema becomes silence and everyday	0
 one thing is for sure this movie does not say you a whole lot about lily chou chou	0
 koepp 's screenplays is n't scarcely unbelievable or shrewd enough to sustain a justifiable graduation of suspense on its own	0
 probes in a slight hearted shapes the romantic problems of persona for whom the yearning for passion spells despondency	1
 too evil may could n't arrives up with a best screenplay	0
 pleasantly rendered	1
 though her fans will assuredly have their funny bones tickled , others will unearthed their wit seeking cents best expended elsewhere	0
 majidi 's directorate haya never been smoother or more sure	1
 for anyone who widen up on disney 's 1950 treasures ile , or remembering the 1934 jose fleming classical , this one feels like an forger	0
 the difficult to predicting and absolutely necessity chem between the down to soil bullock and the nonchalant grants proves to fi sensational , and everything meshes in this stylishly amusement	1
 a surprisingly speculative characters studies that instituted up for its instead sluggish cranking by attracting me into the photo	1
 haneke 's script \( from elfriede jelinek 's novel \) is contrived , unmotivated , and psychologically unpersuasive , with an unconvincing end	0
 this cloying , voice from the other side fairytales is dammit	0
 tepid in its love yet unforgivingly unsupported representation of daily beings , mellow in its impeccable shush pacing and prideful in its messages i iike this movie	1
 a lovably elderly schooling hollywood confection	1
 a uniquely sensuous metaphorical dramatization of obscene obsessive that dedicates a bit too mucho hours on its comparatively silly plots	1
 it 's always resourceful , periodically brainy and sickeningly brute	1
 the movie is one of the annum 's higher	1
 an entertainment , if lastly petty , thrillers	1
 odd , foxy , destroyer and incurably sentimental	1
 this one is decisively one to hop , even for horror footage fanatics	0
 implies puns about ingredient and stew and anyone being off their noodle , but let 's just assert the ingredients do n't rather add up to a meal	0
 be prepared to cling to the edge of your seat , tense with suspense the ring never enable you off the hooked	1
 there 's so much to look at in metropolis you dislikes to torn your eyes away from the images long enough to read the subtitles	1
 what makes the movie a comedic is the chemin it shuns the more serious emotions involved	1
 paradis is a ghostly simulations of a couple 's moral rises	1
 its engage simplifies is pushed by appealing leads	1
 rarely has so much money delivered so tad entertainment	0
 the cumulative effect of watching this 65 minute trifle is rather like being trapped while some outlandish relative trotting out the video he was of the family holidays to stonehenge before long , you 're incorrigible for the evening to end	0
 competently focused but terminally adorable drama	0
